{"raw": {"precision": 0.84965644549277, "recall": 0.7744438212750047, "f1": 0.8103085725463348, "edit_precision": 0.912950026460982, "edit_recall": 0.8463707061548721, "edit_f1": 0.8784005602332745, "confusion_matrix": {"tp": 8285, "fn": 2413, "fp": 1466}, "ote_precision": 0.8739018087855297, "ote_recall": 0.7991493383742911, "ote_f1": 0.8348555912120464, "ote_edit_precision": 0.850728719277418, "ote_edit_recall": 0.9134338613995121, "ote_edit_f1": 0.8809668990426687, "ote_confusion_matrix": {"tp": 1691, "fn": 425, "fp": 244}, "aope_precision": 0.813510941960038, "aope_recall": 0.746398952422523, "aope_f1": 0.7785112679262464, "aope_edit_precision": 0.8559439857537949, "aope_edit_recall": 0.9150710841355706, "aope_edit_f1": 0.8845205264707043, "aope_confusion_matrix": {"tp": 1710, "fn": 581, "fp": 392}, "aste_precision": 0.7972524869729986, "aste_recall": 0.7346137058053251, "aste_f1": 0.7646524307133121, "aste_edit_precision": 0.8364643305067194, "aste_edit_recall": 0.8942489090895459, "aste_edit_f1": 0.8643919719738711, "aste_confusion_matrix": {"tp": 1683, "fn": 608, "fp": 428}, "uabsa_precision": 0.8775510204081632, "uabsa_recall": 0.7903626428216592, "uabsa_f1": 0.8316779926816518, "uabsa_edit_precision": 0.8322397168976096, "uabsa_edit_recall": 0.911735497307168, "uabsa_edit_f1": 0.8701757754170955, "uabsa_confusion_matrix": {"tp": 1591, "fn": 422, "fp": 222}, "ate_precision": 0.8994413407821229, "ate_recall": 0.8102667337695018, "ate_f1": 0.8525284617421234, "ate_edit_precision": 0.8564297140342553, "ate_edit_recall": 0.9332211528793817, "ate_edit_f1": 0.8931779263399487, "ate_confusion_matrix": {"tp": 1610, "fn": 377, "fp": 180}}, "editdistance": {"precision": 0.8497589990770178, "recall": 0.7745372966909703, "f1": 0.8104063768399432, "edit_precision": 0.9129465821795277, "edit_recall": 0.846350365697186, "edit_f1": 0.8783880113271089, "confusion_matrix": {"tp": 8286, "fn": 2412, "fp": 1465}, "ote_precision": 0.8739018087855297, "ote_recall": 0.7991493383742911, "ote_f1": 0.8348555912120464, "ote_edit_precision": 0.8507084654291869, "ote_edit_recall": 0.9134117130052707, "ote_edit_f1": 0.8809457384760914, "ote_confusion_matrix": {"tp": 1691, "fn": 425, "fp": 244}, "aope_precision": 0.813510941960038, "aope_recall": 0.746398952422523, "aope_f1": 0.7785112679262464, "aope_edit_precision": 0.8557766639490135, "aope_edit_recall": 0.91491800430815, "aope_edit_f1": 0.8843596714326417, "aope_confusion_matrix": {"tp": 1710, "fn": 581, "fp": 392}, "aste_precision": 0.7972524869729986, "aste_recall": 0.7346137058053251, "aste_f1": 0.7646524307133121, "aste_edit_precision": 0.8365117286652906, "aste_edit_recall": 0.8943583575744507, "aste_edit_f1": 0.8644684100655599, "aste_confusion_matrix": {"tp": 1683, "fn": 608, "fp": 428}, "uabsa_precision": 0.8781025923883067, "uabsa_recall": 0.7908594138102335, "uabsa_f1": 0.8322007318348145, "uabsa_edit_precision": 0.832289393996467, "uabsa_edit_recall": 0.9117906545051824, "uabsa_edit_f1": 0.8702280516788363, "uabsa_confusion_matrix": {"tp": 1592, "fn": 421, "fp": 221}, "ate_precision": 0.8994413407821229, "ate_recall": 0.8102667337695018, "ate_f1": 0.8525284617421234, "ate_edit_precision": 0.8564297140342553, "ate_edit_recall": 0.9332211528793817, "ate_edit_f1": 0.8931779263399487, "ate_confusion_matrix": {"tp": 1610, "fn": 377, "fp": 180}}, "cut": {"precision": 0.8497589990770178, "recall": 0.7745372966909703, "f1": 0.8104063768399432, "edit_precision": 0.9128936219896459, "edit_recall": 0.8463733026942044, "edit_f1": 0.8783758496348704, "confusion_matrix": {"tp": 8286, "fn": 2412, "fp": 1465}, "ote_precision": 0.8744186046511628, "ote_recall": 0.7996219281663516, "ote_f1": 0.8353492964700076, "ote_edit_precision": 0.850897501346011, "ote_edit_recall": 0.9136184313515239, "ote_edit_f1": 0.8811432370941716, "ote_confusion_matrix": {"tp": 1692, "fn": 424, "fp": 243}, "aope_precision": 0.813510941960038, "aope_recall": 0.746398952422523, "aope_f1": 0.7785112679262464, "aope_edit_precision": 0.8558002209875946, "aope_edit_recall": 0.9149698955472269, "aope_edit_f1": 0.8843964911025367, "aope_confusion_matrix": {"tp": 1710, "fn": 581, "fp": 392}, "aste_precision": 0.7972524869729986, "aste_recall": 0.7346137058053251, "aste_f1": 0.7646524307133121, "aste_edit_precision": 0.8364643305067194, "aste_edit_recall": 0.894077847454723, "aste_edit_f1": 0.864312049271262, "aste_confusion_matrix": {"tp": 1683, "fn": 608, "fp": 428}, "uabsa_precision": 0.8775510204081632, "uabsa_recall": 0.7903626428216592, "uabsa_f1": 0.8316779926816518, "uabsa_edit_precision": 0.8322397168976096, "uabsa_edit_recall": 0.911735497307168, "uabsa_edit_f1": 0.8701757754170955, "uabsa_confusion_matrix": {"tp": 1591, "fn": 422, "fp": 222}, "ate_precision": 0.8994413407821229, "ate_recall": 0.8102667337695018, "ate_f1": 0.8525284617421234, "ate_edit_precision": 0.8564297140342553, "ate_edit_recall": 0.9330349331400893, "ate_edit_f1": 0.8930926265963658, "ate_confusion_matrix": {"tp": 1610, "fn": 377, "fp": 180}}, "remove": {"precision": 0.8505286931526538, "recall": 0.7744438212750047, "f1": 0.8107050247076668, "edit_precision": 0.9132143097281564, "edit_recall": 0.8461123800887795, "edit_f1": 0.8783836880410455, "confusion_matrix": {"tp": 8285, "fn": 2413, "fp": 1456}, "ote_precision": 0.8743536711478801, "ote_recall": 0.7991493383742911, "ote_f1": 0.8350617283950618, "ote_edit_precision": 0.8506139474707749, "ote_edit_recall": 0.9135737666314367, "ote_edit_f1": 0.8809704111737036, "ote_confusion_matrix": {"tp": 1691, "fn": 425, "fp": 243}, "aope_precision": 0.8150619637750238, "aope_recall": 0.746398952422523, "aope_f1": 0.7792207792207793, "aope_edit_precision": 0.8551968778519572, "aope_edit_recall": 0.915512153583436, "aope_edit_f1": 0.8843272626733003, "aope_confusion_matrix": {"tp": 1710, "fn": 581, "fp": 388}, "aste_precision": 0.7983870967741935, "aste_recall": 0.7346137058053251, "aste_f1": 0.7651739031598089, "aste_edit_precision": 0.8364643305067194, "aste_edit_recall": 0.894757483194218, "aste_edit_f1": 0.864629492561625, "aste_confusion_matrix": {"tp": 1683, "fn": 608, "fp": 425}, "uabsa_precision": 0.8780353200883002, "uabsa_recall": 0.7903626428216592, "uabsa_f1": 0.8318954248366013, "uabsa_edit_precision": 0.831837784006854, "uabsa_edit_recall": 0.9117419738509358, "uabsa_edit_f1": 0.8699589676884238, "uabsa_confusion_matrix": {"tp": 1591, "fn": 422, "fp": 221}, "ate_precision": 0.8999441028507547, "ate_recall": 0.8102667337695018, "ate_f1": 0.8527542372881356, "ate_edit_precision": 0.8564297140342553, "ate_edit_recall": 0.9333701492383604, "ate_edit_f1": 0.8932461627734104, "ate_confusion_matrix": {"tp": 1610, "fn": 377, "fp": 179}}}