{"raw": {"precision": 0.8850119779189668, "recall": 0.7942606094597121, "f1": 0.8371840977388049, "edit_precision": 0.9348612053400228, "edit_recall": 0.8590543417771249, "edit_f1": 0.8953560592046069, "confusion_matrix": {"tp": 8497, "fn": 2201, "fp": 1104}, "ote_precision": 0.9090431125131441, "ote_recall": 0.8171077504725898, "ote_f1": 0.8606271777003484, "ote_edit_precision": 0.8627860040305685, "ote_edit_recall": 0.937911974413633, "ote_edit_f1": 0.8987818437336403, "ote_confusion_matrix": {"tp": 1729, "fn": 387, "fp": 173}, "aope_precision": 0.8547297297297297, "aope_recall": 0.7730248799650807, "aope_f1": 0.8118267247306898, "aope_edit_precision": 0.8693017276049017, "aope_edit_recall": 0.9350480435769198, "aope_edit_f1": 0.9009770640451854, "aope_confusion_matrix": {"tp": 1771, "fn": 520, "fp": 301}, "aste_precision": 0.8460048426150121, "aste_recall": 0.7625491051942384, "aste_f1": 0.8021120293847567, "aste_edit_precision": 0.854188415165928, "aste_edit_recall": 0.9244922005456123, "aste_edit_f1": 0.8879509009563377, "aste_confusion_matrix": {"tp": 1747, "fn": 544, "fp": 318}, "uabsa_precision": 0.9033333333333333, "uabsa_recall": 0.8077496274217586, "uabsa_f1": 0.8528717545239969, "uabsa_edit_precision": 0.8464769619224387, "uabsa_edit_recall": 0.9299043527417549, "uabsa_edit_f1": 0.8862315820250491, "uabsa_confusion_matrix": {"tp": 1626, "fn": 387, "fp": 174}, "ate_precision": 0.9216799091940976, "ate_recall": 0.8173125314544539, "ate_f1": 0.8663643638303548, "ate_edit_precision": 0.8616175754228282, "ate_edit_recall": 0.9485641780826317, "ate_edit_f1": 0.9030027682797984, "ate_confusion_matrix": {"tp": 1624, "fn": 363, "fp": 138}}, "editdistance": {"precision": 0.8871992500781168, "recall": 0.7962235931949897, "f1": 0.8392531651805507, "edit_precision": 0.9352649297642958, "edit_recall": 0.8592623139164108, "edit_f1": 0.8956541735480349, "confusion_matrix": {"tp": 8518, "fn": 2180, "fp": 1083}, "ote_precision": 0.9111461619348055, "ote_recall": 0.8189981096408318, "ote_f1": 0.8626182180189149, "ote_edit_precision": 0.8632976049526675, "ote_edit_recall": 0.9387176633700136, "ote_edit_f1": 0.89942934975064, "ote_confusion_matrix": {"tp": 1733, "fn": 383, "fp": 169}, "aope_precision": 0.8581081081081081, "aope_recall": 0.7760803142732431, "aope_f1": 0.8150355260142105, "aope_edit_precision": 0.8696023018524169, "aope_edit_recall": 0.9355233329394249, "aope_edit_f1": 0.9013591387555488, "aope_confusion_matrix": {"tp": 1778, "fn": 513, "fp": 294}, "aste_precision": 0.8493946731234867, "aste_recall": 0.7656045395024007, "aste_f1": 0.805325987144169, "aste_edit_precision": 0.854574276109408, "aste_edit_recall": 0.9250794399859884, "aste_edit_f1": 0.8884302441760484, "aste_confusion_matrix": {"tp": 1754, "fn": 537, "fp": 311}, "uabsa_precision": 0.9044444444444445, "uabsa_recall": 0.8087431693989071, "uabsa_f1": 0.8539207972724889, "uabsa_edit_precision": 0.8463198583258498, "uabsa_edit_recall": 0.9300466623084065, "uabsa_edit_f1": 0.886210081464762, "uabsa_confusion_matrix": {"tp": 1628, "fn": 385, "fp": 172}, "ate_precision": 0.9222474460839954, "ate_recall": 0.8178158027176649, "ate_f1": 0.8668978394238464, "ate_edit_precision": 0.8615601848401815, "ate_edit_recall": 0.9485018237006497, "ate_edit_f1": 0.902942996088354, "ate_confusion_matrix": {"tp": 1625, "fn": 362, "fp": 137}}, "cut": {"precision": 0.8855327570044788, "recall": 0.7947279865395401, "f1": 0.8376767328439826, "edit_precision": 0.934325214687384, "edit_recall": 0.8585896449466307, "edit_f1": 0.8948578344728293, "confusion_matrix": {"tp": 8502, "fn": 2196, "fp": 1099}, "ote_precision": 0.9095688748685594, "ote_recall": 0.8175803402646503, "ote_f1": 0.8611249377799901, "ote_edit_precision": 0.8620744508512748, "ote_edit_recall": 0.9371408239154613, "ote_edit_f1": 0.8980416879263909, "ote_confusion_matrix": {"tp": 1730, "fn": 386, "fp": 172}, "aope_precision": 0.8547297297297297, "aope_recall": 0.7730248799650807, "aope_f1": 0.8118267247306898, "aope_edit_precision": 0.8684034661934293, "aope_edit_recall": 0.9340429431989649, "aope_edit_f1": 0.9000280121736597, "aope_confusion_matrix": {"tp": 1771, "fn": 520, "fp": 301}, "aste_precision": 0.847457627118644, "aste_recall": 0.7638585770405937, "aste_f1": 0.8034894398530762, "aste_edit_precision": 0.8538009565985853, "aste_edit_recall": 0.9239930277317164, "aste_edit_f1": 0.887511306620767, "aste_confusion_matrix": {"tp": 1750, "fn": 541, "fp": 315}, "uabsa_precision": 0.9033333333333333, "uabsa_recall": 0.8077496274217586, "uabsa_f1": 0.8528717545239969, "uabsa_edit_precision": 0.8462365687365204, "uabsa_edit_recall": 0.9295984598042828, "uabsa_edit_f1": 0.8859609122294723, "uabsa_confusion_matrix": {"tp": 1626, "fn": 387, "fp": 174}, "ate_precision": 0.9222474460839954, "ate_recall": 0.8178158027176649, "ate_f1": 0.8668978394238464, "ate_edit_precision": 0.8615993649494884, "ate_edit_recall": 0.9485554658935325, "ate_edit_f1": 0.902988819638831, "ate_confusion_matrix": {"tp": 1625, "fn": 362, "fp": 137}}, "remove": {"precision": 0.8925420168067227, "recall": 0.7942606094597121, "f1": 0.8405381343357404, "edit_precision": 0.938297977298019, "edit_recall": 0.8566169910894886, "edit_f1": 0.895598960635395, "confusion_matrix": {"tp": 8497, "fn": 2201, "fp": 1023}, "ote_precision": 0.9172413793103448, "ote_recall": 0.8171077504725898, "ote_f1": 0.8642839290177455, "ote_edit_precision": 0.8603951290069013, "ote_edit_recall": 0.9422886529010963, "ote_edit_f1": 0.8994817340803649, "ote_confusion_matrix": {"tp": 1729, "fn": 387, "fp": 156}, "aope_precision": 0.8660146699266503, "aope_recall": 0.7730248799650807, "aope_f1": 0.816881918819188, "aope_edit_precision": 0.8656648316450193, "aope_edit_recall": 0.9401600227102307, "aope_edit_f1": 0.9013758624663635, "aope_confusion_matrix": {"tp": 1771, "fn": 520, "fp": 274}, "aste_precision": 0.8576337751595483, "aste_recall": 0.7625491051942384, "aste_f1": 0.8073012939001849, "aste_edit_precision": 0.849825717871655, "aste_edit_recall": 0.9295219348063192, "aste_edit_f1": 0.8878890466799537, "aste_confusion_matrix": {"tp": 1747, "fn": 544, "fp": 290}, "uabsa_precision": 0.905849582172702, "uabsa_recall": 0.8077496274217586, "uabsa_f1": 0.8539915966386555, "uabsa_edit_precision": 0.8457920391504896, "uabsa_edit_recall": 0.9309776186565264, "uabsa_edit_f1": 0.8863427569545939, "uabsa_confusion_matrix": {"tp": 1626, "fn": 387, "fp": 169}, "ate_precision": 0.9237770193401593, "ate_recall": 0.8173125314544539, "ate_f1": 0.8672897196261683, "ate_edit_precision": 0.860958356287925, "ate_edit_recall": 0.9494962343727027, "ate_edit_f1": 0.9030623816406271, "ate_confusion_matrix": {"tp": 1624, "fn": 363, "fp": 134}}}