{"recall": 0.7622739018087855, "precision": 0.8186856690419636, "f1_score": 0.7894733436601821}