{"recall": 0.6754551161330823, "precision": 0.7059593975114604, "f1_score": 0.6903704603092695}