{"global": 15.654796123504639, "concept": 2.2613446712493896, "sentiment_marker": 1.9469964504241943, "relation": 1.9684722423553467, "n_data": 1121, "n_data_relation": 1115}