{
    "raw": {
        "precision": 0.7734204793028322,
        "recall": 0.7785087719298246,
        "f1": 0.7759562841530054,
        "edit_precision": 0.8376898077976414,
        "edit_recall": 0.8468773045279335,
        "edit_f1": 0.8422585022199817,
        "confusion_matrix": {
            "tp": 355,
            "fn": 101,
            "fp": 104
        },
        "ote_precision": 0.7734204793028322,
        "ote_recall": 0.7785087719298246,
        "ote_f1": 0.7759562841530054,
        "ote_edit_precision": 0.8468773045279335,
        "ote_edit_recall": 0.8376898077976414,
        "ote_edit_f1": 0.8422585022199817
    },
    "editdistance": {
        "precision": 0.7799564270152506,
        "recall": 0.7850877192982456,
        "f1": 0.7825136612021857,
        "edit_precision": 0.8378174600590884,
        "edit_recall": 0.8471564257048873,
        "edit_f1": 0.842461062279306,
        "confusion_matrix": {
            "tp": 358,
            "fn": 98,
            "fp": 101
        },
        "ote_precision": 0.7799564270152506,
        "ote_recall": 0.7850877192982456,
        "ote_f1": 0.7825136612021857,
        "ote_edit_precision": 0.8471564257048873,
        "ote_edit_recall": 0.8378174600590884,
        "ote_edit_f1": 0.842461062279306
    },
    "cut": {
        "precision": 0.7734204793028322,
        "recall": 0.7785087719298246,
        "f1": 0.7759562841530054,
        "edit_precision": 0.8340839380561508,
        "edit_recall": 0.8434535809561836,
        "edit_f1": 0.8387425931143341,
        "confusion_matrix": {
            "tp": 355,
            "fn": 101,
            "fp": 104
        },
        "ote_precision": 0.7734204793028322,
        "ote_recall": 0.7785087719298246,
        "ote_f1": 0.7759562841530054,
        "ote_edit_precision": 0.8434535809561836,
        "ote_edit_recall": 0.8340839380561508,
        "ote_edit_f1": 0.8387425931143341
    },
    "remove": {
        "precision": 0.7995495495495496,
        "recall": 0.7785087719298246,
        "f1": 0.7888888888888889,
        "edit_precision": 0.8472140101638215,
        "edit_recall": 0.8325349495073664,
        "edit_f1": 0.839810340840146,
        "confusion_matrix": {
            "tp": 355,
            "fn": 101,
            "fp": 89
        },
        "ote_precision": 0.7995495495495496,
        "ote_recall": 0.7785087719298246,
        "ote_f1": 0.7888888888888889,
        "ote_edit_precision": 0.8325349495073664,
        "ote_edit_recall": 0.8472140101638215,
        "ote_edit_f1": 0.839810340840146
    }
}