{
    "raw": {
        "precision": 0.7456066945606694,
        "recall": 0.7191283292978208,
        "f1": 0.7321281840591618,
        "edit_precision": 0.83031549819994,
        "edit_recall": 0.8136426390012347,
        "edit_f1": 0.8218945213643867,
        "confusion_matrix": {
            "tp": 1782,
            "fn": 696,
            "fp": 608
        },
        "ote_precision": 0.8284424379232506,
        "ote_recall": 0.7808510638297872,
        "ote_f1": 0.8039430449069003,
        "ote_edit_precision": 0.8382346434516085,
        "ote_edit_recall": 0.8780321329759962,
        "ote_edit_f1": 0.8576719680563427,
        "ote_confusion_matrix": {
            "tp": 367,
            "fn": 103,
            "fp": 76
        },
        "aope_precision": 0.7048543689320388,
        "aope_recall": 0.6709796672828097,
        "aope_f1": 0.6875,
        "aope_edit_precision": 0.8562451293932917,
        "aope_edit_recall": 0.8689893484594821,
        "aope_edit_f1": 0.8625701684783718,
        "aope_confusion_matrix": {
            "tp": 363,
            "fn": 178,
            "fp": 152
        },
        "uabsa_precision": 0.7428571428571429,
        "uabsa_recall": 0.7300215982721382,
        "uabsa_f1": 0.7363834422657951,
        "uabsa_edit_precision": 0.7585917450716361,
        "uabsa_edit_recall": 0.7708054915221472,
        "uabsa_edit_f1": 0.7646498488866993,
        "uabsa_confusion_matrix": {
            "tp": 338,
            "fn": 125,
            "fp": 117
        },
        "ate_precision": 0.8518518518518519,
        "ate_recall": 0.8444924406047516,
        "ate_f1": 0.8481561822125813,
        "ate_edit_precision": 0.881139658725391,
        "ate_edit_recall": 0.8858943958262454,
        "ate_edit_f1": 0.8835106302500111,
        "ate_confusion_matrix": {
            "tp": 391,
            "fn": 72,
            "fp": 68
        },
        "aste_precision": 0.6235521235521235,
        "aste_recall": 0.5970425138632163,
        "aste_f1": 0.6100094428706326,
        "aste_edit_precision": 0.7390238855138799,
        "aste_edit_recall": 0.7540815926757382,
        "aste_edit_f1": 0.7464768119254682,
        "aste_confusion_matrix": {
            "tp": 323,
            "fn": 218,
            "fp": 195
        }
    },
    "editdistance": {
        "precision": 0.7514644351464436,
        "recall": 0.7247780468119451,
        "f1": 0.7378800328677074,
        "edit_precision": 0.8309895466642603,
        "edit_recall": 0.8139035060599226,
        "edit_f1": 0.8223577872239907,
        "confusion_matrix": {
            "tp": 1796,
            "fn": 682,
            "fp": 594
        },
        "ote_precision": 0.8306997742663657,
        "ote_recall": 0.7829787234042553,
        "ote_f1": 0.806133625410734,
        "ote_edit_precision": 0.8375204640140249,
        "ote_edit_recall": 0.877426706298335,
        "ote_edit_f1": 0.8570092827564262,
        "ote_confusion_matrix": {
            "tp": 368,
            "fn": 102,
            "fp": 75
        },
        "aope_precision": 0.7184466019417476,
        "aope_recall": 0.6839186691312384,
        "aope_f1": 0.7007575757575758,
        "aope_edit_precision": 0.8571411372671185,
        "aope_edit_recall": 0.8706989724385235,
        "aope_edit_f1": 0.8638668627508718,
        "aope_confusion_matrix": {
            "tp": 370,
            "fn": 171,
            "fp": 145
        },
        "uabsa_precision": 0.7428571428571429,
        "uabsa_recall": 0.7300215982721382,
        "uabsa_f1": 0.7363834422657951,
        "uabsa_edit_precision": 0.7585917450716361,
        "uabsa_edit_recall": 0.7708054915221472,
        "uabsa_edit_f1": 0.7646498488866993,
        "uabsa_confusion_matrix": {
            "tp": 338,
            "fn": 125,
            "fp": 117
        },
        "ate_precision": 0.8518518518518519,
        "ate_recall": 0.8444924406047516,
        "ate_f1": 0.8481561822125813,
        "ate_edit_precision": 0.881139658725391,
        "ate_edit_recall": 0.8858943958262454,
        "ate_edit_f1": 0.8835106302500111,
        "ate_confusion_matrix": {
            "tp": 391,
            "fn": 72,
            "fp": 68
        },
        "aste_precision": 0.6351351351351351,
        "aste_recall": 0.6081330868761553,
        "aste_f1": 0.6213408876298395,
        "aste_edit_precision": 0.7399432064886537,
        "aste_edit_recall": 0.7560096303180617,
        "aste_edit_f1": 0.7478901422961454,
        "aste_confusion_matrix": {
            "tp": 329,
            "fn": 212,
            "fp": 189
        }
    },
    "cut": {
        "precision": 0.7476987447698745,
        "recall": 0.7211460855528652,
        "f1": 0.7341824157764996,
        "edit_precision": 0.8298878361424058,
        "edit_recall": 0.8130145576854703,
        "edit_f1": 0.8213645491839954,
        "confusion_matrix": {
            "tp": 1787,
            "fn": 691,
            "fp": 603
        },
        "ote_precision": 0.8329571106094809,
        "ote_recall": 0.7851063829787234,
        "ote_f1": 0.8083242059145672,
        "ote_edit_precision": 0.8358404684776464,
        "ote_edit_recall": 0.8760050300444737,
        "ote_edit_f1": 0.8554515642133299,
        "ote_confusion_matrix": {
            "tp": 369,
            "fn": 101,
            "fp": 74
        },
        "aope_precision": 0.7087378640776699,
        "aope_recall": 0.6746765249537893,
        "aope_f1": 0.6912878787878788,
        "aope_edit_precision": 0.8555291398019251,
        "aope_edit_recall": 0.8684428229359509,
        "aope_edit_f1": 0.8619376153816452,
        "aope_confusion_matrix": {
            "tp": 365,
            "fn": 176,
            "fp": 150
        },
        "uabsa_precision": 0.7428571428571429,
        "uabsa_recall": 0.7300215982721382,
        "uabsa_f1": 0.7363834422657951,
        "uabsa_edit_precision": 0.7585917450716361,
        "uabsa_edit_recall": 0.7708054915221472,
        "uabsa_edit_f1": 0.7646498488866993,
        "uabsa_confusion_matrix": {
            "tp": 338,
            "fn": 125,
            "fp": 117
        },
        "ate_precision": 0.8518518518518519,
        "ate_recall": 0.8444924406047516,
        "ate_f1": 0.8481561822125813,
        "ate_edit_precision": 0.881139658725391,
        "ate_edit_recall": 0.8858943958262454,
        "ate_edit_f1": 0.8835106302500111,
        "ate_confusion_matrix": {
            "tp": 391,
            "fn": 72,
            "fp": 68
        },
        "aste_precision": 0.6254826254826255,
        "aste_recall": 0.5988909426987061,
        "aste_f1": 0.6118980169971671,
        "aste_edit_precision": 0.7389429744348173,
        "aste_edit_recall": 0.7543853666637228,
        "aste_edit_f1": 0.7465843262607809,
        "aste_confusion_matrix": {
            "tp": 324,
            "fn": 217,
            "fp": 194
        }
    },
    "remove": {
        "precision": 0.7625160462130937,
        "recall": 0.7191283292978208,
        "f1": 0.7401869158878503,
        "edit_precision": 0.8361602783076557,
        "edit_recall": 0.8059797240767869,
        "edit_f1": 0.8207926600847761,
        "confusion_matrix": {
            "tp": 1782,
            "fn": 696,
            "fp": 555
        },
        "ote_precision": 0.8456221198156681,
        "ote_recall": 0.7808510638297872,
        "ote_f1": 0.8119469026548671,
        "ote_edit_precision": 0.8288842863618898,
        "ote_edit_recall": 0.8839984098958145,
        "ote_edit_f1": 0.855554665514932,
        "ote_confusion_matrix": {
            "tp": 367,
            "fn": 103,
            "fp": 67
        },
        "aope_precision": 0.7318548387096774,
        "aope_recall": 0.6709796672828097,
        "aope_f1": 0.7000964320154291,
        "aope_edit_precision": 0.8408778483946263,
        "aope_edit_recall": 0.8743591627441646,
        "aope_edit_f1": 0.8572917290355133,
        "aope_confusion_matrix": {
            "tp": 363,
            "fn": 178,
            "fp": 133
        },