{"recall": 0.7703949796973053, "precision": 0.810077519379845, "f1_score": 0.7897380744812502}