{"raw": {"precision": 0.5136548518303312, "recall": 0.5017026106696936, "f1": 0.5076083835773759, "edit_precision": 0.7307432914798919, "edit_recall": 0.7431315857466902, "edit_f1": 0.7368853752267674, "confusion_matrix": {"tp": 884, "fn": 878, "fp": 837}, "aste_precision": 0.5136548518303312, "aste_recall": 0.5017026106696936, "aste_f1": 0.5076083835773759, "aste_edit_precision": 0.7431315857466902, "aste_edit_recall": 0.7307432914798919, "aste_edit_f1": 0.7368853752267674, "aste_confusion_matrix": {"tp": 884, "fn": 878, "fp": 837}}, "editdistance": {"precision": 0.5229517722254503, "recall": 0.5107832009080591, "f1": 0.516795865633075, "edit_precision": 0.7315435975800455, "edit_recall": 0.7437271799005329, "edit_f1": 0.7375850794409979, "confusion_matrix": {"tp": 900, "fn": 862, "fp": 821}, "aste_precision": 0.5229517722254503, "aste_recall": 0.5107832009080591, "aste_f1": 0.516795865633075, "aste_edit_precision": 0.7437271799005329, "aste_edit_recall": 0.7315435975800455, "aste_edit_f1": 0.7375850794409979, "aste_confusion_matrix": {"tp": 900, "fn": 862, "fp": 821}}, "cut": {"precision": 0.5136548518303312, "recall": 0.5017026106696936, "f1": 0.5076083835773759, "edit_precision": 0.7292697764146285, "edit_recall": 0.7416122279046493, "edit_f1": 0.7353892182271631, "confusion_matrix": {"tp": 884, "fn": 878, "fp": 837}, "aste_precision": 0.5136548518303312, "aste_recall": 0.5017026106696936, "aste_f1": 0.5076083835773759, "aste_edit_precision": 0.7416122279046493, "aste_edit_recall": 0.7292697764146285, "aste_edit_f1": 0.7353892182271631, "aste_confusion_matrix": {"tp": 884, "fn": 878, "fp": 837}}, "remove": {"precision": 0.5293413173652695, "recall": 0.5017026106696936, "f1": 0.5151515151515151, "edit_precision": 0.7366910174854822, "edit_recall": 0.7326327764966489, "edit_f1": 0.7346562926035266, "confusion_matrix": {"tp": 884, "fn": 878, "fp": 786}, "aste_precision": 0.5293413173652695, "aste_recall": 0.5017026106696936, "aste_f1": 0.5151515151515151, "aste_edit_precision": 0.7326327764966489, "aste_edit_recall": 0.7366910174854822, "aste_edit_f1": 0.7346562926035266, "aste_confusion_matrix": {"tp": 884, "fn": 878, "fp": 786}}}