{"raw": {"precision": 0.7670639219934995, "recall": 0.7122736418511066, "f1": 0.7386541471048513, "edit_precision": 0.8604374827160332, "edit_recall": 0.8231599632868726, "edit_f1": 0.8413860312804924, "confusion_matrix": {"tp": 708, "fn": 286, "fp": 215}, "aste_precision": 0.7670639219934995, "aste_recall": 0.7122736418511066, "aste_f1": 0.7386541471048513, "aste_edit_precision": 0.8231599632868726, "aste_edit_recall": 0.8604374827160332, "aste_edit_f1": 0.8413860312804924, "aste_confusion_matrix": {"tp": 708, "fn": 286, "fp": 215}}, "editdistance": {"precision": 0.771397616468039, "recall": 0.716297786720322, "f1": 0.7428273343766302, "edit_precision": 0.8597811404117217, "edit_recall": 0.822451695447241, "edit_f1": 0.8407022399894091, "confusion_matrix": {"tp": 712, "fn": 282, "fp": 211}, "aste_precision": 0.771397616468039, "aste_recall": 0.716297786720322, "aste_f1": 0.7428273343766302, "aste_edit_precision": 0.822451695447241, "aste_edit_recall": 0.8597811404117217, "aste_edit_f1": 0.8407022399894091, "aste_confusion_matrix": {"tp": 712, "fn": 282, "fp": 211}}, "cut": {"precision": 0.7670639219934995, "recall": 0.7122736418511066, "f1": 0.7386541471048513, "edit_precision": 0.8596969167751517, "edit_recall": 0.8224722949131968, "edit_f1": 0.8406727351289283, "confusion_matrix": {"tp": 708, "fn": 286, "fp": 215}, "aste_precision": 0.7670639219934995, "aste_recall": 0.7122736418511066, "aste_f1": 0.7386541471048513, "aste_edit_precision": 0.8224722949131968, "aste_edit_recall": 0.8596969167751517, "aste_edit_f1": 0.8406727351289283, "aste_confusion_matrix": {"tp": 708, "fn": 286, "fp": 215}}, "remove": {"precision": 0.7805953693495039, "recall": 0.7122736418511066, "f1": 0.7448711204629144, "edit_precision": 0.8637389418971125, "edit_recall": 0.813155634879736, "edit_f1": 0.8376843689466631, "confusion_matrix": {"tp": 708, "fn": 286, "fp": 199}, "aste_precision": 0.7805953693495039, "aste_recall": 0.7122736418511066, "aste_f1": 0.7448711204629144, "aste_edit_precision": 0.813155634879736, "aste_edit_recall": 0.8637389418971125, "aste_edit_f1": 0.8376843689466631, "aste_confusion_matrix": {"tp": 708, "fn": 286, "fp": 199}}}