{"raw": {"precision": 0.5179079022171689, "recall": 0.5170261066969353, "f1": 0.5174666287986367, "edit_precision": 0.7269870847158467, "edit_recall": 0.7539761263923986, "edit_f1": 0.7402356816968806, "confusion_matrix": {"tp": 911, "fn": 851, "fp": 848}, "aste_precision": 0.5179079022171689, "aste_recall": 0.5170261066969353, "aste_f1": 0.5174666287986367, "aste_edit_precision": 0.7539761263923986, "aste_edit_recall": 0.7269870847158467, "aste_edit_f1": 0.7402356816968806, "aste_confusion_matrix": {"tp": 911, "fn": 851, "fp": 848}}, "editdistance": {"precision": 0.5247299602046618, "recall": 0.5238365493757094, "f1": 0.5242828741834705, "edit_precision": 0.7275896996262877, "edit_recall": 0.7544401911713752, "edit_f1": 0.7407717151844175, "confusion_matrix": {"tp": 923, "fn": 839, "fp": 836}, "aste_precision": 0.5247299602046618, "aste_recall": 0.5238365493757094, "aste_f1": 0.5242828741834705, "aste_edit_precision": 0.7544401911713752, "aste_edit_recall": 0.7275896996262877, "aste_edit_f1": 0.7407717151844175, "aste_confusion_matrix": {"tp": 923, "fn": 839, "fp": 836}}, "cut": {"precision": 0.51847640704946, "recall": 0.5175936435868331, "f1": 0.518034649247373, "edit_precision": 0.7260919102783384, "edit_recall": 0.7531493171484854, "edit_f1": 0.7393731546604317, "confusion_matrix": {"tp": 912, "fn": 850, "fp": 847}, "aste_precision": 0.51847640704946, "aste_recall": 0.5175936435868331, "aste_f1": 0.518034649247373, "aste_edit_precision": 0.7531493171484854, "aste_edit_recall": 0.7260919102783384, "aste_edit_f1": 0.7393731546604317, "aste_confusion_matrix": {"tp": 912, "fn": 850, "fp": 847}}, "remove": {"precision": 0.5299592786503782, "recall": 0.5170261066969353, "f1": 0.523412812410227, "edit_precision": 0.7302920749725317, "edit_recall": 0.7457266339277208, "edit_f1": 0.7379286557405825, "confusion_matrix": {"tp": 911, "fn": 851, "fp": 808}, "aste_precision": 0.5299592786503782, "aste_recall": 0.5170261066969353, "aste_f1": 0.523412812410227, "aste_edit_precision": 0.7457266339277208, "aste_edit_recall": 0.7302920749725317, "aste_edit_f1": 0.7379286557405825, "aste_confusion_matrix": {"tp": 911, "fn": 851, "fp": 808}}}