{"recall": 0.7615356220007383, "precision": 0.8272690923630548, "f1_score": 0.7930425647899148}