{
    "raw": {
        "precision": 0.7434599156118143,
        "recall": 0.7110573042776432,
        "f1": 0.7268976897689768,
        "edit_precision": 0.8284295891172057,
        "edit_recall": 0.8014576173912684,
        "edit_f1": 0.8147204322102901,
        "confusion_matrix": {
            "tp": 1762,
            "fn": 716,
            "fp": 608
        },
        "uabsa_precision": 0.7186813186813187,
        "uabsa_recall": 0.7062634989200864,
        "uabsa_f1": 0.7124183006535948,
        "uabsa_edit_precision": 0.742460516879913,
        "uabsa_edit_recall": 0.7576005716636194,
        "uabsa_edit_f1": 0.7499541402970867,
        "uabsa_confusion_matrix": {
            "tp": 327,
            "fn": 136,
            "fp": 128
        },
        "aste_precision": 0.6385068762278978,
        "aste_recall": 0.600739371534196,
        "aste_f1": 0.6190476190476191,
        "aste_edit_precision": 0.72883543317619,
        "aste_edit_recall": 0.7620524191268236,
        "aste_edit_f1": 0.745073888876758,
        "aste_confusion_matrix": {
            "tp": 325,
            "fn": 216,
            "fp": 184
        },
        "ate_precision": 0.8451327433628318,
        "ate_recall": 0.8250539956803455,
        "ate_f1": 0.8349726775956283,
        "ate_edit_precision": 0.865605327388397,
        "ate_edit_recall": 0.8817328049390684,
        "ate_edit_f1": 0.8735946399472679,
        "ate_confusion_matrix": {
            "tp": 382,
            "fn": 81,
            "fp": 70
        },
        "aope_precision": 0.7063339731285988,
        "aope_recall": 0.6802218114602587,
        "aope_f1": 0.6930320150659134,
        "aope_edit_precision": 0.8523104233134824,
        "aope_edit_recall": 0.866873937239167,
        "aope_edit_f1": 0.8595304952288306,
        "aope_confusion_matrix": {
            "tp": 368,
            "fn": 173,
            "fp": 153
        },
        "ote_precision": 0.8314087759815243,
        "ote_recall": 0.7659574468085106,
        "ote_f1": 0.7973421926910299,
        "ote_edit_precision": 0.8214416630604735,
        "ote_edit_recall": 0.8789853016887148,
        "ote_edit_f1": 0.8492398238713998,
        "ote_confusion_matrix": {
            "tp": 360,
            "fn": 110,
            "fp": 73
        }
    },
    "editdistance": {
        "precision": 0.7459915611814346,
        "recall": 0.7134786117836965,
        "f1": 0.7293729372937294,
        "edit_precision": 0.8281966712200975,
        "edit_recall": 0.8011511659189048,
        "edit_f1": 0.8144494547256478,
        "confusion_matrix": {
            "tp": 1768,
            "fn": 710,
            "fp": 602
        },
        "uabsa_precision": 0.7208791208791209,
        "uabsa_recall": 0.7084233261339092,
        "uabsa_f1": 0.7145969498910676,
        "uabsa_edit_precision": 0.7428924823226775,
        "uabsa_edit_recall": 0.7580401321031798,
        "uabsa_edit_f1": 0.7503898709719984,
        "uabsa_confusion_matrix": {
            "tp": 328,
            "fn": 135,
            "fp": 127
        },
        "aste_precision": 0.6424361493123772,
        "aste_recall": 0.6044362292051756,
        "aste_f1": 0.6228571428571429,
        "aste_edit_precision": 0.7289308347965455,
        "aste_edit_recall": 0.7621174363332948,
        "aste_edit_f1": 0.7451548146841399,
        "aste_confusion_matrix": {
            "tp": 327,
            "fn": 214,
            "fp": 182
        },
        "ate_precision": 0.8451327433628318,
        "ate_recall": 0.8250539956803455,
        "ate_f1": 0.8349726775956283,
        "ate_edit_precision": 0.865605327388397,
        "ate_edit_recall": 0.8817328049390684,
        "ate_edit_f1": 0.8735946399472679,
        "ate_confusion_matrix": {
            "tp": 382,
            "fn": 81,
            "fp": 70
        },
        "aope_precision": 0.7120921305182342,
        "aope_recall": 0.6857670979667283,
        "aope_f1": 0.6986817325800377,
        "aope_edit_precision": 0.8519534122817949,
        "aope_edit_recall": 0.8668675492289402,
        "aope_edit_f1": 0.8593457760869178,
        "aope_confusion_matrix": {
            "tp": 371,
            "fn": 170,
            "fp": 150
        },
        "ote_precision": 0.8314087759815243,
        "ote_recall": 0.7659574468085106,
        "ote_f1": 0.7973421926910299,
        "ote_edit_precision": 0.8197015437902896,
        "ote_edit_recall": 0.8771798027951548,
        "ote_edit_f1": 0.8474671961946098,
        "ote_confusion_matrix": {
            "tp": 360,
            "fn": 110,
            "fp": 73
        }
    },
    "cut": {
        "precision": 0.7451476793248946,
        "recall": 0.7126715092816788,
        "f1": 0.7285478547854786,
        "edit_precision": 0.8269113895864046,
        "edit_recall": 0.8000344114523783,
        "edit_f1": 0.8132508980552787,
        "confusion_matrix": {
            "tp": 1766,
            "fn": 712,
            "fp": 604
        },
        "uabsa_precision": 0.7186813186813187,
        "uabsa_recall": 0.7062634989200864,
        "uabsa_f1": 0.7124183006535948,
        "uabsa_edit_precision": 0.742460516879913,
        "uabsa_edit_recall": 0.7576005716636194,
        "uabsa_edit_f1": 0.7499541402970867,
        "uabsa_confusion_matrix": {
            "tp": 327,
            "fn": 136,
            "fp": 128
        },
        "aste_precision": 0.6424361493123772,
        "aste_recall": 0.6044362292051756,
        "aste_f1": 0.6228571428571429,
        "aste_edit_precision": 0.728113296409691,
        "aste_edit_recall": 0.761284882799366,
        "aste_edit_f1": 0.7443296940463199,
        "aste_confusion_matrix": {
            "tp": 327,
            "fn": 214,
            "fp": 182
        },
        "ate_precision": 0.8451327433628318,
        "ate_recall": 0.8250539956803455,
        "ate_f1": 0.8349726775956283,
        "ate_edit_precision": 0.865605327388397,
        "ate_edit_recall": 0.8817328049390684,
        "ate_edit_f1": 0.8735946399472679,
        "ate_confusion_matrix": {
            "tp": 382,
            "fn": 81,
            "fp": 70
        },
        "aope_precision": 0.710172744721689,
        "aope_recall": 0.6839186691312384,
        "aope_f1": 0.6967984934086628,
        "aope_edit_precision": 0.8505154222578528,
        "aope_edit_recall": 0.8650100301929182,
        "aope_edit_f1": 0.857701493190664,
        "aope_confusion_matrix": {
            "tp": 370,
            "fn": 171,
            "fp": 151
        },
        "ote_precision": 0.8314087759815243,
        "ote_recall": 0.7659574468085106,
        "ote_f1": 0.7973421926910299,
        "ote_edit_precision": 0.816835423156647,
        "ote_edit_recall": 0.8738204949306848,
        "ote_edit_f1": 0.8443675926053056,
        "ote_confusion_matrix": {
            "tp": 360,
            "fn": 110,
            "fp": 73
        }
    },
    "remove": {
        "precision": 0.756872852233677,
        "recall": 0.7110573042776432,
        "f1": 0.7332501040366208,
        "edit_precision": 0.8328636646519036,
        "edit_recall": 0.7943590987766381,
        "edit_f1": 0.8131558197511015,
        "confusion_matrix": {
            "tp": 1762,
            "fn": 716,
            "fp": 566
        },
        "uabsa_precision": 0.7218543046357616,
        "uabsa_recall": 0.7062634989200864,
        "uabsa_f1": 0.7139737991266377,
        "uabsa_edit_precision": 0.7407326551088546,
        "uabsa_edit_recall": 0.7591793821345404,
        "uabsa_edit_f1": 0.7498425847237385,
        "uabsa_confusion_matrix": {
            "tp": 327,
            "fn": 136,
            "fp": 126
        },
        "aste_precision": 0.6605691056910569,
        "aste_recall": 0.600739371534196,
        "aste_f1": 0.6292352371732818,
        "aste_edit_precision": 0.7187957839172301,
        "aste_edit_recall": 0.7708850305412743,
        "aste_edit_f1": 0.7439297122711356,
        "aste_confusion_matrix": {
            "tp": 325,
            "fn": 216,
            "fp": 167
        },