{"recall": 0.7007528230865746, "precision": 0.6787658802177858, "f1_score": 0.6895841363196307}