{"recall": 0.3797865662272442, "precision": 0.4112646121147715, "f1_score": 0.3948992912777577}