{
    "raw": {
        "precision": 0.774390243902439,
        "recall": 0.7665995975855131,
        "f1": 0.7704752275025278,
        "edit_recall": 0.899529439973377,
        "edit_precision": 0.8864432419174779,
        "edit_f1": 0.8929383982805438,
        "confusion_matrix": {
            "tp": 762,
            "fn": 232,
            "fp": 222
        }
    },
    "editdistance": {
        "precision": 0.7794715447154471,
        "recall": 0.7716297786720322,
        "f1": 0.7755308392315471,
        "edit_recall": 0.8989050555329382,
        "edit_precision": 0.8861323114356554,
        "edit_f1": 0.8924729861238959,
        "confusion_matrix": {
            "tp": 767,
            "fn": 227,
            "fp": 217
        }
    },
    "cut": {
        "precision": 0.774390243902439,
        "recall": 0.7665995975855131,
        "f1": 0.7704752275025278,
        "edit_recall": 0.8987892050012316,
        "edit_precision": 0.8856415766610064,
        "edit_f1": 0.8921669551807287,
        "confusion_matrix": {
            "tp": 762,
            "fn": 232,
            "fp": 222
        }
    },
    "remove": {
        "precision": 0.7954070981210856,
        "recall": 0.7665995975855131,
        "f1": 0.7807377049180327,
        "edit_recall": 0.8875381227224673,
        "edit_precision": 0.8947923926926311,
        "edit_f1": 0.8911504948921384,
        "confusion_matrix": {
            "tp": 762,
            "fn": 232,
            "fp": 196
        }
    }
}