{"recall": 0.7759320782576596, "precision": 0.8191738113795791, "f1_score": 0.7969668246445497}