{"recall": 0.5819209039548022, "precision": 0.5814234016887817, "f1_score": 0.5816720464437819}