{"raw": {"precision": 0.49014084507042255, "recall": 0.49375709421112374, "f1": 0.49194232400339266, "edit_precision": 0.709331779091764, "edit_recall": 0.73679119116264, "edit_f1": 0.7228007813949511, "confusion_matrix": {"tp": 870, "fn": 892, "fp": 905}, "aste_precision": 0.49014084507042255, "aste_recall": 0.49375709421112374, "aste_f1": 0.49194232400339266, "aste_edit_precision": 0.73679119116264, "aste_edit_recall": 0.709331779091764, "aste_edit_f1": 0.7228007813949511, "aste_confusion_matrix": {"tp": 870, "fn": 892, "fp": 905}}, "editdistance": {"precision": 0.49859154929577465, "recall": 0.5022701475595914, "f1": 0.5004240882103478, "edit_precision": 0.7099048532090343, "edit_recall": 0.7379319895657964, "edit_f1": 0.7236471475984244, "confusion_matrix": {"tp": 885, "fn": 877, "fp": 890}, "aste_precision": 0.49859154929577465, "aste_recall": 0.5022701475595914, "aste_f1": 0.5004240882103478, "aste_edit_precision": 0.7379319895657964, "aste_edit_recall": 0.7099048532090343, "aste_edit_f1": 0.7236471475984244, "aste_confusion_matrix": {"tp": 885, "fn": 877, "fp": 890}}, "cut": {"precision": 0.49014084507042255, "recall": 0.49375709421112374, "f1": 0.49194232400339266, "edit_precision": 0.7072324120186607, "edit_recall": 0.7346428313922214, "edit_f1": 0.7206770821429277, "confusion_matrix": {"tp": 870, "fn": 892, "fp": 905}, "aste_precision": 0.49014084507042255, "aste_recall": 0.49375709421112374, "aste_f1": 0.49194232400339266, "aste_edit_precision": 0.7346428313922214, "aste_edit_recall": 0.7072324120186607, "aste_edit_f1": 0.7206770821429277, "aste_confusion_matrix": {"tp": 870, "fn": 892, "fp": 905}}, "remove": {"precision": 0.506108202443281, "recall": 0.49375709421112374, "f1": 0.4998563631140477, "edit_precision": 0.7158294041655551, "edit_recall": 0.7265512379931615, "edit_f1": 0.7211504710850964, "confusion_matrix": {"tp": 870, "fn": 892, "fp": 849}, "aste_precision": 0.506108202443281, "aste_recall": 0.49375709421112374, "aste_f1": 0.4998563631140477, "aste_edit_precision": 0.7265512379931615, "aste_edit_recall": 0.7158294041655551, "aste_edit_f1": 0.7211504710850964, "aste_confusion_matrix": {"tp": 870, "fn": 892, "fp": 849}}}