{"raw": {"precision": 0.7803030303030303, "recall": 0.8147377185678601, "f1": 0.7971486761710794, "edit_precision": 0.8455957448233377, "edit_recall": 0.8778398482570194, "edit_f1": 0.8614161658292844, "confusion_matrix": {"tp": 1957, "fn": 445, "fp": 551}, "ote_precision": 0.8497942386831275, "ote_recall": 0.8787234042553191, "ote_f1": 0.8640167364016738, "ote_edit_precision": 0.9084475503918082, "ote_edit_recall": 0.8845985827353124, "ote_edit_f1": 0.8963644612583838, "ote_confusion_matrix": {"tp": 413, "fn": 57, "fp": 73}, "aste_precision": 0.7059925093632958, "aste_recall": 0.7334630350194552, "aste_f1": 0.7194656488549618, "aste_edit_precision": 0.8345159782976237, "aste_edit_recall": 0.8037017203902392, "aste_edit_f1": 0.8188190470511277, "aste_confusion_matrix": {"tp": 377, "fn": 137, "fp": 157}, "uabsa_precision": 0.7599164926931107, "uabsa_recall": 0.8053097345132744, "uabsa_f1": 0.7819548872180452, "uabsa_edit_precision": 0.8335920350749095, "uabsa_edit_recall": 0.7921555044372791, "uabsa_edit_f1": 0.812345709270209, "uabsa_confusion_matrix": {"tp": 364, "fn": 88, "fp": 115}, "ate_precision": 0.8294736842105264, "ate_recall": 0.8716814159292036, "ate_f1": 0.8500539374325783, "ate_edit_precision": 0.9029495304556352, "ate_edit_recall": 0.865055905201114, "ate_edit_f1": 0.8835966311710683, "ate_confusion_matrix": {"tp": 394, "fn": 58, "fp": 81}, "aope_precision": 0.7659176029962547, "aope_recall": 0.7957198443579766, "aope_f1": 0.7805343511450382, "aope_edit_precision": 0.9100057711370187, "aope_edit_recall": 0.8826188324404405, "aope_edit_f1": 0.8961030989222529, "aope_confusion_matrix": {"tp": 409, "fn": 105, "fp": 125}}, "editdistance": {"precision": 0.7822966507177034, "recall": 0.8168193172356369, "f1": 0.7991853360488798, "edit_precision": 0.8444104639887238, "edit_recall": 0.8769109527280922, "edit_f1": 0.8603538854263166, "confusion_matrix": {"tp": 1962, "fn": 440, "fp": 546}, "ote_precision": 0.8497942386831275, "ote_recall": 0.8787234042553191, "ote_f1": 0.8640167364016738, "ote_edit_precision": 0.9074464168668785, "ote_edit_recall": 0.8832874728106547, "ote_edit_f1": 0.8952039796485515, "ote_confusion_matrix": {"tp": 413, "fn": 57, "fp": 73}, "aste_precision": 0.7097378277153558, "aste_recall": 0.7373540856031129, "aste_f1": 0.7232824427480915, "aste_edit_precision": 0.8340679840631507, "aste_edit_recall": 0.8033041986444028, "aste_edit_f1": 0.8183970884919699, "aste_confusion_matrix": {"tp": 379, "fn": 135, "fp": 155}, "uabsa_precision": 0.7599164926931107, "uabsa_recall": 0.8053097345132744, "uabsa_f1": 0.7819548872180452, "uabsa_edit_precision": 0.8318735225156889, "uabsa_edit_recall": 0.7898814591830668, "uabsa_edit_f1": 0.8103338410986973, "uabsa_confusion_matrix": {"tp": 364, "fn": 88, "fp": 115}, "ate_precision": 0.8294736842105264, "ate_recall": 0.8716814159292036, "ate_f1": 0.8500539374325783, "ate_edit_precision": 0.9012310178964147, "ate_edit_recall": 0.8630258679868664, "ate_edit_f1": 0.8817147748722992, "ate_confusion_matrix": {"tp": 394, "fn": 58, "fp": 81}, "aope_precision": 0.7715355805243446, "aope_recall": 0.8015564202334631, "aope_f1": 0.7862595419847329, "aope_edit_precision": 0.9100507713048942, "aope_edit_recall": 0.8824883587625099, "aope_edit_f1": 0.896057662662252, "aope_confusion_matrix": {"tp": 412, "fn": 102, "fp": 122}}, "cut": {"precision": 0.7818979266347688, "recall": 0.8164029975020816, "f1": 0.7987780040733199, "edit_precision": 0.845722245615209, "edit_recall": 0.8768869883220612, "edit_f1": 0.8610227070703107, "confusion_matrix": {"tp": 1961, "fn": 441, "fp": 547}, "ote_precision": 0.8497942386831275, "ote_recall": 0.8787234042553191, "ote_f1": 0.8640167364016738, "ote_edit_precision": 0.9057287709443055, "ote_edit_recall": 0.8819693104301141, "ote_edit_f1": 0.8936911527390694, "ote_confusion_matrix": {"tp": 413, "fn": 57, "fp": 73}, "aste_precision": 0.7059925093632958, "aste_recall": 0.7334630350194552, "aste_f1": 0.7194656488549618, "aste_edit_precision": 0.8329076441868576, "aste_edit_recall": 0.8029617144536042, "aste_edit_f1": 0.8176605869231661, "aste_confusion_matrix": {"tp": 377, "fn": 137, "fp": 157}, "uabsa_precision": 0.7640918580375783, "uabsa_recall": 0.8097345132743363, "uabsa_f1": 0.7862513426423201, "uabsa_edit_precision": 0.8343294982017533, "uabsa_edit_recall": 0.7942866804985179, "uabsa_edit_f1": 0.8138158225807811, "uabsa_confusion_matrix": {"tp": 366, "fn": 86, "fp": 113}, "ate_precision": 0.8336842105263158, "ate_recall": 0.8761061946902655, "ate_f1": 0.8543689320388349, "ate_edit_precision": 0.9036869935824788, "ate_edit_recall": 0.8672050280081316, "ate_edit_f1": 0.8850702301729009, "ate_confusion_matrix": {"tp": 396, "fn": 56, "fp": 79}, "aope_precision": 0.7659176029962547, "aope_recall": 0.7957198443579766, "aope_f1": 0.7805343511450382, "aope_edit_precision": 0.9083502727767537, "aope_edit_recall": 0.8825225530955656, "aope_edit_f1": 0.8952501710393893, "aope_confusion_matrix": {"tp": 409, "fn": 105, "fp": 125}}, "remove": {"precision": 0.7971486761710794, "recall": 0.8147377185678601, "f1": 0.8058472308009059, "edit_precision": 0.8515955969014868, "edit_recall": 0.8655968684086046, "edit_f1": 0.858539152389503, "confusion_matrix": {"tp": 1957, "fn": 445, "fp": 498}, "ote_precision": 0.8604166666666667, "ote_recall": 0.8787234042553191, "ote_f1": 0.8694736842105262, "ote_edit_precision": 0.9027287746422374, "ote_edit_recall": 0.8893742277960547, "ote_edit_f1": 0.8960017429404019, "ote_confusion_matrix": {"tp": 413, "fn": 57, "fp": 67}, "aste_precision": 0.7277992277992278, "aste_recall": 0.7334630350194552, "aste_f1": 0.7306201550387598, "aste_edit_precision": 0.8147838432687959, "aste_edit_recall": 0.8116202599993203, "aste_edit_f1": 0.8131989748282745, "aste_confusion_matrix": {"tp": 377, "fn": 137, "fp": 141}, "uabsa_precision": 0.772823779193206, "uabsa_recall": 0.8053097345132744, "uabsa_f1": 0.7887323943661972, "uabsa_edit_precision": 0.8263569433981208, "uabsa_edit_recall": 0.7973110870042294, "uabsa_edit_f1": 0.811574214010951, "uabsa_confusion_matrix": {"tp": 364, "fn": 88, "fp": 107}, "ate_precision": 0.8436830835117773, "ate_recall": 0.8716814159292036, "ate_f1": 0.8574537540805224, "ate_edit_precision": 0.8957144387788465, "ate_edit_recall": 0.870969144162879, "ate_edit_f1": 0.8831684922984633, "ate_confusion_matrix": {"tp": 394, "fn": 58, "fp": 73}, "aope_precision": 0.7880539499036608, "aope_recall": 0.7957198443579766, "aope_f1": 0.791868344627299, "aope_edit_precision": 0.8904785868705604, "aope_edit_recall": 0.8883856533108675, "aope_edit_f1": 0.8894308888638484, "aope_confusion_matrix": {"tp": 409, "fn": 105, "fp": 110}}}