{"recall": 0.6766334440753046, "precision": 0.7893379191745485, "f1_score": 0.728653298665127}