{
    "raw": {
        "precision": 0.7850021673168617,
        "recall": 0.7997350408478693,
        "f1": 0.7923001203106201,
        "edit_precision": 0.8608473806394822,
        "edit_recall": 0.8776382894891614,
        "edit_f1": 0.8691617487991767,
        "confusion_matrix": {
            "tp": 3622,
            "fn": 907,
            "fp": 992
        },
        "ote_precision": 0.8380843785632839,
        "ote_recall": 0.8698224852071006,
        "ote_f1": 0.8536585365853658,
        "ote_edit_precision": 0.9071970001479317,
        "ote_edit_recall": 0.8788964998945016,
        "ote_edit_f1": 0.8928225405062681,
        "ote_confusion_matrix": {
            "tp": 735,
            "fn": 110,
            "fp": 142
        },
        "uabsa_precision": 0.7917146144994246,
        "uabsa_recall": 0.8113207547169812,
        "uabsa_f1": 0.8013977868375074,
        "uabsa_edit_precision": 0.8461351381015232,
        "uabsa_edit_recall": 0.83104732006617,
        "uabsa_edit_f1": 0.8385233645972012,
        "uabsa_confusion_matrix": {
            "tp": 688,
            "fn": 160,
            "fp": 181
        },
        "aope_precision": 0.7565130260521042,
        "aope_recall": 0.7595573440643864,
        "aope_f1": 0.7580321285140562,
        "aope_edit_precision": 0.8991439137282622,
        "aope_edit_recall": 0.8848768018509202,
        "aope_edit_f1": 0.8919533095503126,
        "aope_confusion_matrix": {
            "tp": 755,
            "fn": 239,
            "fp": 243
        },
        "ate_precision": 0.8416763678696159,
        "ate_recall": 0.8525943396226415,
        "ate_f1": 0.8471001757469244,
        "ate_edit_precision": 0.8963478034003789,
        "ate_edit_recall": 0.8846834754169238,
        "ate_edit_f1": 0.890477443407008,
        "ate_confusion_matrix": {
            "tp": 723,
            "fn": 125,
            "fp": 136
        },
        "aste_precision": 0.7131552917903067,
        "aste_recall": 0.7253521126760564,
        "aste_f1": 0.719201995012469,
        "aste_edit_precision": 0.8419192790059401,
        "aste_edit_recall": 0.8268321553859912,
        "aste_edit_f1": 0.8343075161162744,
        "aste_confusion_matrix": {
            "tp": 721,
            "fn": 273,
            "fp": 290
        }
    },
    "editdistance": {
        "precision": 0.7891200693541396,
        "recall": 0.8039302274232722,
        "f1": 0.7964563053702286,
        "edit_precision": 0.8609279107508965,
        "edit_recall": 0.8777284357208399,
        "edit_f1": 0.8692470020372474,
        "confusion_matrix": {
            "tp": 3641,
            "fn": 888,
            "fp": 973
        },
        "ote_precision": 0.8426453819840365,
        "ote_recall": 0.8745562130177514,
        "ote_f1": 0.8583042973286874,
        "ote_edit_precision": 0.9069044294707458,
        "ote_edit_recall": 0.878627273998138,
        "ote_edit_f1": 0.8925419415344527,
        "ote_confusion_matrix": {
            "tp": 739,
            "fn": 106,
            "fp": 138
        },
        "uabsa_precision": 0.7917146144994246,
        "uabsa_recall": 0.8113207547169812,
        "uabsa_f1": 0.8013977868375074,
        "uabsa_edit_precision": 0.845654368870754,
        "uabsa_edit_recall": 0.8306069376637623,
        "uabsa_edit_f1": 0.8380631145174682,
        "uabsa_confusion_matrix": {
            "tp": 688,
            "fn": 160,
            "fp": 181
        },
        "aope_precision": 0.7655310621242485,
        "aope_recall": 0.7686116700201208,
        "aope_f1": 0.7670682730923696,
        "aope_edit_precision": 0.8994346692504059,
        "aope_edit_recall": 0.8853490987034774,
        "aope_edit_f1": 0.8923363020904423,
        "aope_confusion_matrix": {
            "tp": 764,
            "fn": 230,
            "fp": 234
        },
        "ate_precision": 0.8428405122235157,
        "ate_recall": 0.8537735849056604,
        "ate_f1": 0.8482718219097832,
        "ate_edit_precision": 0.8975011312046502,
        "ate_edit_recall": 0.8854894215080853,
        "ate_edit_f1": 0.8914548159148878,
        "ate_confusion_matrix": {
            "tp": 724,
            "fn": 124,
            "fp": 135
        },
        "aste_precision": 0.7181008902077152,
        "aste_recall": 0.7303822937625755,
        "aste_f1": 0.7241895261845388,
        "aste_edit_precision": 0.8417142023924128,
        "aste_edit_recall": 0.8266607502442597,
        "aste_edit_f1": 0.8341195640000595,
        "aste_confusion_matrix": {
            "tp": 726,
            "fn": 268,
            "fp": 285
        }
    },
    "cut": {
        "precision": 0.7850021673168617,
        "recall": 0.7997350408478693,
        "f1": 0.7923001203106201,
        "edit_precision": 0.8597685760223732,
        "edit_recall": 0.8765400496938971,
        "edit_f1": 0.8680733127626024,
        "confusion_matrix": {
            "tp": 3622,
            "fn": 907,
            "fp": 992
        },
        "ote_precision": 0.8380843785632839,
        "ote_recall": 0.8698224852071006,
        "ote_f1": 0.8536585365853658,
        "ote_edit_precision": 0.9048411584029497,
        "ote_edit_recall": 0.8766936917472975,
        "ote_edit_f1": 0.8905450662817875,
        "ote_confusion_matrix": {
            "tp": 735,
            "fn": 110,
            "fp": 142
        },
        "uabsa_precision": 0.7917146144994246,
        "uabsa_recall": 0.8113207547169812,
        "uabsa_f1": 0.8013977868375074,
        "uabsa_edit_precision": 0.8455001598722053,
        "uabsa_edit_recall": 0.830427686535144,
        "uabsa_edit_f1": 0.8378961459861222,
        "uabsa_confusion_matrix": {
            "tp": 688,
            "fn": 160,
            "fp": 181
        },
        "aope_precision": 0.7565130260521042,
        "aope_recall": 0.7595573440643864,
        "aope_f1": 0.7580321285140562,
        "aope_edit_precision": 0.8981131411808899,
        "aope_edit_recall": 0.8837875354059422,
        "aope_edit_f1": 0.8908927528781582,
        "aope_confusion_matrix": {
            "tp": 755,
            "fn": 239,
            "fp": 243
        },
        "ate_precision": 0.8416763678696159,
        "ate_recall": 0.8525943396226415,
        "ate_f1": 0.8471001757469244,
        "ate_edit_precision": 0.8957128251710612,
        "ate_edit_recall": 0.8840566284571315,
        "ate_edit_f1": 0.8898465570046424,
        "ate_confusion_matrix": {
            "tp": 723,
            "fn": 125,
            "fp": 136
        },
        "aste_precision": 0.7131552917903067,
        "aste_recall": 0.7253521126760564,
        "aste_f1": 0.719201995012469,
        "aste_edit_precision": 0.8410322259181829,
        "aste_edit_recall": 0.8259600181266137,
        "aste_edit_f1": 0.8334279838986236,
        "aste_confusion_matrix": {
            "tp": 721,
            "fn": 273,
            "fp": 290
        }
    },
    "remove": {
        "precision": 0.7951701427003293,
        "recall": 0.7997350408478693,
        "f1": 0.7974460590048436,
        "edit_precision": 0.8639189636971211,
        "edit_recall": 0.8707125112120914,
        "edit_f1": 0.8673024342577872,
        "confusion_matrix": {
            "tp": 3622,
            "fn": 907,
            "fp": 933
        },
        "ote_precision": 0.8506944444444444,
        "ote_recall": 0.8698224852071006,
        "ote_f1": 0.8601521357519016,
        "ote_edit_precision": 0.8988977353102053,
        "ote_edit_recall": 0.8823903772720295,
        "ote_edit_f1": 0.8905675687011886,
        "ote_confusion_matrix": {
            "tp": 735,
            "fn": 110,
            "fp": 129
        },
        "uabsa_precision": 0.7944572748267898,
        "uabsa_recall": 0.8113207547169812,
        "uabsa_f1": 0.8028004667444574,
        "uabsa_edit_precision": 0.8447475810830698,
        "uabsa_edit_recall": 0.8326293813099593,
        "uabsa_edit_f1": 0.8386447072658378,
        "uabsa_confusion_matrix": {
            "tp": 688,
            "fn": 160,