{
    "raw": {
        "precision": 0.7314343845371313,
        "recall": 0.7233400402414487,
        "f1": 0.7273646939807791,
        "edit_recall": 0.8404305563980679,
        "edit_precision": 0.8374486720438589,
        "edit_f1": 0.8389369645563896,
        "confusion_matrix": {
            "tp": 719,
            "fn": 275,
            "fp": 264
        }
    },
    "editdistance": {
        "precision": 0.7385554425228891,
        "recall": 0.7303822937625755,
        "f1": 0.7344461305007588,
        "edit_recall": 0.8402901535413672,
        "edit_precision": 0.8373801622220429,
        "edit_f1": 0.838832634129154,
        "confusion_matrix": {
            "tp": 726,
            "fn": 268,
            "fp": 257
        }
    },
    "cut": {
        "precision": 0.7314343845371313,
        "recall": 0.7233400402414487,
        "f1": 0.7273646939807791,
        "edit_recall": 0.8397195596483387,
        "edit_precision": 0.8366279896743464,
        "edit_f1": 0.8381709238787266,
        "confusion_matrix": {
            "tp": 719,
            "fn": 275,
            "fp": 264
        }
    },
    "remove": {
        "precision": 0.7497393117831074,
        "recall": 0.7233400402414487,
        "f1": 0.7363031233998976,
        "edit_recall": 0.8280491123893602,
        "edit_precision": 0.842414429068046,
        "edit_f1": 0.8351700027468951,
        "confusion_matrix": {
            "tp": 719,
            "fn": 275,
            "fp": 240
        }
    }
}