{"ao-cs": {"rest15-aos": 0, "rest15-cs": 0.6846846846846847, "rest16-aos": 0, "rest16-cs": 0.7776940467219291}, "ao-as-cs": {"rest15-aos": 0, "rest15-cs": 0.7119938884644768, "rest16-aos": 0, "rest16-cs": 0.7581602373887241}, "ao-acs": {"rest15-aos": 0, "rest15-cs": 0.6820338983050849, "rest16-aos": 0, "rest16-cs": 0.7083636363636365}, "cs-aos": {"rest15-aos": 0.5031605562579013, "rest15-cs": 0.6864988558352403, "rest16-aos": 0.6131025957972807, "rest16-cs": 0.7727272727272727}, "acos": {"rest15-aos": 0.4822270936037375, "rest15-cs": 0.39999999999999997, "rest16-aos": 0.5474919957310566, "rest16-cs": 0.6649713922441196}, "ao-as-acs": {"rest15-aos": 0, "rest15-cs": 0.6886657101865137, "rest16-aos": 0.0025348542458808617, "rest16-cs": 0.7024246877296104}, "ao-cs-aos": {"rest15-aos": 0.47924528301886793, "rest15-cs": 0.6681614349775785, "rest16-aos": 0.61557478368356, "rest16-cs": 0.7772020725388601}, "ao-cs-acs": {"rest15-aos": 0, "rest15-cs": 0.687211093990755, "rest16-aos": 0, "rest16-cs": 0.7964731814842027}, "as-cs-aos": {"rest15-aos": 0.4977375565610859, "rest15-cs": 0.6991017964071856, "rest16-aos": 0.5973072215422277, "rest16-cs": 0.7644128113879004}, "aos-acs": {"rest15-aos": 0.49346806275454996, "rest15-cs": 0.6223337515683814, "rest16-aos": 0.6066104990278677, "rest16-cs": 0.7615658362989324}, "ao-acos": {"rest15-aos": 0.5161587119033927, "rest15-cs": 0.6643356643356643, "rest16-aos": 0.6088034717916925, "rest16-cs": 0.7123493975903614}, "as-acos": {"rest15-aos": 0.4828947368421052, "rest15-cs": 0.6590214067278287, "rest16-aos": 0.6076276664511959, "rest16-cs": 0.7237237237237237}, "cs-acos": {"rest15-aos": 0.4493094211043043, "rest15-cs": 0.6965620328849028, "rest16-aos": 0.5964912280701754, "rest16-cs": 0.7692307692307692}, "ao-as-cs-aos": {"rest15-aos": 0.5117719950433705, "rest15-cs": 0.6980568011958146, "rest16-aos": 0.6071428571428572, "rest16-cs": 0.7621113521330443}, "ao-as-cs-acs": {"rest15-aos": 0, "rest15-cs": 0.7035100821508589, "rest16-aos": 0, "rest16-cs": 0.7848664688427299}, "ao-aos-acs": {"rest15-aos": 0.5009674831280382, "rest15-cs": 0.6895043731778425, "rest16-aos": 0.613249211356467, "rest16-cs": 0.7049861495844877}, "as-aos-acs": {"rest15-aos": 0.5, "rest15-cs": 0.33429811866859627, "rest16-aos": 0.6202134337727557, "rest16-cs": 0.7517831669044223}, "cs-aos-acs": {"rest15-aos": 0.5058788034349685, "rest15-cs": 0.7048054919908466, "rest16-aos": 0.62792166771952, "rest16-cs": 0.7943578322197477}, "ao-as-acos": {"rest15-aos": 0.4934210526315789, "rest15-cs": 0.6645962732919255, "rest16-aos": 0.6128417037507947, "rest16-cs": 0.7665920954511557}, "ao-cs-acos": {"rest15-aos": 0.49312346239281535, "rest15-cs": 0.6829268292682928, "rest16-aos": 0.6011063306699447, "rest16-cs": 0.7723214285714286}, "as-cs-acos": {"rest15-aos": 0.4990612338481716, "rest15-cs": 0.7013574660633484, "rest16-aos": 0.6282527881040891, "rest16-cs": 0.7938144329896908}, "aos-acos": {"rest15-aos": 0.5276954901247137, "rest15-cs": 0.6685159500693482, "rest16-aos": 0.6205583756345178, "rest16-cs": 0.7022032693674484}, "acs-acos": {"rest15-aos": 0.49878934624697335, "rest15-cs": 0.6905958363244795, "rest16-aos": 0.5334900117508814, "rest16-cs": 0.7718550106609807}, "ao-as-aos-acs": {"rest15-aos": 0.5012562814070352, "rest15-cs": 0.6806429070580013, "rest16-aos": 0.6220522625876354, "rest16-cs": 0.7539118065433854}, "ao-cs-aos-acs": {"rest15-aos": 0.510178117048346, "rest15-cs": 0.6717325227963525, "rest16-aos": 0.6055979643765904, "rest16-cs": 0.78125}, "as-cs-aos-acs": {"rest15-aos": 0.49963825992278105, "rest15-cs": 0.6825518831667948, "rest16-aos": 0.5862068965517242, "rest16-cs": 0.7906273620559334}, "ao-as-cs-acos": {"rest15-aos": 0.48500999333777484, "rest15-cs": 0.6530291109362707, "rest16-aos": 0.6283950617283951, "rest16-cs": 0.7624466571834994}, "ao-aos-acos": {"rest15-aos": 0.526930564568462, "rest15-cs": 0.6590093323761665, "rest16-aos": 0.6210790464240903, "rest16-cs": 0.7437185929648241}, "ao-acs-acos": {"rest15-aos": 0.49776643267389914, "rest15-cs": 0.6812227074235807, "rest16-aos": 0.6161369193154034, "rest16-cs": 0.7553648068669527}, "as-aos-acos": {"rest15-aos": 0.5232233460137751, "rest15-cs": 0.6721433905899925, "rest16-aos": 0.6017262638717633, "rest16-cs": 0.7509349289454003}, "as-acs-acos": {"rest15-aos": 0.45897582228427797, "rest15-cs": 0.6885496183206108, "rest16-aos": 0.620952380952381, "rest16-cs": 0.7454798331015299}, "cs-aos-acos": {"rest15-aos": 0.5124919923126202, "rest15-cs": 0.667175572519084, "rest16-aos": 0.616243025418475, "rest16-cs": 0.7784256559766765}, "cs-acs-acos": {"rest15-aos": 0.4788376500315856, "rest15-cs": 0.6774193548387097, "rest16-aos": 0.6129618413082981, "rest16-cs": 0.7777777777777777}, "ao-as-cs-aos-acs": {"rest15-aos": 0.4885021752641392, "rest15-cs": 0.6752851711026616, "rest16-aos": 0.6181369524984578, "rest16-cs": 0.7608370702541106}, "ao-as-aos-acos": {"rest15-aos": 0.5195137555982086, "rest15-cs": 0.670722433460076, "rest16-aos": 0.614321608040201, "rest16-cs": 0.7420749279538905}, "ao-as-acs-acos": {"rest15-aos": 0.5176470588235295, "rest15-cs": 0.7020164301717701, "rest16-aos": 0.6089139987445074, "rest16-cs": 0.757640369580668}, "ao-cs-aos-acos": {"rest15-aos": 0.47416020671834624, "rest15-cs": 0.6891788181120492, "rest16-aos": 0.5976863753213368, "rest16-cs": 0.7378787878787879}, "ao-cs-acs-acos": {"rest15-aos": 0.5063451776649746, "rest15-cs": 0.6743119266055045, "rest16-aos": 0.6096654275092936, "rest16-cs": 0.7646622123236824}, "as-cs-aos-acos": {"rest15-aos": 0.492507049242117, "rest15-cs": 0.6856287425149701, "rest16-aos": 0.6143958868894601, "rest16-cs": 0.7340823970037453}, "as-cs-acs-acos": {"rest15-aos": 0.504175114257242, "rest15-cs": 0.7006079027355624, "rest16-aos": 0.6219739292364992, "rest16-cs": 0.7722918201915993}, "aos-acs-acos": {"rest15-aos": 0.5102704169041649, "rest15-cs": 0.6889534883720929, "rest16-aos": 0.6072772898368883, "rest16-cs": 0.7659574468085107}, "ao-as-cs-aos-acos": {"rest15-aos": 0.5111252383979656, "rest15-cs": 0.6817120622568094, "rest16-aos": 0.6185696361355082, "rest16-cs": 0.751145038167939}, "ao-as-cs-acs-acos": {"rest15-aos": 0.48271364769707104, "rest15-cs": 0.6822429906542055}, "ao-cs-aos-acs-acos": {"rest16-aos": 0.6059479553903345, "rest16-cs": 0.7884615384615385}}