{"ao-cs": {"rest15-aos": 0, "rest15-cs": 0.6846846846846847, "rest16-aos": 0, "rest16-cs": 0.7776940467219291}, "ao-as-cs": {"rest15-aos": 0, "rest15-cs": 0.7119938884644768, "rest16-aos": 0, "rest16-cs": 0.7581602373887241}, "ao-acs": {"rest15-aos": 0, "rest15-cs": 0.6820338983050849, "rest16-aos": 0, "rest16-cs": 0.7083636363636365}, "cs-aos": {"rest15-aos": 0.5031605562579013, "rest15-cs": 0.6864988558352403, "rest16-aos": 0.6131025957972807, "rest16-cs": 0.7727272727272727}, "acos": {"rest15-aos": 0.4822270936037375, "rest15-cs": 0.39999999999999997, "rest16-aos": 0.5474919957310566, "rest16-cs": 0.6649713922441196}, "ao-as-acs": {"rest15-aos": 0, "rest15-cs": 0.6886657101865137, "rest16-aos": 0.0025348542458808617, "rest16-cs": 0.7024246877296104}, "ao-cs-aos": {"rest15-aos": 0.47924528301886793, "rest15-cs": 0.6681614349775785, "rest16-aos": 0.61557478368356, "rest16-cs": 0.7772020725388601}, "ao-cs-acs": {"rest15-aos": 0, "rest15-cs": 0.687211093990755, "rest16-aos": 0, "rest16-cs": 0.7964731814842027}, "as-cs-aos": {"rest15-aos": 0.4977375565610859, "rest15-cs": 0.6991017964071856, "rest16-aos": 0.5973072215422277, "rest16-cs": 0.7644128113879004}, "aos-acs": {"rest15-aos": 0.49346806275454996, "rest15-cs": 0.6223337515683814, "rest16-aos": 0.6066104990278677, "rest16-cs": 0.7615658362989324}, "ao-acos": {"rest15-aos": 0.5161587119033927, "rest15-cs": 0.6643356643356643, "rest16-aos": 0.6088034717916925, "rest16-cs": 0.7123493975903614}, "as-acos": {"rest15-aos": 0.4828947368421052, "rest15-cs": 0.6590214067278287, "rest16-aos": 0.6076276664511959, "rest16-cs": 0.7237237237237237}, "cs-acos": {"rest15-aos": 0.4493094211043043, "rest15-cs": 0.6965620328849028, "rest16-aos": 0.5964912280701754, "rest16-cs": 0.7692307692307692}, "ao-as-cs-aos": {"rest15-aos": 0.5117719950433705, "rest15-cs": 0.6980568011958146, "rest16-aos": 0.6071428571428572, "rest16-cs": 0.7621113521330443}, "ao-as-cs-acs": {"rest15-aos": 0, "rest15-cs": 0.7035100821508589, "rest16-aos": 0, "rest16-cs": 0.7848664688427299}, "ao-aos-acs": {"rest15-aos": 0.5009674831280382, "rest15-cs": 0.6895043731778425, "rest16-aos": 0.613249211356467, "rest16-cs": 0.7049861495844877}, "as-aos-acs": {"rest15-aos": 0.5, "rest15-cs": 0.33429811866859627, "rest16-aos": 0.6202134337727557, "rest16-cs": 0.7517831669044223}, "cs-aos-acs": {"rest15-aos": 0.5058788034349685, "rest15-cs": 0.7048054919908466, "rest16-aos": 0.62792166771952, "rest16-cs": 0.7943578322197477}, "ao-as-acos": {"rest15-aos": 0.4934210526315789, "rest15-cs": 0.6645962732919255, "rest16-aos": 0.6128417037507947, "rest16-cs": 0.7665920954511557}, "ao-cs-acos": {"rest15-aos": 0.49312346239281535, "rest15-cs": 0.6829268292682928, "rest16-aos": 0.6011063306699447, "rest16-cs": 0.7723214285714286}, "as-cs-acos": {"rest15-aos": 0.4990612338481716, "rest15-cs": 0.7013574660633484}}