{"ao-cs": {"rest15-aos": 0, "rest15-cs": 0.6846846846846847, "rest16-aos": 0, "rest16-cs": 0.7776940467219291}}