{
    "raw": {
        "precision": 0.8040089086859689,
        "recall": 0.7680851063829788,
        "f1": 0.7856365614798695,
        "edit_precision": 0.8570088532314531,
        "edit_recall": 0.8276834752282682,
        "edit_f1": 0.842090931336441,
        "confusion_matrix": {
            "tp": 361,
            "fn": 109,
            "fp": 88
        },
        "ote_precision": 0.8040089086859689,
        "ote_recall": 0.7680851063829788,
        "ote_f1": 0.7856365614798695,
        "ote_edit_precision": 0.8276834752282682,
        "ote_edit_recall": 0.8570088532314531,
        "ote_edit_f1": 0.842090931336441
    },
    "editdistance": {
        "precision": 0.8084632516703786,
        "recall": 0.7723404255319148,
        "f1": 0.7899891186071818,
        "edit_precision": 0.8574700352071117,
        "edit_recall": 0.8281240512007592,
        "edit_f1": 0.842541588232823,
        "confusion_matrix": {
            "tp": 363,
            "fn": 107,
            "fp": 86
        },
        "ote_precision": 0.8084632516703786,
        "ote_recall": 0.7723404255319148,
        "ote_f1": 0.7899891186071818,
        "ote_edit_precision": 0.8281240512007592,
        "ote_edit_recall": 0.8574700352071117,
        "ote_edit_f1": 0.842541588232823
    },
    "cut": {
        "precision": 0.8084632516703786,
        "recall": 0.7723404255319148,
        "f1": 0.7899891186071818,
        "edit_precision": 0.8559162613523181,
        "edit_recall": 0.8262701604106981,
        "edit_f1": 0.8408319760713616,
        "confusion_matrix": {
            "tp": 363,
            "fn": 107,
            "fp": 86
        },
        "ote_precision": 0.8084632516703786,
        "ote_recall": 0.7723404255319148,
        "ote_f1": 0.7899891186071818,
        "ote_edit_precision": 0.8262701604106981,
        "ote_edit_recall": 0.8559162613523181,
        "ote_edit_f1": 0.8408319760713616
    },
    "remove": {
        "precision": 0.8167420814479638,
        "recall": 0.7680851063829788,
        "f1": 0.7916666666666666,
        "edit_precision": 0.8605039931754627,
        "edit_recall": 0.8198663514536977,
        "edit_f1": 0.8396937872071292,
        "confusion_matrix": {
            "tp": 361,
            "fn": 109,
            "fp": 81
        },
        "ote_precision": 0.8167420814479638,
        "ote_recall": 0.7680851063829788,
        "ote_f1": 0.7916666666666666,
        "ote_edit_precision": 0.8198663514536977,
        "ote_edit_recall": 0.8605039931754627,
        "ote_edit_f1": 0.8396937872071292
    }
}