{"recall": 0.0018832391713747645, "precision": 0.16666666666666666, "f1_score": 0.0037243947858473}