{"recall": 0.7641196013289037, "precision": 0.811888932342589, "f1_score": 0.7872803148593636}