{"recall": 0.7763012181616833, "precision": 0.8209828393135725, "f1_score": 0.7980170781349416}