{"recall": 0.7633813215208564, "precision": 0.81015625, "f1_score": 0.7860735707322563}