{"recall": 0.7722406792174235, "precision": 0.8232758620689655, "f1_score": 0.7969420491182861}