{"recall": 0.7818383167220376, "precision": 0.8276670574443142, "f1_score": 0.8041002277904329}