{"recall": 0.7722406792174235, "precision": 0.8186791715513873, "f1_score": 0.7947821622748403}