{"recall": 0.7818383167220376, "precision": 0.8229126213592233, "f1_score": 0.8018498116126169}