{"as(a)": {"rest15-aos": 0.49971302380828153, "rest15-cs": 0.6686303387334316, "rest16-aos": 0.6003705991352686, "rest16-cs": 0.6566579634464751}, "ao(a)": {"rest15-aos": 0.4969014454706033, "rest15-cs": 0.6649806577308194, "rest16-aos": 0.6138855054811205, "rest16-cs": 0.6163366336633664}, "as(a)-ao(a)": {"rest15-aos": 0.48943224410736297, "rest15-cs": 0.5872589110971903, "rest16-aos": 0.5736118263993364, "rest16-cs": 0.6533914125700063}, "aos(ao)": {"rest15-aos": 0.46612962284877335, "rest15-cs": 0.6354883081155434, "rest16-aos": 0.575829383886256, "rest16-cs": 0.7661115133960898}, "aos(ao)-as(a)": {"rest15-aos": 0.4818334364207268, "rest15-cs": 0.6222845129642607, "rest16-aos": 0.5094339622641509, "rest16-cs": 0.49078462348604524}, "aos(ao)-ao(a)": {"rest15-aos": 0.5028072364316906, "rest15-cs": 0.6227056424201224, "rest16-aos": 0.6035805626598465, "rest16-cs": 0.6267652992602555}, "acos(aos)": {"rest15-aos": 0.3781648074680732, "rest15-cs": 0.590368980612883, "rest16-aos": 0.5942995755003032, "rest16-cs": 0.7126269956458636}, "aos(ao)-as(a)-ao(a)": {"rest15-aos": 0.47763074984247006, "rest15-cs": 0.6190125276344879, "rest16-aos": 0.5773447015834349, "rest16-cs": 0.571585298957762}, "acos(aos)-as(a)": {"rest15-aos": 0.4578438650992151, "rest15-cs": 0.6056616194865042, "rest16-aos": 0.5963248369887374, "rest16-cs": 0.5858123569794049}, "acos(aos)-ao(a)": {"rest15-aos": 0.4988002342849585, "rest15-cs": 0.593342981186686, "rest16-aos": 0.5990220048899756, "rest16-cs": 0.6958393113342898}, "acos(aos)-as(a)-ao(a)": {"rest15-aos": 0.5027472765187896, "rest15-cs": 0.6776740847092606, "rest16-aos": 0.6080586080586081, "rest16-cs": 0.5213460572576595}, "acos(aos)-aos(ao)": {"rest15-aos": 0.48352278069024796, "rest15-cs": 0.5342657342657343, "rest16-aos": 0.599272927793152, "rest16-cs": 0.7284966342557967}, "acos(aos)-aos(ao)-as(a)": {"rest15-aos": 0.5024691358024691, "rest15-cs": 0.6756960120391272, "rest16-aos": 0.5916230877302529, "rest16-cs": 0.6371335504885993}, "acos(aos)-aos(ao)-ao(a)": {"rest15-aos": 0.5025148073531943, "rest15-cs": 0.6277372262773722, "rest16-aos": 0.5895384615384616, "rest16-cs": 0.7084233261339093}, "acos(aos)-aos(ao)-as(a)-ao(a)": {"rest15-aos": 0.4571428571428572, "rest15-cs": 0.6132812499999999, "rest16-aos": 0.6102719033232628, "rest16-cs": 0.7137907137907139}}