{"raw": {"precision": 0.7885626643295355, "recall": 0.7946566570986973, "f1": 0.7915979324755306, "edit_precision": 0.8604647288238872, "edit_recall": 0.8719078780659132, "edit_f1": 0.8661485097092874, "confusion_matrix": {"tp": 3599, "fn": 930, "fp": 965}, "aope_precision": 0.764344262295082, "aope_recall": 0.7505030181086519, "aope_f1": 0.7573604060913706, "aope_edit_precision": 0.8904430631831014, "aope_edit_recall": 0.8839066665154961, "aope_edit_f1": 0.8871628253734611, "aope_confusion_matrix": {"tp": 746, "fn": 248, "fp": 230}, "aste_precision": 0.7194752774974773, "aste_recall": 0.7173038229376257, "aste_f1": 0.7183879093198993, "aste_edit_precision": 0.836607290806453, "aste_edit_recall": 0.8298239863275594, "aste_edit_f1": 0.8332018326512494, "aste_confusion_matrix": {"tp": 713, "fn": 281, "fp": 278}, "uabsa_precision": 0.79463243873979, "uabsa_recall": 0.8030660377358491, "uabsa_f1": 0.7988269794721408, "uabsa_edit_precision": 0.8337147611744137, "uabsa_edit_recall": 0.8296107592693877, "uabsa_edit_f1": 0.8316576972226774, "uabsa_confusion_matrix": {"tp": 681, "fn": 167, "fp": 176}, "ote_precision": 0.8308571428571428, "ote_recall": 0.8603550295857988, "ote_f1": 0.8453488372093022, "ote_edit_precision": 0.8996455283530959, "ote_edit_recall": 0.8737565100302191, "ote_edit_f1": 0.8865120487114122, "ote_confusion_matrix": {"tp": 727, "fn": 118, "fp": 148}, "ate_precision": 0.846242774566474, "ate_recall": 0.8632075471698113, "ate_f1": 0.8546409807355517, "ate_edit_precision": 0.9021133714158461, "ate_edit_recall": 0.8862418247539662, "ate_edit_f1": 0.894107168565653, "ate_confusion_matrix": {"tp": 732, "fn": 116, "fp": 133}}, "editdistance": {"precision": 0.7911919368974584, "recall": 0.7973062486200044, "f1": 0.7942373254151546, "edit_precision": 0.8606921420323674, "edit_recall": 0.8720395353735477, "edit_f1": 0.8663286825358145, "confusion_matrix": {"tp": 3611, "fn": 918, "fp": 953}, "aope_precision": 0.7694672131147541, "aope_recall": 0.755533199195171, "aope_f1": 0.7624365482233502, "aope_edit_precision": 0.8909131455822581, "aope_edit_recall": 0.8845038749764339, "aope_edit_f1": 0.8876969415185356, "aope_confusion_matrix": {"tp": 751, "fn": 243, "fp": 225}, "aste_precision": 0.7245206861755802, "aste_recall": 0.7223340040241448, "aste_f1": 0.723425692695214, "aste_edit_precision": 0.8371612095570518, "aste_edit_recall": 0.8306754022128091, "aste_edit_f1": 0.8339056950282644, "aste_confusion_matrix": {"tp": 718, "fn": 276, "fp": 273}, "uabsa_precision": 0.79463243873979, "uabsa_recall": 0.8030660377358491, "uabsa_f1": 0.7988269794721408, "uabsa_edit_precision": 0.8333519164719464, "uabsa_edit_recall": 0.8291863546991941, "uabsa_edit_f1": 0.8312639170876917, "uabsa_confusion_matrix": {"tp": 681, "fn": 167, "fp": 176}, "ote_precision": 0.8331428571428572, "ote_recall": 0.8627218934911243, "ote_f1": 0.8476744186046512, "ote_edit_precision": 0.8995107486029316, "ote_edit_recall": 0.8737279386016478, "ote_edit_f1": 0.8864319031588911, "ote_confusion_matrix": {"tp": 729, "fn": 116, "fp": 146}, "ate_precision": 0.846242774566474, "ate_recall": 0.8632075471698113, "ate_f1": 0.8546409807355517, "ate_edit_precision": 0.9021133714158461, "ate_edit_recall": 0.8862418247539662, "ate_edit_f1": 0.894107168565653, "ate_confusion_matrix": {"tp": 732, "fn": 116, "fp": 133}}, "cut": {"precision": 0.7885626643295355, "recall": 0.7946566570986973, "f1": 0.7915979324755306, "edit_precision": 0.8598737526977126, "edit_recall": 0.8712587585917058, "edit_f1": 0.8655288181988866, "confusion_matrix": {"tp": 3599, "fn": 930, "fp": 965}, "aope_precision": 0.764344262295082, "aope_recall": 0.7505030181086519, "aope_f1": 0.7573604060913706, "aope_edit_precision": 0.8896831465403878, "aope_edit_recall": 0.8831327350166669, "aope_edit_f1": 0.886395839157717, "aope_confusion_matrix": {"tp": 746, "fn": 248, "fp": 230}, "aste_precision": 0.7194752774974773, "aste_recall": 0.7173038229376257, "aste_f1": 0.7183879093198993, "aste_edit_precision": 0.8360988832180655, "aste_edit_recall": 0.8293758706534391, "aste_edit_f1": 0.8327238075622632, "aste_confusion_matrix": {"tp": 713, "fn": 281, "fp": 278}, "uabsa_precision": 0.79463243873979, "uabsa_recall": 0.8030660377358491, "uabsa_f1": 0.7988269794721408, "uabsa_edit_precision": 0.8330797829450959, "uabsa_edit_recall": 0.8291254471120321, "uabsa_edit_f1": 0.8310979114060516, "uabsa_confusion_matrix": {"tp": 681, "fn": 167, "fp": 176}, "ote_precision": 0.8308571428571428, "ote_recall": 0.8603550295857988, "ote_f1": 0.8453488372093022, "ote_edit_precision": 0.8982956037678772, "ote_edit_recall": 0.8725200954643928, "ote_edit_f1": 0.8852202589965716, "ote_confusion_matrix": {"tp": 727, "fn": 118, "fp": 148}, "ate_precision": 0.846242774566474, "ate_recall": 0.8632075471698113, "ate_f1": 0.8546409807355517, "ate_edit_precision": 0.9021133714158461, "ate_edit_recall": 0.8862418247539662, "ate_edit_f1": 0.894107168565653, "ate_confusion_matrix": {"tp": 732, "fn": 116, "fp": 133}}, "remove": {"precision": 0.7974739641037004, "recall": 0.7946566570986973, "f1": 0.7960628179606283, "edit_precision": 0.8642986067521938, "edit_recall": 0.8674389052071192, "edit_f1": 0.8658659087021916, "confusion_matrix": {"tp": 3599, "fn": 930, "fp": 914}, "aope_precision": 0.7778936392075079, "aope_recall": 0.7505030181086519, "aope_f1": 0.7639528929851511, "aope_edit_precision": 0.8819746662212435, "aope_edit_recall": 0.8888153953273531, "aope_edit_f1": 0.8853818175832715, "aope_confusion_matrix": {"tp": 746, "fn": 248, "fp": 213}, "aste_precision": 0.7342945417095778, "aste_recall": 0.7173038229376257, "aste_f1": 0.7256997455470738, "aste_edit_precision": 0.8290299726406036, "aste_edit_recall": 0.8360681793030613, "aste_edit_f1": 0.8325342010670211, "aste_confusion_matrix": {"tp": 713, "fn": 281, "fp": 258}, "uabsa_precision": 0.797423887587822, "uabsa_recall": 0.8030660377358491, "uabsa_f1": 0.800235017626322, "uabsa_edit_precision": 0.8327104588729416, "uabsa_edit_recall": 0.8309325163710449, "uabsa_edit_f1": 0.831820537574541, "uabsa_confusion_matrix": {"tp": 681, "fn": 167, "fp": 173}, "ote_precision": 0.8385236447520185, "ote_recall": 0.8603550295857988, "ote_f1": 0.8492990654205608, "ote_edit_precision": 0.895575837360328, "ote_edit_recall": 0.8769443550175908, "ote_edit_f1": 0.8861621756869024, "ote_confusion_matrix": {"tp": 727, "fn": 118, "fp": 140}, "ate_precision": 0.8491879350348028, "ate_recall": 0.8632075471698113, "ate_f1": 0.856140350877193, "ate_edit_precision": 0.9021133714158461, "ate_edit_recall": 0.8891604655096562, "ate_edit_f1": 0.8955900864910123, "ate_confusion_matrix": {"tp": 732, "fn": 116, "fp": 130}}}