{
    "raw": {
        "precision": 0.7510656436487638,
        "recall": 0.7110573042776432,
        "f1": 0.7305140961857379,
        "edit_precision": 0.8357124153704746,
        "edit_recall": 0.8073800506290749,
        "edit_f1": 0.8213019610222536,
        "confusion_matrix": {
            "tp": 1762,
            "fn": 716,
            "fp": 584
        },
        "uabsa_precision": 0.7355555555555555,
        "uabsa_recall": 0.714902807775378,
        "uabsa_f1": 0.7250821467688936,
        "uabsa_edit_precision": 0.7484323033768205,
        "uabsa_edit_recall": 0.7690541615379228,
        "uabsa_edit_f1": 0.7586031122507506,
        "uabsa_confusion_matrix": {
            "tp": 331,
            "fn": 132,
            "fp": 119
        },
        "ote_precision": 0.8066666666666666,
        "ote_recall": 0.7723404255319148,
        "ote_f1": 0.7891304347826086,
        "ote_edit_precision": 0.8343348947618268,
        "ote_edit_recall": 0.8606068131024269,
        "ote_edit_f1": 0.8472672440704742,
        "ote_confusion_matrix": {
            "tp": 363,
            "fn": 107,
            "fp": 87
        },
        "ate_precision": 0.8590604026845637,
        "ate_recall": 0.8293736501079914,
        "ate_f1": 0.843956043956044,
        "ate_edit_precision": 0.8699338824342845,
        "ate_edit_recall": 0.8949907104894861,
        "ate_edit_f1": 0.882284429193588,
        "ate_confusion_matrix": {
            "tp": 384,
            "fn": 79,
            "fp": 63
        },
        "aope_precision": 0.7274549098196392,
        "aope_recall": 0.6709796672828097,
        "aope_f1": 0.698076923076923,
        "aope_edit_precision": 0.8569261016359688,
        "aope_edit_recall": 0.8831909663967471,
        "aope_edit_f1": 0.8698603165706541,
        "aope_confusion_matrix": {
            "tp": 363,
            "fn": 178,
            "fp": 136
        },
        "aste_precision": 0.642,
        "aste_recall": 0.5933456561922366,
        "aste_f1": 0.61671469740634,
        "aste_edit_precision": 0.7313304989005336,
        "aste_edit_recall": 0.7729214961003993,
        "aste_edit_f1": 0.7515510236749944,
        "aste_confusion_matrix": {
            "tp": 321,
            "fn": 220,
            "fp": 179
        }
    },
    "editdistance": {
        "precision": 0.7540494458653026,
        "recall": 0.7138821630347054,
        "f1": 0.7334162520729686,
        "edit_precision": 0.8356351736532072,
        "edit_recall": 0.8070145319221518,
        "edit_f1": 0.8210755174819484,
        "confusion_matrix": {
            "tp": 1769,
            "fn": 709,
            "fp": 577
        },
        "uabsa_precision": 0.7355555555555555,
        "uabsa_recall": 0.714902807775378,
        "uabsa_f1": 0.7250821467688936,
        "uabsa_edit_precision": 0.7484323033768205,
        "uabsa_edit_recall": 0.7690541615379228,
        "uabsa_edit_f1": 0.7586031122507506,
        "uabsa_confusion_matrix": {
            "tp": 331,
            "fn": 132,
            "fp": 119
        },
        "ote_precision": 0.8088888888888889,
        "ote_recall": 0.774468085106383,
        "ote_f1": 0.7913043478260869,
        "ote_edit_precision": 0.8332366313231377,
        "ote_edit_recall": 0.8593176824799632,
        "ote_edit_f1": 0.8460762117313134,
        "ote_confusion_matrix": {
            "tp": 364,
            "fn": 106,
            "fp": 86
        },
        "ate_precision": 0.8590604026845637,
        "ate_recall": 0.8293736501079914,
        "ate_f1": 0.843956043956044,
        "ate_edit_precision": 0.8699338824342845,
        "ate_edit_recall": 0.8949907104894861,
        "ate_edit_f1": 0.882284429193588,
        "ate_confusion_matrix": {
            "tp": 384,
            "fn": 79,
            "fp": 63
        },
        "aope_precision": 0.7334669338677354,
        "aope_recall": 0.6765249537892791,
        "aope_f1": 0.7038461538461539,
        "aope_edit_precision": 0.856312990163338,
        "aope_edit_recall": 0.883305061275371,
        "aope_edit_f1": 0.86959962001035,
        "aope_confusion_matrix": {
            "tp": 366,
            "fn": 175,
            "fp": 133
        },
        "aste_precision": 0.648,
        "aste_recall": 0.5988909426987061,
        "aste_f1": 0.6224783861671469,
        "aste_edit_precision": 0.7312235151059344,
        "aste_edit_recall": 0.7736054288343321,
        "aste_edit_f1": 0.7518176511093588,
        "aste_confusion_matrix": {
            "tp": 324,
            "fn": 217,
            "fp": 176
        }
    },
    "cut": {
        "precision": 0.7514919011082694,
        "recall": 0.7114608555286521,
        "f1": 0.7309286898839137,
        "edit_precision": 0.8339491051512818,
        "edit_recall": 0.8056207442238846,
        "edit_f1": 0.8195401970740758,
        "confusion_matrix": {
            "tp": 1763,
            "fn": 715,
            "fp": 583
        },
        "uabsa_precision": 0.7355555555555555,
        "uabsa_recall": 0.714902807775378,
        "uabsa_f1": 0.7250821467688936,
        "uabsa_edit_precision": 0.7484323033768205,
        "uabsa_edit_recall": 0.7690541615379228,
        "uabsa_edit_f1": 0.7586031122507506,
        "uabsa_confusion_matrix": {
            "tp": 331,
            "fn": 132,
            "fp": 119
        },
        "ote_precision": 0.8088888888888889,
        "ote_recall": 0.774468085106383,
        "ote_f1": 0.7913043478260869,
        "ote_edit_precision": 0.8304614897979963,
        "ote_edit_recall": 0.8566247488703629,
        "ote_edit_f1": 0.8433402499995841,
        "ote_confusion_matrix": {
            "tp": 364,
            "fn": 106,
            "fp": 86
        },
        "ate_precision": 0.8590604026845637,
        "ate_recall": 0.8293736501079914,
        "ate_f1": 0.843956043956044,
        "ate_edit_precision": 0.8699338824342845,
        "ate_edit_recall": 0.8949907104894861,
        "ate_edit_f1": 0.882284429193588,
        "ate_confusion_matrix": {
            "tp": 384,
            "fn": 79,
            "fp": 63
        },
        "aope_precision": 0.7274549098196392,
        "aope_recall": 0.6709796672828097,
        "aope_f1": 0.698076923076923,
        "aope_edit_precision": 0.8538273827331835,
        "aope_edit_recall": 0.879913740950183,
        "aope_edit_f1": 0.8666743104879691,
        "aope_confusion_matrix": {
            "tp": 363,
            "fn": 178,
            "fp": 136
        },
        "aste_precision": 0.642,
        "aste_recall": 0.5933456561922366,
        "aste_f1": 0.61671469740634,
        "aste_edit_precision": 0.729735944348493,
        "aste_edit_recall": 0.7715025733564764,
        "aste_edit_f1": 0.7500382548087844,
        "aste_confusion_matrix": {
            "tp": 321,
            "fn": 220,
            "fp": 179
        }
    },
    "remove": {
        "precision": 0.763762462071955,
        "recall": 0.7110573042776432,
        "f1": 0.7364681295715779,
        "edit_precision": 0.8398929362584787,
        "edit_recall": 0.7999828081531396,
        "edit_f1": 0.8194522200669772,
        "confusion_matrix": {
            "tp": 1762,
            "fn": 716,
            "fp": 545
        },
        "uabsa_precision": 0.7371937639198218,
        "uabsa_recall": 0.714902807775378,
        "uabsa_f1": 0.7258771929824561,
        "uabsa_edit_precision": 0.7484323033768205,
        "uabsa_edit_recall": 0.7707669770424616,
        "uabsa_edit_f1": 0.7594354623910428,
        "uabsa_confusion_matrix": {
            "tp": 331,
            "fn": 132,
            "fp": 118
        },
        "ote_precision": 0.8231292517006803,
        "ote_recall": 0.7723404255319148,
        "ote_f1": 0.7969264544456641,
        "ote_edit_precision": 0.8228467463853804,
        "ote_edit_recall": 0.8649082809752339,
        "ote_edit_f1": 0.8433533935730128,
        "ote_confusion_matrix": {
            "tp": 363,
            "fn": 107,
            "fp": 78
        },
        "ate_precision": 0.8609865470852018,