{"aos(ao)": {"rest15-aos": 0.4876946125053978, "rest15-cs": 0.6831148804934463, "rest16-aos": 0.5968712394705173, "rest16-cs": 0.767511177347243}, "acos(aos)": {"rest15-aos": 0.5072639225181598, "rest15-cs": 0.6996996996996996, "rest16-aos": 0.6004962779156328, "rest16-cs": 0.784431137724551}, "acos(aos)-aos(ao)": {"rest15-aos": 0.48756218905472637, "rest15-cs": 0.6997742663656885, "rest16-aos": 0.5829863176680548, "rest16-cs": 0.788546255506608}}