{"aos(ao)": {"rest15-aos": 0.4770857814336076, "rest15-cs": 0.577721837633732, "rest16-aos": 0.5822485207100592, "rest16-cs": 0.6080760095011877}, "acos(aos)": {"rest15-aos": 0.4962871287128713, "rest15-cs": 0.6857562408223201, "rest16-aos": 0.6159695817490495, "rest16-cs": 0.7749244712990938}, "acos(aos)-aos(ao)": {"rest15-aos": 0.4922204001208174, "rest15-cs": 0.5111512959614225, "rest16-aos": 0.5865853658536585, "rest16-cs": 0.5417322834645668}}