{"raw": {"precision": 0.7142857142857143, "recall": 0.7101167315175098, "f1": 0.7121951219512196, "edit_precision": 0.805512599212364, "edit_recall": 0.8154041231983378, "edit_f1": 0.8104281800598879, "confusion_matrix": {"tp": 365, "fn": 149, "fp": 146}, "aste_precision": 0.7142857142857143, "aste_recall": 0.7101167315175098, "aste_f1": 0.7121951219512196, "aste_edit_precision": 0.8154041231983378, "aste_edit_recall": 0.805512599212364, "aste_edit_f1": 0.8104281800598879, "aste_confusion_matrix": {"tp": 365, "fn": 149, "fp": 146}}, "editdistance": {"precision": 0.7162426614481409, "recall": 0.7120622568093385, "f1": 0.7141463414634147, "edit_precision": 0.8047448870566052, "edit_recall": 0.8150840491671367, "edit_f1": 0.8098814713333973, "confusion_matrix": {"tp": 366, "fn": 148, "fp": 145}, "aste_precision": 0.7162426614481409, "aste_recall": 0.7120622568093385, "aste_f1": 0.7141463414634147, "aste_edit_precision": 0.8150840491671367, "aste_edit_recall": 0.8047448870566052, "aste_edit_f1": 0.8098814713333973, "aste_confusion_matrix": {"tp": 366, "fn": 148, "fp": 145}}, "cut": {"precision": 0.7142857142857143, "recall": 0.7101167315175098, "f1": 0.7121951219512196, "edit_precision": 0.806551614313718, "edit_recall": 0.8154594588023882, "edit_f1": 0.8109810762770017, "confusion_matrix": {"tp": 365, "fn": 149, "fp": 146}, "aste_precision": 0.7142857142857143, "aste_recall": 0.7101167315175098, "aste_f1": 0.7121951219512196, "aste_edit_precision": 0.8154594588023882, "aste_edit_recall": 0.806551614313718, "aste_edit_f1": 0.8109810762770017, "aste_confusion_matrix": {"tp": 365, "fn": 149, "fp": 146}}, "remove": {"precision": 0.7403651115618661, "recall": 0.7101167315175098, "f1": 0.7249255213505461, "edit_precision": 0.8199485177225934, "edit_recall": 0.803618157539881, "edit_f1": 0.8117012096017081, "confusion_matrix": {"tp": 365, "fn": 149, "fp": 128}, "aste_precision": 0.7403651115618661, "aste_recall": 0.7101167315175098, "aste_f1": 0.7249255213505461, "aste_edit_precision": 0.803618157539881, "aste_edit_recall": 0.8199485177225934, "aste_edit_f1": 0.8117012096017081, "aste_confusion_matrix": {"tp": 365, "fn": 149, "fp": 128}}}