{"recall": 0.013810420590081607, "precision": 0.014824797843665768, "f1_score": 0.014299642508937276}