{"raw": {"precision": 0.7824892029839027, "recall": 0.8297252289758534, "f1": 0.8054152354010912, "edit_precision": 0.8499613042996574, "edit_recall": 0.89162536004957, "edit_f1": 0.8702949666390174, "confusion_matrix": {"tp": 1993, "fn": 409, "fp": 554}, "uabsa_precision": 0.7586912065439673, "uabsa_recall": 0.8207964601769911, "uabsa_f1": 0.7885228480340064, "uabsa_edit_precision": 0.8513976792383183, "uabsa_edit_recall": 0.7946066050349714, "uabsa_edit_f1": 0.8220224283716244, "uabsa_confusion_matrix": {"tp": 371, "fn": 81, "fp": 118}, "ote_precision": 0.8682008368200836, "ote_recall": 0.8829787234042553, "ote_f1": 0.8755274261603375, "ote_edit_precision": 0.9147741258523912, "ote_edit_recall": 0.9016390882507518, "ote_edit_f1": 0.908159115321315, "ote_confusion_matrix": {"tp": 415, "fn": 55, "fp": 63}, "ate_precision": 0.819672131147541, "ate_recall": 0.8849557522123894, "ate_f1": 0.851063829787234, "ate_edit_precision": 0.9161986342226878, "ate_edit_recall": 0.8585945969662288, "ate_edit_f1": 0.8864617953996514, "ate_confusion_matrix": {"tp": 400, "fn": 52, "fp": 88}, "aste_precision": 0.7158469945355191, "aste_recall": 0.7645914396887159, "aste_f1": 0.7394167450611476, "aste_edit_precision": 0.8576993161210869, "aste_edit_recall": 0.8145040539980908, "aste_edit_f1": 0.8355437892009824, "aste_confusion_matrix": {"tp": 393, "fn": 121, "fp": 156}, "aope_precision": 0.7624309392265194, "aope_recall": 0.8054474708171206, "aope_f1": 0.783349101229896, "aope_edit_precision": 0.9181503764938341, "aope_edit_recall": 0.8824096483255911, "aope_edit_f1": 0.8999252895367208, "aope_confusion_matrix": {"tp": 414, "fn": 100, "fp": 129}}, "editdistance": {"precision": 0.7832744405182568, "recall": 0.8305578684429642, "f1": 0.8062234794908062, "edit_precision": 0.8492023183391746, "edit_recall": 0.8904202163173651, "edit_f1": 0.8693229674011608, "confusion_matrix": {"tp": 1995, "fn": 407, "fp": 552}, "uabsa_precision": 0.7607361963190185, "uabsa_recall": 0.8230088495575221, "uabsa_f1": 0.7906482465462273, "uabsa_edit_precision": 0.8499104619325171, "uabsa_edit_recall": 0.7947999813019675, "uabsa_edit_f1": 0.8214319086146942, "uabsa_confusion_matrix": {"tp": 372, "fn": 80, "fp": 117}, "ote_precision": 0.8702928870292888, "ote_recall": 0.8851063829787233, "ote_f1": 0.8776371308016877, "ote_edit_precision": 0.9145170336538095, "ote_edit_recall": 0.9013862988504728, "ote_edit_f1": 0.907904192305321, "ote_confusion_matrix": {"tp": 416, "fn": 54, "fp": 62}, "ate_precision": 0.819672131147541, "ate_recall": 0.8849557522123894, "ate_f1": 0.851063829787234, "ate_edit_precision": 0.9147114169168863, "ate_edit_recall": 0.8571490252337718, "ate_edit_f1": 0.8849952069914154, "ate_confusion_matrix": {"tp": 400, "fn": 52, "fp": 88}, "aste_precision": 0.7158469945355191, "aste_recall": 0.7645914396887159, "aste_f1": 0.7394167450611476, "aste_edit_precision": 0.8565438581441307, "aste_edit_recall": 0.8132247460754344, "aste_edit_f1": 0.8343223842890503, "aste_confusion_matrix": {"tp": 393, "fn": 121, "fp": 156}, "aope_precision": 0.7624309392265194, "aope_recall": 0.8054474708171206, "aope_f1": 0.783349101229896, "aope_edit_precision": 0.916524749904686, "aope_edit_recall": 0.881490521534431, "aope_edit_f1": 0.8986663157160536, "aope_confusion_matrix": {"tp": 414, "fn": 100, "fp": 129}}, "cut": {"precision": 0.7824892029839027, "recall": 0.8297252289758534, "f1": 0.8054152354010912, "edit_precision": 0.8496336431597403, "edit_recall": 0.8910144146530293, "edit_f1": 0.8698321522625986, "confusion_matrix": {"tp": 1993, "fn": 409, "fp": 554}, "uabsa_precision": 0.7586912065439673, "uabsa_recall": 0.8207964601769911, "uabsa_f1": 0.7885228480340064, "uabsa_edit_precision": 0.8513976792383183, "uabsa_edit_recall": 0.7946066050349714, "uabsa_edit_f1": 0.8220224283716244, "uabsa_confusion_matrix": {"tp": 371, "fn": 81, "fp": 118}, "ote_precision": 0.8682008368200836, "ote_recall": 0.8829787234042553, "ote_f1": 0.8755274261603375, "ote_edit_precision": 0.9134177428736677, "ote_edit_recall": 0.9003054062423835, "ote_edit_f1": 0.9068141766483678, "ote_confusion_matrix": {"tp": 415, "fn": 55, "fp": 63}, "ate_precision": 0.819672131147541, "ate_recall": 0.8849557522123894, "ate_f1": 0.851063829787234, "ate_edit_precision": 0.9161986342226878, "ate_edit_recall": 0.8585945969662288, "ate_edit_f1": 0.8864617953996514, "ate_confusion_matrix": {"tp": 400, "fn": 52, "fp": 88}, "aste_precision": 0.7158469945355191, "aste_recall": 0.7645914396887159, "aste_f1": 0.7394167450611476, "aste_edit_precision": 0.8572995659037297, "aste_edit_recall": 0.8151770157366262, "aste_edit_f1": 0.8357078471499771, "aste_confusion_matrix": {"tp": 393, "fn": 121, "fp": 156}, "aope_precision": 0.7624309392265194, "aope_recall": 0.8054474708171206, "aope_f1": 0.783349101229896, "aope_edit_precision": 0.9169353585351392, "aope_edit_recall": 0.8813663538176267, "aope_edit_f1": 0.8987990925963608, "aope_confusion_matrix": {"tp": 414, "fn": 100, "fp": 129}}, "remove": {"precision": 0.7962445065920895, "recall": 0.8297252289758534, "f1": 0.8126401630988785, "edit_precision": 0.855528623590022, "edit_recall": 0.8829197408006532, "edit_f1": 0.8690083939909208, "confusion_matrix": {"tp": 1993, "fn": 409, "fp": 510}, "uabsa_precision": 0.7713097713097713, "uabsa_recall": 0.8207964601769911, "uabsa_f1": 0.7952840300107181, "uabsa_edit_precision": 0.8452275710770598, "uabsa_edit_recall": 0.8007399351463202, "uabsa_edit_f1": 0.8223825414403712, "uabsa_confusion_matrix": {"tp": 371, "fn": 81, "fp": 110}, "ote_precision": 0.8718487394957983, "ote_recall": 0.8829787234042553, "ote_f1": 0.8773784355179705, "ote_edit_precision": 0.911210296065157, "ote_edit_recall": 0.9014971656523655, "ote_edit_f1": 0.9063277076574427, "ote_confusion_matrix": {"tp": 415, "fn": 55, "fp": 61}, "ate_precision": 0.8298755186721992, "ate_recall": 0.8849557522123894, "ate_f1": 0.8565310492505354, "ate_edit_precision": 0.910028526061429, "ate_edit_recall": 0.8626295482630675, "ate_edit_f1": 0.8856953382191551, "ate_confusion_matrix": {"tp": 400, "fn": 52, "fp": 82}, "aste_precision": 0.7359550561797753, "aste_recall": 0.7645914396887159, "aste_f1": 0.75, "aste_edit_precision": 0.845678535885326, "aste_edit_recall": 0.8247947237197727, "aste_edit_f1": 0.8351060878713756, "aste_confusion_matrix": {"tp": 393, "fn": 121, "fp": 141}, "aope_precision": 0.7811320754716982, "aope_recall": 0.8054474708171206, "aope_f1": 0.7931034482758621, "aope_edit_precision": 0.903598939495899, "aope_edit_recall": 0.8884750197372872, "aope_edit_f1": 0.8959731616732302, "aope_confusion_matrix": {"tp": 414, "fn": 100, "fp": 116}}}