{"raw": {"precision": 0.6065022421524664, "recall": 0.6268022657054583, "f1": 0.6164851861230692, "edit_precision": 0.7490248148057645, "edit_recall": 0.780303768979694, "edit_f1": 0.7643444217926775, "confusion_matrix": {"tp": 4869, "fn": 2899, "fp": 3159}, "ote_precision": 0.6759932848349188, "ote_recall": 0.7002898550724638, "ote_f1": 0.6879271070615034, "ote_edit_precision": 0.8063972906519682, "ote_edit_recall": 0.7744457107211563, "ote_edit_f1": 0.7900986022522496, "ote_confusion_matrix": {"tp": 1208, "fn": 517, "fp": 579}, "ate_precision": 0.7049960348929422, "ate_recall": 0.7129109863672815, "ate_f1": 0.7089314194577353, "ate_edit_precision": 0.7791451527862471, "ate_edit_recall": 0.7630568910397121, "ate_edit_f1": 0.7710171054874175, "ate_confusion_matrix": {"tp": 889, "fn": 358, "fp": 372}, "uabsa_precision": 0.6661619984859954, "uabsa_recall": 0.6918238993710691, "uabsa_f1": 0.6787504820671038, "uabsa_edit_precision": 0.7516255949087839, "uabsa_edit_recall": 0.7215115957950827, "uabsa_edit_f1": 0.7362607988519391, "uabsa_confusion_matrix": {"tp": 880, "fn": 392, "fp": 441}, "aope_precision": 0.5240174672489083, "aope_recall": 0.5448354143019296, "aope_f1": 0.5342237061769617, "aope_edit_precision": 0.7873445727987696, "aope_edit_recall": 0.7544189679547377, "aope_edit_f1": 0.7705301939431147, "aope_confusion_matrix": {"tp": 960, "fn": 802, "fp": 872}, "aste_precision": 0.5101258894362343, "aste_recall": 0.52894438138479, "aste_f1": 0.5193647255502924, "aste_edit_precision": 0.7692403243699035, "aste_edit_recall": 0.7289598364874096, "aste_edit_f1": 0.7485585914652849, "aste_confusion_matrix": {"tp": 932, "fn": 830, "fp": 895}}, "editdistance": {"precision": 0.6116093672147483, "recall": 0.6320803295571575, "f1": 0.6216763737655103, "edit_precision": 0.7496699052377704, "edit_recall": 0.7807153776531895, "edit_f1": 0.7648777464421526, "confusion_matrix": {"tp": 4910, "fn": 2858, "fp": 3118}, "ote_precision": 0.681029658645775, "ote_recall": 0.7055072463768116, "ote_f1": 0.6930523917995444, "ote_edit_precision": 0.8067340178725412, "ote_edit_recall": 0.7751480003646152, "ote_edit_f1": 0.7906256643297415, "ote_confusion_matrix": {"tp": 1217, "fn": 508, "fp": 570}, "ate_precision": 0.7073750991276765, "ate_recall": 0.7153167602245389, "ate_f1": 0.7113237639553428, "ate_edit_precision": 0.7794692639864609, "ate_edit_recall": 0.7632798496389593, "ate_edit_f1": 0.771289611977999, "ate_confusion_matrix": {"tp": 892, "fn": 355, "fp": 369}, "uabsa_precision": 0.6699470098410295, "uabsa_recall": 0.6957547169811321, "uabsa_f1": 0.6826070188970305, "uabsa_edit_precision": 0.7522581133773873, "uabsa_edit_recall": 0.7223159107080275, "uabsa_edit_f1": 0.7369830139096707, "uabsa_confusion_matrix": {"tp": 885, "fn": 387, "fp": 436}, "aope_precision": 0.5294759825327511, "aope_recall": 0.5505107832009081, "aope_f1": 0.5397885364496383, "aope_edit_precision": 0.7875664061746565, "aope_edit_recall": 0.7549129557343096, "aope_edit_f1": 0.7708940530478832, "aope_confusion_matrix": {"tp": 970, "fn": 792, "fp": 862}, "aste_precision": 0.5177887246852764, "aste_recall": 0.5368898978433598, "aste_f1": 0.5271663415993313, "aste_edit_precision": 0.7698174646384518, "aste_edit_recall": 0.7298767264652186, "aste_edit_f1": 0.7493152329310135, "aste_confusion_matrix": {"tp": 946, "fn": 816, "fp": 881}}, "cut": {"precision": 0.6071250622820129, "recall": 0.6274459320288363, "f1": 0.6171182577867814, "edit_precision": 0.7479215252390928, "edit_recall": 0.7793989803119209, "edit_f1": 0.7633358839955877, "confusion_matrix": {"tp": 4874, "fn": 2894, "fp": 3154}, "ote_precision": 0.6771124790151091, "ote_recall": 0.7014492753623188, "ote_f1": 0.6890660592255125, "ote_edit_precision": 0.805071363377445, "ote_edit_recall": 0.7728333839051612, "ote_edit_f1": 0.7886230485276532, "ote_confusion_matrix": {"tp": 1210, "fn": 515, "fp": 577}, "ate_precision": 0.7049960348929422, "ate_recall": 0.7129109863672815, "ate_f1": 0.7089314194577353, "ate_edit_precision": 0.778660656662216, "ate_edit_recall": 0.7625116888192521, "ate_edit_f1": 0.7705015653432687, "ate_confusion_matrix": {"tp": 889, "fn": 358, "fp": 372}, "uabsa_precision": 0.6661619984859954, "uabsa_recall": 0.6918238993710691, "uabsa_f1": 0.6787504820671038, "uabsa_edit_precision": 0.7505830490549172, "uabsa_edit_recall": 0.7205863707971856, "uabsa_edit_f1": 0.735278898544182, "uabsa_confusion_matrix": {"tp": 880, "fn": 392, "fp": 441}, "aope_precision": 0.5251091703056768, "aope_recall": 0.5459704880817253, "aope_f1": 0.5353366722314971, "aope_edit_precision": 0.7865582127471904, "aope_edit_recall": 0.753513406545927, "aope_edit_f1": 0.7696812939204069, "aope_confusion_matrix": {"tp": 962, "fn": 800, "fp": 870}, "aste_precision": 0.5106732348111659, "aste_recall": 0.5295119182746879, "aste_f1": 0.5199219838395096, "aste_edit_precision": 0.7684314013171007, "aste_edit_recall": 0.7276422284425867, "aste_edit_f1": 0.7474807738566307, "aste_confusion_matrix": {"tp": 933, "fn": 829, "fp": 894}}, "remove": {"precision": 0.6178149980966883, "recall": 0.6268022657054583, "f1": 0.6222761837817112, "edit_precision": 0.7530876428722857, "edit_recall": 0.7753089427796949, "edit_f1": 0.7640367555083168, "confusion_matrix": {"tp": 4869, "fn": 2899, "fp": 3012}, "ote_precision": 0.686753837407618, "ote_recall": 0.7002898550724638, "ote_f1": 0.69345579793341, "ote_edit_precision": 0.8022107132690178, "ote_edit_recall": 0.7781999928855223, "ote_edit_f1": 0.7900229591302127, "ote_confusion_matrix": {"tp": 1208, "fn": 517, "fp": 551}, "ate_precision": 0.7112, "ate_recall": 0.7129109863672815, "ate_f1": 0.7120544653584302, "ate_edit_precision": 0.7766925999928762, "ate_edit_recall": 0.76608449009356, "ate_edit_f1": 0.7713520744486135, "ate_confusion_matrix": {"tp": 889, "fn": 358, "fp": 361}, "uabsa_precision": 0.6732976281560826, "uabsa_recall": 0.6918238993710691, "uabsa_f1": 0.6824350523458704, "uabsa_edit_precision": 0.7488409562648344, "uabsa_edit_recall": 0.7252839962698313, "uabsa_edit_f1": 0.7368742526153107, "uabsa_confusion_matrix": {"tp": 880, "fn": 392, "fp": 427}, "aope_precision": 0.5378151260504201, "aope_recall": 0.5448354143019296, "aope_f1": 0.5413025091626726, "aope_edit_precision": 0.7799108119115875, "aope_edit_recall": 0.7594914708731989, "aope_edit_f1": 0.7695657156193173, "aope_confusion_matrix": {"tp": 960, "fn": 802, "fp": 825}, "aste_precision": 0.5235955056179775, "aste_recall": 0.52894438138479, "aste_f1": 0.5262563523433089, "aste_edit_precision": 0.762498392721577, "aste_edit_recall": 0.7331381206407639, "aste_edit_f1": 0.7475300765087296, "aste_confusion_matrix": {"tp": 932, "fn": 830, "fp": 848}}}