{
    "raw": {
        "precision": 0.7586912065439673,
        "recall": 0.8207964601769911,
        "f1": 0.7885228480340064,
        "edit_recall": 0.8513976792383183,
        "edit_precision": 0.7946066050349715,
        "edit_f1": 0.8220224283716245,
        "confusion_matrix": {
            "tp": 371,
            "fn": 81,
            "fp": 118
        }
    },
    "editdistance": {
        "precision": 0.7607361963190185,
        "recall": 0.8230088495575221,
        "f1": 0.7906482465462273,
        "edit_recall": 0.849910461932517,
        "edit_precision": 0.7947999813019674,
        "edit_f1": 0.8214319086146941,
        "confusion_matrix": {
            "tp": 372,
            "fn": 80,
            "fp": 117
        }
    },
    "cut": {
        "precision": 0.7586912065439673,
        "recall": 0.8207964601769911,
        "f1": 0.7885228480340064,
        "edit_recall": 0.8513976792383183,
        "edit_precision": 0.7946066050349715,
        "edit_f1": 0.8220224283716245,
        "confusion_matrix": {
            "tp": 371,
            "fn": 81,
            "fp": 118
        }
    },
    "remove": {
        "precision": 0.7713097713097713,
        "recall": 0.8207964601769911,
        "f1": 0.7952840300107181,
        "edit_recall": 0.8452275710770597,
        "edit_precision": 0.8007399351463202,
        "edit_f1": 0.8223825414403713,
        "confusion_matrix": {
            "tp": 371,
            "fn": 81,
            "fp": 110
        }
    }
}