{"raw": {"precision": 0.3474515434314429, "recall": 0.32202262142381904, "f1": 0.3342541436464088, "edit_precision": 0.5343813611538061, "edit_recall": 0.5111364771534954, "edit_f1": 0.5225005186690341, "confusion_matrix": {"tp": 484, "fn": 1019, "fp": 909}, "uabsa_precision": 0.4087301587301587, "uabsa_recall": 0.36140350877192984, "uabsa_f1": 0.38361266294227186, "uabsa_edit_precision": 0.4631299677462241, "uabsa_edit_recall": 0.5094898587103004, "uabsa_edit_f1": 0.4852050419148575, "uabsa_confusion_matrix": {"tp": 103, "fn": 182, "fp": 149}, "aste_precision": 0.25, "aste_recall": 0.23219814241486067, "aste_f1": 0.2407704654895666, "aste_edit_precision": 0.5035389336014572, "aste_edit_recall": 0.5168750085781538, "aste_edit_f1": 0.5101198246444109, "aste_confusion_matrix": {"tp": 75, "fn": 248, "fp": 225}, "ote_precision": 0.4232081911262799, "ote_recall": 0.4290657439446367, "ote_f1": 0.4261168384879726, "ote_edit_precision": 0.5758452398928616, "ote_edit_recall": 0.5670636723830415, "ote_edit_f1": 0.5714207194476951, "ote_confusion_matrix": {"tp": 124, "fn": 165, "fp": 169}, "ate_precision": 0.41767068273092367, "ate_recall": 0.3674911660777385, "ate_f1": 0.3909774436090225, "ate_edit_precision": 0.4821880175212762, "ate_edit_recall": 0.5283515087256111, "ate_edit_f1": 0.5042153422597258, "ate_confusion_matrix": {"tp": 104, "fn": 179, "fp": 145}, "aope_precision": 0.2608695652173913, "aope_recall": 0.24148606811145512, "aope_f1": 0.25080385852090037, "aope_edit_precision": 0.5285589025176484, "aope_edit_recall": 0.5459200917655572, "aope_edit_f1": 0.5370992380515203, "aope_confusion_matrix": {"tp": 78, "fn": 245, "fp": 221}}, "editdistance": {"precision": 0.35247666905958364, "recall": 0.32667997338656024, "f1": 0.33908839779005523, "edit_precision": 0.5351560466213785, "edit_recall": 0.5118102724894272, "edit_f1": 0.5232228717314914, "confusion_matrix": {"tp": 491, "fn": 1012, "fp": 902}, "uabsa_precision": 0.4166666666666667, "uabsa_recall": 0.3684210526315789, "uabsa_f1": 0.3910614525139665, "uabsa_edit_precision": 0.46351983129398233, "uabsa_edit_recall": 0.5099307758178842, "uabsa_edit_f1": 0.4856189424545768, "uabsa_confusion_matrix": {"tp": 105, "fn": 180, "fp": 147}, "aste_precision": 0.25333333333333335, "aste_recall": 0.23529411764705882, "aste_f1": 0.24398073836276085, "aste_edit_precision": 0.5040557172064762, "aste_edit_recall": 0.5175787464068916, "aste_edit_f1": 0.5107277319291502, "aste_confusion_matrix": {"tp": 76, "fn": 247, "fp": 224}, "ote_precision": 0.4300341296928328, "ote_recall": 0.4359861591695502, "ote_f1": 0.4329896907216495, "ote_edit_precision": 0.5777716370501901, "ote_edit_recall": 0.5689637706030685, "ote_edit_f1": 0.5733338780151854, "ote_confusion_matrix": {"tp": 126, "fn": 163, "fp": 167}, "ate_precision": 0.42168674698795183, "ate_recall": 0.3710247349823322, "ate_f1": 0.39473684210526316, "ate_edit_precision": 0.48228617221307046, "ate_edit_recall": 0.5284630660660841, "ate_edit_f1": 0.5043198048270071, "ate_confusion_matrix": {"tp": 105, "fn": 178, "fp": 144}, "aope_precision": 0.26421404682274247, "aope_recall": 0.24458204334365324, "aope_f1": 0.2540192926045016, "aope_edit_precision": 0.5290238425118523, "aope_edit_recall": 0.5464966731714103, "aope_edit_f1": 0.5376183266525904, "aope_confusion_matrix": {"tp": 79, "fn": 244, "fp": 220}}, "cut": {"precision": 0.3474515434314429, "recall": 0.32202262142381904, "f1": 0.3342541436464088, "edit_precision": 0.533534964341551, "edit_recall": 0.5098737797627603, "edit_f1": 0.5214360919275951, "confusion_matrix": {"tp": 484, "fn": 1019, "fp": 909}, "uabsa_precision": 0.4087301587301587, "uabsa_recall": 0.36140350877192984, "uabsa_f1": 0.38361266294227186, "uabsa_edit_precision": 0.4630269323800308, "uabsa_edit_recall": 0.5093733306175818, "uabsa_edit_f1": 0.4850956538925518, "uabsa_confusion_matrix": {"tp": 103, "fn": 182, "fp": 149}, "aste_precision": 0.25, "aste_recall": 0.23219814241486067, "aste_f1": 0.2407704654895666, "aste_edit_precision": 0.5019641152309732, "aste_edit_recall": 0.5162950422481875, "aste_edit_f1": 0.5090287323746523, "aste_confusion_matrix": {"tp": 75, "fn": 248, "fp": 225}, "ote_precision": 0.4232081911262799, "ote_recall": 0.4290657439446367, "ote_f1": 0.4261168384879726, "ote_edit_precision": 0.5724797163603456, "ote_edit_recall": 0.5639607910267102, "ote_edit_f1": 0.568188324134361, "ote_confusion_matrix": {"tp": 124, "fn": 165, "fp": 169}, "ate_precision": 0.41767068273092367, "ate_recall": 0.3674911660777385, "ate_f1": 0.3909774436090225, "ate_edit_precision": 0.48208425398995086, "ate_edit_recall": 0.5282335766799681, "ate_edit_f1": 0.5041049103871624, "ate_confusion_matrix": {"tp": 104, "fn": 179, "fp": 145}, "aope_precision": 0.2608695652173913, "aope_recall": 0.24148606811145512, "aope_f1": 0.25080385852090037, "aope_edit_precision": 0.527451158291701, "aope_edit_recall": 0.5457957892092159, "aope_edit_f1": 0.5364666946027127, "aope_confusion_matrix": {"tp": 78, "fn": 245, "fp": 221}}, "remove": {"precision": 0.3590504451038576, "recall": 0.32202262142381904, "f1": 0.3395299894773764, "edit_precision": 0.5397828098311842, "edit_recall": 0.5013874867958596, "edit_f1": 0.5198771945638987, "confusion_matrix": {"tp": 484, "fn": 1019, "fp": 864}, "uabsa_precision": 0.41700404858299595, "uabsa_recall": 0.36140350877192984, "uabsa_f1": 0.38721804511278196, "uabsa_edit_precision": 0.4565022874343333, "uabsa_edit_recall": 0.5111439494174365, "uabsa_edit_f1": 0.4822803483976617, "uabsa_confusion_matrix": {"tp": 103, "fn": 182, "fp": 144}, "aste_precision": 0.2631578947368421, "aste_recall": 0.23219814241486067, "aste_f1": 0.24671052631578946, "aste_edit_precision": 0.4906236464601639, "aste_edit_recall": 0.5251123907029592, "aste_edit_f1": 0.507282495652412, "aste_confusion_matrix": {"tp": 75, "fn": 248, "fp": 210}, "ote_precision": 0.43205574912891986, "ote_recall": 0.4290657439446367, "ote_f1": 0.4305555555555556, "ote_edit_precision": 0.5674157299814802, "ote_edit_recall": 0.5709032819845162, "ote_edit_f1": 0.5691541634477133, "ote_confusion_matrix": {"tp": 124, "fn": 165, "fp": 163}, "ate_precision": 0.42276422764227645, "ate_recall": 0.3674911660777385, "ate_f1": 0.3931947069943289, "ate_edit_precision": 0.47875260330847685, "ate_edit_recall": 0.5308426969530688, "ate_edit_f1": 0.5034538553175445, "ate_confusion_matrix": {"tp": 104, "fn": 179, "fp": 142}, "aope_precision": 0.2756183745583039, "aope_recall": 0.24148606811145512, "aope_f1": 0.25742574257425743, "aope_edit_precision": 0.5125098149467866, "aope_edit_recall": 0.5557635880423143, "aope_edit_f1": 0.5332610413490463, "aope_confusion_matrix": {"tp": 78, "fn": 245, "fp": 205}}}