{
    "raw": {
        "precision": 0.8682008368200836,
        "recall": 0.8829787234042553,
        "f1": 0.8755274261603375,
        "edit_precision": 0.9016390882507521,
        "edit_recall": 0.9147741258523914,
        "edit_f1": 0.9081591153213154,
        "confusion_matrix": {
            "tp": 415,
            "fn": 55,
            "fp": 63
        },
        "ote_precision": 0.8682008368200836,
        "ote_recall": 0.8829787234042553,
        "ote_f1": 0.8755274261603375,
        "ote_edit_precision": 0.9147741258523914,
        "ote_edit_recall": 0.9016390882507521,
        "ote_edit_f1": 0.9081591153213154
    },
    "editdistance": {
        "precision": 0.8702928870292888,
        "recall": 0.8851063829787233,
        "f1": 0.8776371308016877,
        "edit_precision": 0.9013862988504732,
        "edit_recall": 0.9145170336538098,
        "edit_f1": 0.9079041923053214,
        "confusion_matrix": {
            "tp": 416,
            "fn": 54,
            "fp": 62
        },
        "ote_precision": 0.8702928870292888,
        "ote_recall": 0.8851063829787233,
        "ote_f1": 0.8776371308016877,
        "ote_edit_precision": 0.9145170336538098,
        "ote_edit_recall": 0.9013862988504732,
        "ote_edit_f1": 0.9079041923053214
    },
    "cut": {
        "precision": 0.8682008368200836,
        "recall": 0.8829787234042553,
        "f1": 0.8755274261603375,
        "edit_precision": 0.9003054062423839,
        "edit_recall": 0.913417742873668,
        "edit_f1": 0.906814176648368,
        "confusion_matrix": {
            "tp": 415,
            "fn": 55,
            "fp": 63
        },
        "ote_precision": 0.8682008368200836,
        "ote_recall": 0.8829787234042553,
        "ote_f1": 0.8755274261603375,
        "ote_edit_precision": 0.913417742873668,
        "ote_edit_recall": 0.9003054062423839,
        "ote_edit_f1": 0.906814176648368
    },
    "remove": {
        "precision": 0.8718487394957983,
        "recall": 0.8829787234042553,
        "f1": 0.8773784355179705,
        "edit_precision": 0.9014971656523659,
        "edit_recall": 0.9112102960651574,
        "edit_f1": 0.906327707657443,
        "confusion_matrix": {
            "tp": 415,
            "fn": 55,
            "fp": 61
        },
        "ote_precision": 0.8718487394957983,
        "ote_recall": 0.8829787234042553,
        "ote_f1": 0.8773784355179705,
        "ote_edit_precision": 0.9112102960651574,
        "ote_edit_recall": 0.9014971656523659,
        "ote_edit_f1": 0.906327707657443
    }
}