{"precision": 0.26373626373626374, "recall": 0.09896907216494845, "f1": 0.143928035982009, "edit_precision": 0.5434458000159441, "edit_recall": 0.180168360577157, "edit_f1": 0.27061863679163506, "confusion_matrix": {"tp": 48, "fn": 437, "fp": 134}, "aste_precision": 0.26373626373626374, "aste_recall": 0.09896907216494845, "aste_f1": 0.143928035982009, "aste_edit_precision": 0.180168360577157, "aste_edit_recall": 0.5434458000159441, "aste_edit_f1": 0.27061863679163506, "aste_confusion_matrix": {"tp": 48, "fn": 437, "fp": 134}}