{"raw": {"precision": 0.6239837398373984, "recall": 0.5674676524953789, "f1": 0.5943852855759924, "edit_precision": 0.7575173901537777, "edit_recall": 0.7173856458260803, "edit_f1": 0.7369055306051673, "confusion_matrix": {"tp": 307, "fn": 234, "fp": 185}, "aste_precision": 0.6239837398373984, "aste_recall": 0.5674676524953789, "aste_f1": 0.5943852855759924, "aste_edit_precision": 0.7173856458260803, "aste_edit_recall": 0.7575173901537777, "aste_edit_f1": 0.7369055306051673, "aste_confusion_matrix": {"tp": 307, "fn": 234, "fp": 185}}, "editdistance": {"precision": 0.6321138211382114, "recall": 0.5748613678373382, "f1": 0.6021297192642787, "edit_precision": 0.7577321313746166, "edit_recall": 0.7176255681547273, "edit_f1": 0.7371337153834219, "confusion_matrix": {"tp": 311, "fn": 230, "fp": 181}, "aste_precision": 0.6321138211382114, "aste_recall": 0.5748613678373382, "aste_f1": 0.6021297192642787, "aste_edit_precision": 0.7176255681547273, "aste_edit_recall": 0.7577321313746166, "aste_edit_f1": 0.7371337153834219, "aste_confusion_matrix": {"tp": 311, "fn": 230, "fp": 181}}, "cut": {"precision": 0.6300813008130082, "recall": 0.5730129390018485, "f1": 0.6001936108422072, "edit_precision": 0.756301194425387, "edit_recall": 0.7162973779633209, "edit_f1": 0.7357559251720304, "confusion_matrix": {"tp": 310, "fn": 231, "fp": 182}, "aste_precision": 0.6300813008130082, "aste_recall": 0.5730129390018485, "aste_f1": 0.6001936108422072, "aste_edit_precision": 0.7162973779633209, "aste_edit_recall": 0.756301194425387, "aste_edit_f1": 0.7357559251720304, "aste_confusion_matrix": {"tp": 310, "fn": 231, "fp": 182}}, "remove": {"precision": 0.6476793248945147, "recall": 0.5674676524953789, "f1": 0.6049261083743842, "edit_precision": 0.7633321063850657, "edit_recall": 0.7049622302603358, "edit_f1": 0.7329869641477665, "confusion_matrix": {"tp": 307, "fn": 234, "fp": 167}, "aste_precision": 0.6476793248945147, "aste_recall": 0.5674676524953789, "aste_f1": 0.6049261083743842, "aste_edit_precision": 0.7049622302603358, "aste_edit_recall": 0.7633321063850657, "aste_edit_f1": 0.7329869641477665, "aste_confusion_matrix": {"tp": 307, "fn": 234, "fp": 167}}}