{"raw": {"precision": 0.3307254623044097, "recall": 0.3093812375249501, "f1": 0.3196974905465796, "edit_precision": 0.5256243947665897, "edit_recall": 0.5140852697701346, "edit_f1": 0.5197907992934725, "confusion_matrix": {"tp": 465, "fn": 1038, "fp": 941}, "aste_precision": 0.23278688524590163, "aste_recall": 0.21981424148606812, "aste_f1": 0.22611464968152867, "aste_edit_precision": 0.5066961338687875, "aste_edit_recall": 0.506976663609462, "aste_edit_f1": 0.5068363599214039, "aste_confusion_matrix": {"tp": 71, "fn": 252, "fp": 234}, "uabsa_precision": 0.367816091954023, "uabsa_recall": 0.3368421052631579, "uabsa_f1": 0.3516483516483517, "uabsa_edit_precision": 0.46520038073913067, "uabsa_edit_recall": 0.4877588744871941, "uabsa_edit_f1": 0.4762126247809896, "uabsa_confusion_matrix": {"tp": 96, "fn": 189, "fp": 165}, "aope_precision": 0.25412541254125415, "aope_recall": 0.23839009287925697, "aope_f1": 0.24600638977635783, "aope_edit_precision": 0.5406015647196247, "aope_edit_recall": 0.544191154083007, "aope_edit_f1": 0.542390420408744, "aope_confusion_matrix": {"tp": 77, "fn": 246, "fp": 226}, "ate_precision": 0.3904382470119522, "ate_recall": 0.3462897526501767, "ate_f1": 0.36704119850187267, "ate_edit_precision": 0.4902914521275471, "ate_edit_recall": 0.5227185568765589, "ate_edit_f1": 0.5059859982172894, "ate_confusion_matrix": {"tp": 98, "fn": 185, "fp": 153}, "ote_precision": 0.43006993006993005, "ote_recall": 0.42560553633217996, "ote_f1": 0.4278260869565218, "ote_edit_precision": 0.5642159666356648, "ote_edit_recall": 0.5629464088692827, "ote_edit_f1": 0.5635804727814292, "ote_confusion_matrix": {"tp": 123, "fn": 166, "fp": 163}}, "editdistance": {"precision": 0.33712660028449504, "recall": 0.3153692614770459, "f1": 0.3258851839119972, "edit_precision": 0.5263340686956358, "edit_recall": 0.5148037441320772, "edit_f1": 0.52050505877385, "confusion_matrix": {"tp": 474, "fn": 1029, "fp": 932}, "aste_precision": 0.23934426229508196, "aste_recall": 0.2260061919504644, "aste_f1": 0.23248407643312102, "aste_edit_precision": 0.507396052428967, "aste_edit_recall": 0.5076699080310898, "aste_edit_f1": 0.5075329432881479, "aste_confusion_matrix": {"tp": 73, "fn": 250, "fp": 232}, "uabsa_precision": 0.37547892720306514, "uabsa_recall": 0.34385964912280703, "uabsa_f1": 0.358974358974359, "uabsa_edit_precision": 0.46545733625924407, "uabsa_edit_recall": 0.4880394581011111, "uabsa_edit_f1": 0.476480985569621, "uabsa_confusion_matrix": {"tp": 98, "fn": 187, "fp": 163}, "aope_precision": 0.2607260726072607, "aope_recall": 0.24458204334365324, "aope_f1": 0.25239616613418525, "aope_edit_precision": 0.5422011683900156, "aope_edit_recall": 0.5450794235278468, "aope_edit_f1": 0.5436364862925488, "aope_confusion_matrix": {"tp": 79, "fn": 244, "fp": 224}, "ate_precision": 0.398406374501992, "ate_recall": 0.35335689045936397, "ate_f1": 0.3745318352059925, "ate_edit_precision": 0.49000814199441356, "ate_edit_recall": 0.5227613151364486, "ate_edit_f1": 0.5058551063778154, "ate_confusion_matrix": {"tp": 100, "fn": 183, "fp": 151}, "ote_precision": 0.43356643356643354, "ote_recall": 0.4290657439446367, "ote_f1": 0.43130434782608695, "ote_edit_precision": 0.5654065054936934, "ote_edit_recall": 0.5644612749790434, "ote_edit_f1": 0.564933494853501, "ote_confusion_matrix": {"tp": 124, "fn": 165, "fp": 162}}, "cut": {"precision": 0.3307254623044097, "recall": 0.3093812375249501, "f1": 0.3196974905465796, "edit_precision": 0.5236747239547446, "edit_recall": 0.5127334413669734, "edit_f1": 0.5181463295146223, "confusion_matrix": {"tp": 465, "fn": 1038, "fp": 941}, "aste_precision": 0.23278688524590163, "aste_recall": 0.21981424148606812, "aste_f1": 0.22611464968152867, "aste_edit_precision": 0.5053015164181099, "aste_edit_recall": 0.5052468420261494, "aste_edit_f1": 0.5052741777430867, "aste_confusion_matrix": {"tp": 71, "fn": 252, "fp": 234}, "uabsa_precision": 0.367816091954023, "uabsa_recall": 0.3368421052631579, "uabsa_f1": 0.3516483516483517, "uabsa_edit_precision": 0.46309113367143484, "uabsa_edit_recall": 0.48545567366614695, "uabsa_edit_f1": 0.4740097516037025, "uabsa_confusion_matrix": {"tp": 96, "fn": 189, "fp": 165}, "aope_precision": 0.25412541254125415, "aope_recall": 0.23839009287925697, "aope_f1": 0.24600638977635783, "aope_edit_precision": 0.5392476837851604, "aope_edit_recall": 0.541975006039729, "aope_edit_f1": 0.5406079051554222, "aope_confusion_matrix": {"tp": 77, "fn": 246, "fp": 226}, "ate_precision": 0.3904382470119522, "ate_recall": 0.3462897526501767, "ate_f1": 0.36704119850187267, "ate_edit_precision": 0.48729988146813186, "ate_edit_recall": 0.518852325719491, "ate_edit_f1": 0.5025813689348189, "ate_confusion_matrix": {"tp": 98, "fn": 185, "fp": 153}, "ote_precision": 0.43006993006993005, "ote_recall": 0.42560553633217996, "ote_f1": 0.4278260869565218, "ote_edit_precision": 0.5652668898168332, "ote_edit_recall": 0.563049243531125, "ote_edit_f1": 0.5641558873401455, "ote_confusion_matrix": {"tp": 123, "fn": 166, "fp": 163}}, "remove": {"precision": 0.3426676492262343, "recall": 0.3093812375249501, "f1": 0.3251748251748252, "edit_precision": 0.5296591809276564, "edit_recall": 0.4979473041384654, "edit_f1": 0.5133139291898174, "confusion_matrix": {"tp": 465, "fn": 1038, "fp": 892}, "aste_precision": 0.24398625429553264, "aste_recall": 0.21981424148606812, "aste_f1": 0.23127035830618892, "aste_edit_precision": 0.4798897150202113, "aste_edit_recall": 0.5102962915616015, "aste_edit_f1": 0.4946261415645126, "aste_confusion_matrix": {"tp": 71, "fn": 252, "fp": 220}, "uabsa_precision": 0.3779527559055118, "uabsa_recall": 0.3368421052631579, "uabsa_f1": 0.3562152133580705, "uabsa_edit_precision": 0.45558965993422784, "uabsa_edit_recall": 0.49174638725243935, "uabsa_edit_f1": 0.4729780314124988, "uabsa_confusion_matrix": {"tp": 96, "fn": 189, "fp": 158}, "aope_precision": 0.2682926829268293, "aope_recall": 0.23839009287925697, "aope_f1": 0.25245901639344265, "aope_edit_precision": 0.5146024152949058, "aope_edit_recall": 0.5494664068569112, "aope_edit_f1": 0.531463255393902, "aope_confusion_matrix": {"tp": 77, "fn": 246, "fp": 210}, "ate_precision": 0.4, "ate_recall": 0.3462897526501767, "ate_f1": 0.37121212121212127, "ate_edit_precision": 0.47925403327368854, "ate_edit_recall": 0.5237169713165377, "ate_edit_f1": 0.5004999539341164, "ate_confusion_matrix": {"tp": 98, "fn": 185, "fp": 147}, "ote_precision": 0.4392857142857143, "ote_recall": 0.42560553633217996, "ote_f1": 0.43233743409490333, "ote_edit_precision": 0.5595913340159939, "ote_edit_recall": 0.5690721020421418, "ote_edit_f1": 0.5642918988236723, "ote_confusion_matrix": {"tp": 123, "fn": 166, "fp": 157}}}