{
    "raw": {
        "precision": 0.7624309392265194,
        "recall": 0.8054474708171206,
        "f1": 0.783349101229896,
        "edit_recall": 0.9181503764938337,
        "edit_precision": 0.8824096483255908,
        "edit_f1": 0.8999252895367205,
        "confusion_matrix": {
            "tp": 414,
            "fn": 100,
            "fp": 129
        }
    },
    "editdistance": {
        "precision": 0.7624309392265194,
        "recall": 0.8054474708171206,
        "f1": 0.783349101229896,
        "edit_recall": 0.9165247499046857,
        "edit_precision": 0.8814905215344306,
        "edit_f1": 0.898666315716053,
        "confusion_matrix": {
            "tp": 414,
            "fn": 100,
            "fp": 129
        }
    },
    "cut": {
        "precision": 0.7624309392265194,
        "recall": 0.8054474708171206,
        "f1": 0.783349101229896,
        "edit_recall": 0.9169353585351387,
        "edit_precision": 0.8813663538176263,
        "edit_f1": 0.8987990925963604,
        "confusion_matrix": {
            "tp": 414,
            "fn": 100,
            "fp": 129
        }
    },
    "remove": {
        "precision": 0.7811320754716982,
        "recall": 0.8054474708171206,
        "f1": 0.7931034482758621,
        "edit_recall": 0.9035989394958986,
        "edit_precision": 0.8884750197372866,
        "edit_f1": 0.8959731616732297,
        "confusion_matrix": {
            "tp": 414,
            "fn": 100,
            "fp": 116
        }
    }
}