{
    "raw": {
        "precision": 0.7184684684684685,
        "recall": 0.6889848812095032,
        "f1": 0.7034178610804851,
        "edit_recall": 0.7237975368941222,
        "edit_precision": 0.7538259386193018,
        "edit_f1": 0.7385066177700877,
        "confusion_matrix": {
            "tp": 319,
            "fn": 144,
            "fp": 125
        }
    },
    "editdistance": {
        "precision": 0.7184684684684685,
        "recall": 0.6889848812095032,
        "f1": 0.7034178610804851,
        "edit_recall": 0.7237975368941222,
        "edit_precision": 0.7538259386193018,
        "edit_f1": 0.7385066177700877,
        "confusion_matrix": {
            "tp": 319,
            "fn": 144,
            "fp": 125
        }
    },
    "cut": {
        "precision": 0.7184684684684685,
        "recall": 0.6889848812095032,
        "f1": 0.7034178610804851,
        "edit_recall": 0.7237975368941222,
        "edit_precision": 0.7538259386193018,
        "edit_f1": 0.7385066177700877,
        "confusion_matrix": {
            "tp": 319,
            "fn": 144,
            "fp": 125
        }
    },
    "remove": {
        "precision": 0.7184684684684685,
        "recall": 0.6889848812095032,
        "f1": 0.7034178610804851,
        "edit_recall": 0.7237975368941222,
        "edit_precision": 0.7538259386193018,
        "edit_f1": 0.7385066177700877,
        "confusion_matrix": {
            "tp": 319,
            "fn": 144,
            "fp": 125
        }
    }
}