{"raw": {"precision": 0.22950819672131148, "recall": 0.21671826625386997, "f1": 0.2229299363057325, "edit_precision": 0.47804736335945824, "edit_recall": 0.48399149746092485, "edit_f1": 0.48100106694710537, "confusion_matrix": {"tp": 70, "fn": 253, "fp": 235}, "aste_precision": 0.22950819672131148, "aste_recall": 0.21671826625386997, "aste_f1": 0.2229299363057325, "aste_edit_precision": 0.48399149746092485, "aste_edit_recall": 0.47804736335945824, "aste_edit_f1": 0.48100106694710537, "aste_confusion_matrix": {"tp": 70, "fn": 253, "fp": 235}}, "editdistance": {"precision": 0.24262295081967214, "recall": 0.22910216718266255, "f1": 0.2356687898089172, "edit_precision": 0.4807836693390681, "edit_recall": 0.4866150458383227, "edit_f1": 0.48368178213023005, "confusion_matrix": {"tp": 74, "fn": 249, "fp": 231}, "aste_precision": 0.24262295081967214, "aste_recall": 0.22910216718266255, "aste_f1": 0.2356687898089172, "aste_edit_precision": 0.4866150458383227, "aste_edit_recall": 0.4807836693390681, "aste_edit_f1": 0.48368178213023005, "aste_confusion_matrix": {"tp": 74, "fn": 249, "fp": 231}}, "cut": {"precision": 0.22950819672131148, "recall": 0.21671826625386997, "f1": 0.2229299363057325, "edit_precision": 0.47677269240006237, "edit_recall": 0.48256772428156225, "edit_f1": 0.47965270548472305, "confusion_matrix": {"tp": 70, "fn": 253, "fp": 235}, "aste_precision": 0.22950819672131148, "aste_recall": 0.21671826625386997, "aste_f1": 0.2229299363057325, "aste_edit_precision": 0.48256772428156225, "aste_edit_recall": 0.47677269240006237, "aste_edit_f1": 0.47965270548472305, "aste_confusion_matrix": {"tp": 70, "fn": 253, "fp": 235}}, "remove": {"precision": 0.2422145328719723, "recall": 0.21671826625386997, "f1": 0.22875816993464052, "edit_precision": 0.4845455579831118, "edit_recall": 0.464186434134344, "edit_f1": 0.47414754979185103, "confusion_matrix": {"tp": 70, "fn": 253, "fp": 219}, "aste_precision": 0.2422145328719723, "aste_recall": 0.21671826625386997, "aste_f1": 0.22875816993464052, "aste_edit_precision": 0.464186434134344, "aste_edit_recall": 0.4845455579831118, "aste_edit_f1": 0.47414754979185103, "aste_confusion_matrix": {"tp": 70, "fn": 253, "fp": 219}}}