{"raw": {"precision": 0.8394762366634335, "recall": 0.75556525534701, "f1": 0.7953135768435562, "edit_precision": 0.9162392166170733, "edit_recall": 0.8473963357357049, "edit_f1": 0.8804741476013913, "confusion_matrix": {"tp": 1731, "fn": 560, "fp": 331}, "aste_precision": 0.8394762366634335, "aste_recall": 0.75556525534701, "aste_f1": 0.7953135768435562, "aste_edit_precision": 0.8473963357357049, "aste_edit_recall": 0.9162392166170733, "aste_edit_f1": 0.8804741476013913, "aste_confusion_matrix": {"tp": 1731, "fn": 560, "fp": 331}}, "editdistance": {"precision": 0.8414161008729389, "recall": 0.7573112178088172, "f1": 0.7971513898460832, "edit_precision": 0.9164089156947611, "edit_recall": 0.8475182894176075, "edit_f1": 0.8806183320781558, "confusion_matrix": {"tp": 1735, "fn": 556, "fp": 327}, "aste_precision": 0.8414161008729389, "aste_recall": 0.7573112178088172, "aste_f1": 0.7971513898460832, "aste_edit_precision": 0.8475182894176075, "aste_edit_recall": 0.9164089156947611, "aste_edit_f1": 0.8806183320781558, "aste_confusion_matrix": {"tp": 1735, "fn": 556, "fp": 327}}, "cut": {"precision": 0.8404461687681862, "recall": 0.7564382365779135, "f1": 0.7962324833448197, "edit_precision": 0.9160081788536796, "edit_recall": 0.847153073610162, "edit_f1": 0.8802361588692588, "confusion_matrix": {"tp": 1733, "fn": 558, "fp": 329}, "aste_precision": 0.8404461687681862, "aste_recall": 0.7564382365779135, "aste_f1": 0.7962324833448197, "aste_edit_precision": 0.847153073610162, "aste_edit_recall": 0.9160081788536796, "aste_edit_f1": 0.8802361588692588, "aste_confusion_matrix": {"tp": 1733, "fn": 558, "fp": 329}}, "remove": {"precision": 0.8472834067547724, "recall": 0.75556525534701, "f1": 0.7988001845869865, "edit_precision": 0.9195677993314841, "edit_recall": 0.8439315065157061, "edit_f1": 0.8801276367504258, "confusion_matrix": {"tp": 1731, "fn": 560, "fp": 312}, "aste_precision": 0.8472834067547724, "aste_recall": 0.75556525534701, "aste_f1": 0.7988001845869865, "aste_edit_precision": 0.8439315065157061, "aste_edit_recall": 0.9195677993314841, "aste_edit_f1": 0.8801276367504258, "aste_confusion_matrix": {"tp": 1731, "fn": 560, "fp": 312}}}