{"global": 2.8888609409332275, "concept": 0.811490535736084, "sentiment_marker": 0.6372833251953125, "relation": 0.4312129020690918, "n_data": 328, "n_data_relation": 243}