{"raw": {"precision": 0.6440329218106996, "recall": 0.5785582255083179, "f1": 0.6095423563777995, "edit_precision": 0.7611479058372749, "edit_recall": 0.7172330186545627, "edit_f1": 0.7385382225949867, "confusion_matrix": {"tp": 313, "fn": 228, "fp": 173}, "aste_precision": 0.6440329218106996, "aste_recall": 0.5785582255083179, "aste_f1": 0.6095423563777995, "aste_edit_precision": 0.7172330186545627, "aste_edit_recall": 0.7611479058372749, "aste_edit_f1": 0.7385382225949867, "aste_confusion_matrix": {"tp": 313, "fn": 228, "fp": 173}}, "editdistance": {"precision": 0.6584362139917695, "recall": 0.5914972273567468, "f1": 0.6231742940603701, "edit_precision": 0.762012337448486, "edit_recall": 0.7181284632985004, "edit_f1": 0.7394198560437105, "confusion_matrix": {"tp": 320, "fn": 221, "fp": 166}, "aste_precision": 0.6584362139917695, "aste_recall": 0.5914972273567468, "aste_f1": 0.6231742940603701, "aste_edit_precision": 0.7181284632985004, "aste_edit_recall": 0.762012337448486, "aste_edit_f1": 0.7394198560437105, "aste_confusion_matrix": {"tp": 320, "fn": 221, "fp": 166}}, "cut": {"precision": 0.6460905349794238, "recall": 0.5804066543438078, "f1": 0.6114897760467382, "edit_precision": 0.760283387789253, "edit_recall": 0.7164741639656104, "edit_f1": 0.7377289576016595, "confusion_matrix": {"tp": 314, "fn": 227, "fp": 172}, "aste_precision": 0.6460905349794238, "aste_recall": 0.5804066543438078, "aste_f1": 0.6114897760467382, "aste_edit_precision": 0.7164741639656104, "aste_edit_recall": 0.760283387789253, "aste_edit_f1": 0.7377289576016595, "aste_confusion_matrix": {"tp": 314, "fn": 227, "fp": 172}}, "remove": {"precision": 0.6688034188034188, "recall": 0.5785582255083179, "f1": 0.6204162537165511, "edit_precision": 0.7702574757828631, "edit_recall": 0.7066524329664869, "edit_f1": 0.7370853374983487, "confusion_matrix": {"tp": 313, "fn": 228, "fp": 155}, "aste_precision": 0.6688034188034188, "aste_recall": 0.5785582255083179, "aste_f1": 0.6204162537165511, "aste_edit_precision": 0.7066524329664869, "aste_edit_recall": 0.7702574757828631, "aste_edit_f1": 0.7370853374983487, "aste_confusion_matrix": {"tp": 313, "fn": 228, "fp": 155}}}