{"precision": 0.3311367380560132, "recall": 0.2022132796780684, "f1": 0.25109306683322924, "edit_precision": 0.6218490167634895, "edit_recall": 0.34427874862329855, "edit_f1": 0.4431906606850334, "confusion_matrix": {"tp": 201, "fn": 793, "fp": 406}, "aste_precision": 0.3311367380560132, "aste_recall": 0.2022132796780684, "aste_f1": 0.25109306683322924, "aste_edit_precision": 0.34427874862329855, "aste_edit_recall": 0.6218490167634895, "aste_edit_f1": 0.4431906606850334, "aste_confusion_matrix": {"tp": 201, "fn": 793, "fp": 406}}