{"raw": {"precision": 0.33422818791946307, "recall": 0.3313373253493014, "f1": 0.332776478449716, "edit_precision": 0.526746394980125, "edit_recall": 0.5381154271157476, "edit_f1": 0.5323702201258754, "confusion_matrix": {"tp": 498, "fn": 1005, "fp": 992}, "ote_precision": 0.4281150159744409, "ote_recall": 0.46366782006920415, "ote_f1": 0.4451827242524917, "ote_edit_precision": 0.6122909290254425, "ote_edit_recall": 0.5744576217569646, "ote_edit_f1": 0.5927712162436161, "ote_confusion_matrix": {"tp": 134, "fn": 155, "fp": 179}, "aste_precision": 0.23006134969325154, "aste_recall": 0.23219814241486067, "aste_f1": 0.2311248073959938, "aste_edit_precision": 0.5288828428848678, "aste_edit_recall": 0.502081625967492, "aste_edit_f1": 0.515133868769577, "aste_confusion_matrix": {"tp": 75, "fn": 248, "fp": 251}, "ate_precision": 0.4076923076923077, "ate_recall": 0.3745583038869258, "ate_f1": 0.39042357274401474, "ate_edit_precision": 0.502041282742599, "ate_edit_recall": 0.5217761599688546, "ate_edit_f1": 0.511718518804526, "ate_confusion_matrix": {"tp": 106, "fn": 177, "fp": 154}, "aope_precision": 0.24307692307692308, "aope_recall": 0.24458204334365324, "aope_f1": 0.24382716049382716, "aope_edit_precision": 0.5603615972943069, "aope_edit_recall": 0.5301076878767331, "aope_edit_f1": 0.544814961331085, "aope_confusion_matrix": {"tp": 79, "fn": 244, "fp": 246}, "uabsa_precision": 0.39097744360902253, "uabsa_recall": 0.3649122807017544, "uabsa_f1": 0.37749546279491836, "uabsa_edit_precision": 0.48397112727223096, "uabsa_edit_recall": 0.5015845214030565, "uabsa_edit_f1": 0.4926204351261747, "uabsa_confusion_matrix": {"tp": 104, "fn": 181, "fp": 162}}, "editdistance": {"precision": 0.3395973154362416, "recall": 0.3366600133067199, "f1": 0.3381222853324424, "edit_precision": 0.5268663832773491, "edit_recall": 0.5384429574413133, "edit_f1": 0.5325917698175584, "confusion_matrix": {"tp": 506, "fn": 997, "fp": 984}, "ote_precision": 0.43450479233226835, "ote_recall": 0.47058823529411764, "ote_f1": 0.45182724252491696, "ote_edit_precision": 0.6138635518560571, "ote_edit_recall": 0.5766365223010297, "ote_edit_f1": 0.594667991029335, "ote_confusion_matrix": {"tp": 136, "fn": 153, "fp": 177}, "aste_precision": 0.2361963190184049, "aste_recall": 0.23839009287925697, "aste_f1": 0.23728813559322035, "aste_edit_precision": 0.529600641454455, "aste_edit_recall": 0.5023231112593961, "aste_edit_f1": 0.5156013537642506, "aste_confusion_matrix": {"tp": 77, "fn": 246, "fp": 249}, "ate_precision": 0.4115384615384615, "ate_recall": 0.37809187279151946, "ate_f1": 0.39410681399631675, "ate_edit_precision": 0.50106536595678, "ate_edit_recall": 0.5202403020432023, "ate_edit_f1": 0.5104728300181085, "ate_confusion_matrix": {"tp": 107, "fn": 176, "fp": 153}, "aope_precision": 0.24923076923076923, "aope_recall": 0.25077399380804954, "aope_f1": 0.25, "aope_edit_precision": 0.561417860289046, "aope_edit_recall": 0.5307341610153187, "aope_edit_f1": 0.5456449857661064, "aope_confusion_matrix": {"tp": 81, "fn": 242, "fp": 244}, "uabsa_precision": 0.39473684210526316, "uabsa_recall": 0.3684210526315789, "uabsa_f1": 0.38112522686025413, "uabsa_edit_precision": 0.4830621891893797, "uabsa_edit_recall": 0.5001325732001998, "uabsa_edit_f1": 0.4914491918322017, "uabsa_confusion_matrix": {"tp": 105, "fn": 180, "fp": 161}}, "cut": {"precision": 0.33422818791946307, "recall": 0.3313373253493014, "f1": 0.332776478449716, "edit_precision": 0.5261478206050332, "edit_recall": 0.5376671811501046, "edit_f1": 0.5318451330470964, "confusion_matrix": {"tp": 498, "fn": 1005, "fp": 992}, "ote_precision": 0.4281150159744409, "ote_recall": 0.46366782006920415, "ote_f1": 0.4451827242524917, "ote_edit_precision": 0.6103463928679723, "ote_edit_recall": 0.5727883014205483, "ote_edit_f1": 0.5909712145821849, "ote_confusion_matrix": {"tp": 134, "fn": 155, "fp": 179}, "aste_precision": 0.23006134969325154, "aste_recall": 0.23219814241486067, "aste_f1": 0.2311248073959938, "aste_edit_precision": 0.5285766121798877, "aste_edit_recall": 0.5014076065768707, "aste_edit_f1": 0.5146337762835539, "aste_confusion_matrix": {"tp": 75, "fn": 248, "fp": 251}, "ate_precision": 0.4076923076923077, "ate_recall": 0.3745583038869258, "ate_f1": 0.39042357274401474, "ate_edit_precision": 0.5025868494791469, "ate_edit_recall": 0.5222184765835941, "ate_edit_f1": 0.5122146269366281, "ate_confusion_matrix": {"tp": 106, "fn": 177, "fp": 154}, "aope_precision": 0.24307692307692308, "aope_recall": 0.24458204334365324, "aope_f1": 0.24382716049382716, "aope_edit_precision": 0.560060418297165, "aope_edit_recall": 0.5294673844314689, "aope_edit_f1": 0.5443343879004275, "aope_confusion_matrix": {"tp": 79, "fn": 244, "fp": 246}, "uabsa_precision": 0.39097744360902253, "uabsa_recall": 0.3649122807017544, "uabsa_f1": 0.37749546279491836, "uabsa_edit_precision": 0.48372570695816064, "uabsa_edit_recall": 0.5013719201535559, "uabsa_edit_f1": 0.4923907638196863, "uabsa_confusion_matrix": {"tp": 104, "fn": 181, "fp": 162}}, "remove": {"precision": 0.3514467184191955, "recall": 0.3313373253493014, "f1": 0.3410958904109589, "edit_precision": 0.5344241328986621, "edit_recall": 0.5242667416648932, "edit_f1": 0.5292967107841972, "confusion_matrix": {"tp": 498, "fn": 1005, "fp": 919}, "ote_precision": 0.4407894736842105, "ote_recall": 0.46366782006920415, "ote_f1": 0.45193929173693087, "ote_edit_precision": 0.6036151483339597, "ote_edit_recall": 0.5807657674002847, "ote_edit_f1": 0.5919700498032484, "ote_confusion_matrix": {"tp": 134, "fn": 155, "fp": 170}, "aste_precision": 0.24752475247524752, "aste_recall": 0.23219814241486067, "aste_f1": 0.23961661341853033, "aste_edit_precision": 0.5065081985396288, "aste_edit_recall": 0.5084090869482413, "aste_edit_f1": 0.5074568626103253, "aste_confusion_matrix": {"tp": 75, "fn": 248, "fp": 228}, "ate_precision": 0.42063492063492064, "ate_recall": 0.3745583038869258, "ate_f1": 0.39626168224299063, "ate_edit_precision": 0.4959022207980517, "ate_edit_recall": 0.528834274405019, "ate_edit_f1": 0.5118390773417422, "ate_confusion_matrix": {"tp": 106, "fn": 177, "fp": 146}, "aope_precision": 0.26245847176079734, "aope_recall": 0.24458204334365324, "aope_f1": 0.2532051282051282, "aope_edit_precision": 0.5363837316090044, "aope_edit_recall": 0.5388073925466322, "aope_edit_f1": 0.5375928304089045, "aope_confusion_matrix": {"tp": 79, "fn": 244, "fp": 222}, "uabsa_precision": 0.4046692607003891, "uabsa_recall": 0.3649122807017544, "uabsa_f1": 0.3837638376383764, "uabsa_edit_precision": 0.4783639050174114, "uabsa_edit_recall": 0.5106264100225664, "uabsa_edit_f1": 0.4939689292984488, "uabsa_confusion_matrix": {"tp": 104, "fn": 181, "fp": 153}}}