{"raw": {"precision": 0.8853783982365907, "recall": 0.7884651336698448, "f1": 0.8341161928306551, "edit_precision": 0.9353356423322757, "edit_recall": 0.8551075640866402, "edit_f1": 0.8934241307970653, "confusion_matrix": {"tp": 8435, "fn": 2263, "fp": 1092}, "aste_precision": 0.8527968596663396, "aste_recall": 0.7586206896551724, "aste_f1": 0.8029568029568029, "aste_edit_precision": 0.8500606316575764, "aste_edit_recall": 0.9289758217356812, "aste_edit_f1": 0.8877679513683224, "aste_confusion_matrix": {"tp": 1738, "fn": 553, "fp": 300}, "uabsa_precision": 0.9127743387732132, "uabsa_recall": 0.8057625434674615, "uabsa_f1": 0.8559366754617413, "uabsa_edit_precision": 0.843779864649483, "uabsa_edit_recall": 0.936879908357582, "uabsa_edit_f1": 0.8878960644253785, "uabsa_confusion_matrix": {"tp": 1622, "fn": 391, "fp": 155}, "aope_precision": 0.8525703200775946, "aope_recall": 0.7673505019642077, "aope_f1": 0.8077188146106133, "aope_edit_precision": 0.8653859914760881, "aope_edit_recall": 0.9331028565147581, "aope_edit_f1": 0.8979695832268, "aope_confusion_matrix": {"tp": 1758, "fn": 533, "fp": 304}, "ote_precision": 0.8972857903139968, "ote_recall": 0.7967863894139886, "ote_f1": 0.8440550688360451, "ote_edit_precision": 0.8507786592158451, "ote_edit_recall": 0.931538258849717, "ote_edit_f1": 0.8893287864120155, "ote_confusion_matrix": {"tp": 1686, "fn": 430, "fp": 193}, "ate_precision": 0.9209486166007905, "ate_recall": 0.8208354302969301, "ate_f1": 0.8680149015433742, "ate_edit_precision": 0.8651615483439902, "ate_edit_recall": 0.9477334071929961, "ate_edit_f1": 0.9045670290825513, "ate_confusion_matrix": {"tp": 1631, "fn": 356, "fp": 140}}, "editdistance": {"precision": 0.8868479059515062, "recall": 0.7897737894933633, "f1": 0.8355006180469715, "edit_precision": 0.93547415721109, "edit_recall": 0.8552161457550984, "edit_f1": 0.893546585758971, "confusion_matrix": {"tp": 8449, "fn": 2249, "fp": 1078}, "aste_precision": 0.8552502453385672, "aste_recall": 0.7608031427324312, "aste_f1": 0.8052668052668053, "aste_edit_precision": 0.8501628848560151, "aste_edit_recall": 0.9291936429500962, "aste_edit_f1": 0.8879231741761457, "aste_confusion_matrix": {"tp": 1743, "fn": 548, "fp": 295}, "uabsa_precision": 0.9127743387732132, "uabsa_recall": 0.8057625434674615, "uabsa_f1": 0.8559366754617413, "uabsa_edit_precision": 0.8437527680501062, "uabsa_edit_recall": 0.9368867295236603, "uabsa_edit_f1": 0.8878841252955544, "uabsa_confusion_matrix": {"tp": 1622, "fn": 391, "fp": 155}, "aope_precision": 0.8545101842870999, "aope_recall": 0.7690964644260149, "aope_f1": 0.8095566276131404, "aope_edit_precision": 0.8654515399885511, "aope_edit_recall": 0.9331232316166895, "aope_edit_f1": 0.8980143061619762, "aope_confusion_matrix": {"tp": 1762, "fn": 529, "fp": 300}, "ote_precision": 0.8999467802022353, "ote_recall": 0.7991493383742911, "ote_f1": 0.8465581977471841, "ote_edit_precision": 0.8511323383702413, "ote_edit_recall": 0.9319289331143168, "ote_edit_f1": 0.8897000509422394, "ote_confusion_matrix": {"tp": 1691, "fn": 425, "fp": 188}, "ate_precision": 0.9209486166007905, "ate_recall": 0.8208354302969301, "ate_f1": 0.8680149015433742, "ate_edit_precision": 0.8652034876159244, "ate_edit_recall": 0.9477828143076206, "ate_edit_f1": 0.9046124568854801, "ate_confusion_matrix": {"tp": 1631, "fn": 356, "fp": 140}}, "cut": {"precision": 0.8859032224204891, "recall": 0.7889325107496729, "f1": 0.834610630407911, "edit_precision": 0.9351322131008435, "edit_recall": 0.8549843485243893, "edit_f1": 0.8932640735710685, "confusion_matrix": {"tp": 8440, "fn": 2258, "fp": 1087}, "aste_precision": 0.8532875368007851, "aste_recall": 0.7590571802706242, "aste_f1": 0.8034188034188035, "aste_edit_precision": 0.8499158961669837, "aste_edit_recall": 0.9284998290764381, "aste_edit_f1": 0.8874716446992472, "aste_confusion_matrix": {"tp": 1739, "fn": 552, "fp": 299}, "uabsa_precision": 0.9133370849746765, "uabsa_recall": 0.8062593144560357, "uabsa_f1": 0.8564643799472295, "uabsa_edit_precision": 0.8439785730449127, "uabsa_edit_recall": 0.9371050068381672, "uabsa_edit_f1": 0.8881071673418474, "uabsa_confusion_matrix": {"tp": 1623, "fn": 390, "fp": 154}, "aope_precision": 0.8525703200775946, "aope_recall": 0.7673505019642077, "aope_f1": 0.8077188146106133, "aope_edit_precision": 0.8649170714007887, "aope_edit_recall": 0.9325442949865445, "aope_edit_f1": 0.8974584885708943, "aope_confusion_matrix": {"tp": 1758, "fn": 533, "fp": 304}, "ote_precision": 0.8983501862692922, "ote_recall": 0.7977315689981096, "ote_f1": 0.8450563204005006, "ote_edit_precision": 0.8502766388077642, "ote_edit_recall": 0.9310572884520896, "ote_edit_f1": 0.8888353268836945, "ote_confusion_matrix": {"tp": 1688, "fn": 428, "fp": 191}, "ate_precision": 0.9215132693393563, "ate_recall": 0.8213387015601409, "ate_f1": 0.8685470995210218, "ate_edit_precision": 0.8655390017913983, "ate_edit_recall": 0.9481216059507601, "ate_edit_f1": 0.9049501597910267, "ate_confusion_matrix": {"tp": 1632, "fn": 355, "fp": 139}}, "remove": {"precision": 0.8908015629950364, "recall": 0.7884651336698448, "f1": 0.8365150989239848, "edit_precision": 0.9378720456644063, "edit_recall": 0.8532389258363209, "edit_f1": 0.8935559544299135, "confusion_matrix": {"tp": 8435, "fn": 2263, "fp": 1034}, "aste_precision": 0.8616757560733763, "aste_recall": 0.7586206896551724, "aste_f1": 0.8068709377901578, "aste_edit_precision": 0.8469500097734324, "aste_edit_recall": 0.9329914262902842, "aste_edit_f1": 0.8878911200163757, "aste_confusion_matrix": {"tp": 1738, "fn": 553, "fp": 279}, "uabsa_precision": 0.9138028169014084, "uabsa_recall": 0.8057625434674615, "uabsa_f1": 0.8563885955649418, "uabsa_edit_precision": 0.8434818020563385, "uabsa_edit_recall": 0.9374097260946984, "uabsa_edit_f1": 0.8879687870180456, "uabsa_confusion_matrix": {"tp": 1622, "fn": 391, "fp": 153}, "aope_precision": 0.8596577017114915, "aope_recall": 0.7673505019642077, "aope_f1": 0.8108856088560886, "aope_edit_precision": 0.8624610779411586, "aope_edit_recall": 0.9364115257449885, "aope_edit_f1": 0.8979162751554746, "aope_confusion_matrix": {"tp": 1758, "fn": 533, "fp": 287}, "ote_precision": 0.9049919484702094, "ote_recall": 0.7967863894139886, "ote_f1": 0.8474491078160341, "ote_edit_precision": 0.8481731391984465, "ote_edit_recall": 0.9351652328484727, "ote_edit_f1": 0.88954742817979, "ote_confusion_matrix": {"tp": 1686, "fn": 430, "fp": 177}, "ate_precision": 0.9219898247597512, "ate_recall": 0.8208354302969301, "ate_f1": 0.8684771033013843, "ate_edit_precision": 0.8651363847808297, "ate_edit_recall": 0.9484398139092498, "ate_edit_f1": 0.9048749011817737, "ate_confusion_matrix": {"tp": 1631, "fn": 356, "fp": 138}}}