{"raw": {"precision": 0.862511647168444, "recall": 0.7787436904094224, "f1": 0.818489954315469, "edit_precision": 0.9191249348400722, "edit_recall": 0.8479491427123226, "edit_f1": 0.8821035976292282, "confusion_matrix": {"tp": 8331, "fn": 2367, "fp": 1328}, "aste_precision": 0.8186628186628186, "aste_recall": 0.7429070274989088, "aste_f1": 0.7789473684210527, "aste_edit_precision": 0.8399481334925216, "aste_edit_recall": 0.9055684292279202, "aste_edit_f1": 0.8715248289529605, "aste_confusion_matrix": {"tp": 1702, "fn": 589, "fp": 377}, "uabsa_precision": 0.8839137645107794, "uabsa_recall": 0.7943368107302533, "uabsa_f1": 0.836734693877551, "uabsa_edit_precision": 0.8358016887793479, "uabsa_edit_recall": 0.9148845553568619, "uabsa_edit_f1": 0.8735569368487188, "uabsa_confusion_matrix": {"tp": 1599, "fn": 414, "fp": 210}, "aope_precision": 0.8344562078922041, "aope_recall": 0.7568747271933653, "aope_f1": 0.7937743190661478, "aope_edit_precision": 0.8577252573015249, "aope_edit_recall": 0.9231312066175993, "aope_edit_f1": 0.8892271418401141, "aope_confusion_matrix": {"tp": 1734, "fn": 557, "fp": 344}, "ote_precision": 0.8837087480356207, "ote_recall": 0.7972589792060492, "ote_f1": 0.8382608695652173, "ote_edit_precision": 0.8495346333627466, "ote_edit_recall": 0.9201239328017055, "ote_edit_f1": 0.8834214269876793, "ote_confusion_matrix": {"tp": 1687, "fn": 429, "fp": 222}, "ate_precision": 0.9019058295964125, "ate_recall": 0.8097634625062909, "ate_f1": 0.8533545478652877, "ate_edit_precision": 0.8565204361946985, "ate_edit_recall": 0.9334874358436306, "ate_edit_f1": 0.893349217308846, "ate_confusion_matrix": {"tp": 1609, "fn": 378, "fp": 175}}, "editdistance": {"precision": 0.862511647168444, "recall": 0.7787436904094224, "f1": 0.818489954315469, "edit_precision": 0.9191314054892078, "edit_recall": 0.8479510901168217, "edit_f1": 0.8821076312884742, "confusion_matrix": {"tp": 8331, "fn": 2367, "fp": 1328}, "aste_precision": 0.8186628186628186, "aste_recall": 0.7429070274989088, "aste_f1": 0.7789473684210527, "aste_edit_precision": 0.8399481334925216, "aste_edit_recall": 0.9055684292279202, "aste_edit_f1": 0.8715248289529605, "aste_confusion_matrix": {"tp": 1702, "fn": 589, "fp": 377}, "uabsa_precision": 0.8839137645107794, "uabsa_recall": 0.7943368107302533, "uabsa_f1": 0.836734693877551, "uabsa_edit_precision": 0.8358016887793479, "uabsa_edit_recall": 0.9148845553568619, "uabsa_edit_f1": 0.8735569368487188, "uabsa_confusion_matrix": {"tp": 1599, "fn": 414, "fp": 210}, "aope_precision": 0.8344562078922041, "aope_recall": 0.7568747271933653, "aope_f1": 0.7937743190661478, "aope_edit_precision": 0.8577343508560135, "aope_edit_recall": 0.923161283614712, "aope_edit_f1": 0.8892459827630458, "aope_confusion_matrix": {"tp": 1734, "fn": 557, "fp": 344}, "ote_precision": 0.8837087480356207, "ote_recall": 0.7972589792060492, "ote_f1": 0.8382608695652173, "ote_edit_precision": 0.8495346333627466, "ote_edit_recall": 0.9201239328017055, "ote_edit_f1": 0.8834214269876793, "ote_confusion_matrix": {"tp": 1687, "fn": 429, "fp": 222}, "ate_precision": 0.9019058295964125, "ate_recall": 0.8097634625062909, "ate_f1": 0.8533545478652877, "ate_edit_precision": 0.8565204361946985, "ate_edit_recall": 0.9334874358436306, "ate_edit_f1": 0.893349217308846, "ate_confusion_matrix": {"tp": 1609, "fn": 378, "fp": 175}}, "cut": {"precision": 0.862511647168444, "recall": 0.7787436904094224, "f1": 0.818489954315469, "edit_precision": 0.9191076797757111, "edit_recall": 0.8479491427123226, "edit_f1": 0.8820956510371684, "confusion_matrix": {"tp": 8331, "fn": 2367, "fp": 1328}, "aste_precision": 0.8186628186628186, "aste_recall": 0.7429070274989088, "aste_f1": 0.7789473684210527, "aste_edit_precision": 0.8399481334925216, "aste_edit_recall": 0.9055684292279202, "aste_edit_f1": 0.8715248289529605, "aste_confusion_matrix": {"tp": 1702, "fn": 589, "fp": 377}, "uabsa_precision": 0.8839137645107794, "uabsa_recall": 0.7943368107302533, "uabsa_f1": 0.836734693877551, "uabsa_edit_precision": 0.8358016887793479, "uabsa_edit_recall": 0.9148845553568619, "uabsa_edit_f1": 0.8735569368487188, "uabsa_confusion_matrix": {"tp": 1599, "fn": 414, "fp": 210}, "aope_precision": 0.8344562078922041, "aope_recall": 0.7568747271933653, "aope_f1": 0.7937743190661478, "aope_edit_precision": 0.8577252573015249, "aope_edit_recall": 0.9230510012919656, "aope_edit_f1": 0.889189929127771, "aope_confusion_matrix": {"tp": 1734, "fn": 557, "fp": 344}, "ote_precision": 0.8837087480356207, "ote_recall": 0.7972589792060492, "ote_f1": 0.8382608695652173, "ote_edit_precision": 0.8495346333627466, "ote_edit_recall": 0.9201239328017055, "ote_edit_f1": 0.8834214269876793, "ote_confusion_matrix": {"tp": 1687, "fn": 429, "fp": 222}, "ate_precision": 0.9019058295964125, "ate_recall": 0.8097634625062909, "ate_f1": 0.8533545478652877, "ate_edit_precision": 0.8565204361946985, "ate_edit_recall": 0.9334874358436306, "ate_edit_f1": 0.893349217308846, "ate_confusion_matrix": {"tp": 1609, "fn": 378, "fp": 175}}, "remove": {"precision": 0.8628689798032108, "recall": 0.7787436904094224, "f1": 0.8186508131479389, "edit_precision": 0.9193999909152694, "edit_recall": 0.8479482575284593, "edit_f1": 0.8822297710196939, "confusion_matrix": {"tp": 8331, "fn": 2367, "fp": 1324}, "aste_precision": 0.8186628186628186, "aste_recall": 0.7429070274989088, "aste_f1": 0.7789473684210527, "aste_edit_precision": 0.8399481334925216, "aste_edit_recall": 0.9055684292279202, "aste_edit_f1": 0.8715248289529605, "aste_confusion_matrix": {"tp": 1702, "fn": 589, "fp": 377}, "uabsa_precision": 0.8839137645107794, "uabsa_recall": 0.7943368107302533, "uabsa_f1": 0.836734693877551, "uabsa_edit_precision": 0.8358016887793479, "uabsa_edit_recall": 0.9148845553568619, "uabsa_edit_f1": 0.8735569368487188, "uabsa_confusion_matrix": {"tp": 1599, "fn": 414, "fp": 210}, "aope_precision": 0.8356626506024096, "aope_recall": 0.7568747271933653, "aope_f1": 0.7943197434722858, "aope_edit_precision": 0.8577211238676665, "aope_edit_recall": 0.9239738862737533, "aope_edit_f1": 0.889615692526629, "aope_confusion_matrix": {"tp": 1734, "fn": 557, "fp": 341}, "ote_precision": 0.8841719077568134, "ote_recall": 0.7972589792060492, "ote_f1": 0.838469184890656, "ote_edit_precision": 0.8495346333627466, "ote_edit_recall": 0.9206061780495051, "ote_edit_f1": 0.8836436365949917, "ote_confusion_matrix": {"tp": 1687, "fn": 429, "fp": 221}, "ate_precision": 0.9019058295964125, "ate_recall": 0.8097634625062909, "ate_f1": 0.8533545478652877, "ate_edit_precision": 0.8565204361946985, "ate_edit_recall": 0.9334874358436306, "ate_edit_f1": 0.893349217308846, "ate_confusion_matrix": {"tp": 1609, "fn": 378, "fp": 175}}}