{"raw": {"precision": 0.6840077071290944, "recall": 0.6906614785992218, "f1": 0.6873184898354308, "edit_precision": 0.7866109995202226, "edit_recall": 0.8083133890493194, "edit_f1": 0.7973145403537607, "confusion_matrix": {"tp": 355, "fn": 159, "fp": 164}, "aste_precision": 0.6840077071290944, "aste_recall": 0.6906614785992218, "aste_f1": 0.6873184898354308, "aste_edit_precision": 0.8083133890493194, "aste_edit_recall": 0.7866109995202226, "aste_edit_f1": 0.7973145403537607, "aste_confusion_matrix": {"tp": 355, "fn": 159, "fp": 164}}, "editdistance": {"precision": 0.6859344894026975, "recall": 0.6926070038910506, "f1": 0.6892545982575023, "edit_precision": 0.786198180429658, "edit_recall": 0.8078081212410361, "edit_f1": 0.7968566678693193, "confusion_matrix": {"tp": 356, "fn": 158, "fp": 163}, "aste_precision": 0.6859344894026975, "aste_recall": 0.6926070038910506, "aste_f1": 0.6892545982575023, "aste_edit_precision": 0.8078081212410361, "aste_edit_recall": 0.786198180429658, "aste_edit_f1": 0.7968566678693193, "aste_confusion_matrix": {"tp": 356, "fn": 158, "fp": 163}}, "cut": {"precision": 0.6859344894026975, "recall": 0.6926070038910506, "f1": 0.6892545982575023, "edit_precision": 0.7868852983855619, "edit_recall": 0.808590356191559, "edit_f1": 0.7975901880773288, "confusion_matrix": {"tp": 356, "fn": 158, "fp": 163}, "aste_precision": 0.6859344894026975, "aste_recall": 0.6926070038910506, "aste_f1": 0.6892545982575023, "aste_edit_precision": 0.808590356191559, "aste_edit_recall": 0.7868852983855619, "aste_edit_f1": 0.7975901880773288, "aste_confusion_matrix": {"tp": 356, "fn": 158, "fp": 163}}, "remove": {"precision": 0.7015810276679841, "recall": 0.6906614785992218, "f1": 0.696078431372549, "edit_precision": 0.7949902770676225, "edit_recall": 0.7970407892431594, "edit_f1": 0.7960142126409013, "confusion_matrix": {"tp": 355, "fn": 159, "fp": 151}, "aste_precision": 0.7015810276679841, "aste_recall": 0.6906614785992218, "aste_f1": 0.696078431372549, "aste_edit_precision": 0.7970407892431594, "aste_edit_recall": 0.7949902770676225, "aste_edit_f1": 0.7960142126409013, "aste_confusion_matrix": {"tp": 355, "fn": 159, "fp": 151}}}