{"recall": 0.7751937984496124, "precision": 0.8296529968454258, "f1_score": 0.8014993828759505}