{"raw": {"precision": 0.6105329949238578, "recall": 0.619335736354274, "f1": 0.6149028629856851, "edit_precision": 0.7554016267696373, "edit_recall": 0.7746374888271809, "edit_f1": 0.7648986398475786, "confusion_matrix": {"tp": 4811, "fn": 2957, "fp": 3069}, "aope_precision": 0.5235980011104941, "aope_recall": 0.5351872871736663, "aope_f1": 0.5293292169520067, "aope_edit_precision": 0.7788342253871334, "aope_edit_recall": 0.7592401360609675, "aope_edit_f1": 0.7689123726048382, "aope_confusion_matrix": {"tp": 943, "fn": 819, "fp": 858}, "ote_precision": 0.6872475476053087, "ote_recall": 0.6904347826086956, "ote_f1": 0.6888374783111626, "ote_edit_precision": 0.7953669374667047, "ote_edit_recall": 0.7823697348481937, "ote_edit_f1": 0.7888148014710624, "ote_confusion_matrix": {"tp": 1191, "fn": 534, "fp": 542}, "aste_precision": 0.5080332409972299, "aste_recall": 0.5204313280363224, "aste_f1": 0.5141575553686571, "aste_edit_precision": 0.7635726689338563, "aste_edit_recall": 0.7333630143099172, "aste_edit_f1": 0.748163011146298, "aste_confusion_matrix": {"tp": 917, "fn": 845, "fp": 888}, "uabsa_precision": 0.6728252501924558, "uabsa_recall": 0.6871069182389937, "uabsa_f1": 0.6798910929599379, "uabsa_edit_precision": 0.7526847986866974, "uabsa_edit_recall": 0.730496224135492, "uabsa_edit_f1": 0.7414245394787956, "uabsa_confusion_matrix": {"tp": 874, "fn": 398, "fp": 425}, "ate_precision": 0.7133655394524959, "ate_recall": 0.7105052125100241, "ate_f1": 0.7119325030132583, "ate_edit_precision": 0.7780593699730666, "ate_edit_recall": 0.7702832104876175, "ate_edit_f1": 0.7741517633319973, "ate_confusion_matrix": {"tp": 886, "fn": 361, "fp": 356}}, "editdistance": {"precision": 0.616243654822335, "recall": 0.6251287332646756, "f1": 0.6206543967280163, "edit_precision": 0.7562569126933762, "edit_recall": 0.7754531242587386, "edit_f1": 0.7657347298673872, "confusion_matrix": {"tp": 4856, "fn": 2912, "fp": 3024}, "aope_precision": 0.529705719044975, "aope_recall": 0.5414301929625426, "aope_f1": 0.535503788941903, "aope_edit_precision": 0.7796704406684986, "aope_edit_recall": 0.7601567677693137, "aope_edit_f1": 0.7697899593618956, "aope_confusion_matrix": {"tp": 954, "fn": 808, "fp": 847}, "ote_precision": 0.6918638199653779, "ote_recall": 0.6950724637681159, "ote_f1": 0.6934644303065355, "ote_edit_precision": 0.7962431823583377, "ote_edit_recall": 0.7831243401693216, "ote_edit_f1": 0.7896292761557324, "ote_confusion_matrix": {"tp": 1199, "fn": 526, "fp": 534}, "aste_precision": 0.5168975069252078, "aste_recall": 0.5295119182746879, "aste_f1": 0.5231286795626577, "aste_edit_precision": 0.7647396833557444, "aste_edit_recall": 0.7347526269916341, "aste_edit_f1": 0.7494463125058812, "aste_confusion_matrix": {"tp": 933, "fn": 829, "fp": 872}, "uabsa_precision": 0.6774441878367975, "uabsa_recall": 0.6918238993710691, "uabsa_f1": 0.6845585375340334, "uabsa_edit_precision": 0.7533399349550413, "uabsa_edit_recall": 0.7311385069659967, "uabsa_edit_f1": 0.7420732019093716, "uabsa_confusion_matrix": {"tp": 880, "fn": 392, "fp": 419}, "ate_precision": 0.71658615136876, "ate_recall": 0.7137129109863672, "ate_f1": 0.7151466452390518, "ate_edit_precision": 0.7784293054372282, "ate_edit_recall": 0.770636263678835, "ate_edit_f1": 0.7745131819340179, "ate_confusion_matrix": {"tp": 890, "fn": 357, "fp": 352}}, "cut": {"precision": 0.6110406091370558, "recall": 0.6198506694129763, "f1": 0.6154141104294478, "edit_precision": 0.7544342244917792, "edit_recall": 0.7736870374013581, "edit_f1": 0.763939347768926, "confusion_matrix": {"tp": 4815, "fn": 2953, "fp": 3065}, "aope_precision": 0.524153248195447, "aope_recall": 0.5357548240635641, "aope_f1": 0.5298905416783609, "aope_edit_precision": 0.7779640083104041, "aope_edit_recall": 0.7580949930371157, "aope_edit_f1": 0.7679009972218795, "aope_confusion_matrix": {"tp": 944, "fn": 818, "fp": 857}, "ote_precision": 0.688401615695326, "ote_recall": 0.6915942028985507, "ote_f1": 0.6899942163100057, "ote_edit_precision": 0.7943949386562779, "ote_edit_recall": 0.7816246157455184, "ote_edit_f1": 0.7879580389001931, "ote_confusion_matrix": {"tp": 1193, "fn": 532, "fp": 540}, "aste_precision": 0.5085872576177285, "aste_recall": 0.5209988649262202, "aste_f1": 0.5147182506307821, "aste_edit_precision": 0.7627171572224861, "aste_edit_recall": 0.7321480297837444, "aste_edit_f1": 0.747120033025927, "aste_confusion_matrix": {"tp": 918, "fn": 844, "fp": 887}, "uabsa_precision": 0.6728252501924558, "uabsa_recall": 0.6871069182389937, "uabsa_f1": 0.6798910929599379, "uabsa_edit_precision": 0.7516358007332182, "uabsa_edit_recall": 0.729688979246261, "uabsa_edit_f1": 0.7404998115397298, "uabsa_confusion_matrix": {"tp": 874, "fn": 398, "fp": 425}, "ate_precision": 0.7133655394524959, "ate_recall": 0.7105052125100241, "ate_f1": 0.7119325030132583, "ate_edit_precision": 0.7769917282678949, "ate_edit_recall": 0.7694556921480219, "ate_edit_f1": 0.773205348173902, "ate_confusion_matrix": {"tp": 886, "fn": 361, "fp": 356}}, "remove": {"precision": 0.6209344346928239, "recall": 0.619335736354274, "f1": 0.6201340551688579, "edit_precision": 0.7585465285770311, "edit_recall": 0.7684693153677572, "edit_f1": 0.7634756820653609, "confusion_matrix": {"tp": 4811, "fn": 2957, "fp": 2937}, "aope_precision": 0.5354911981828506, "aope_recall": 0.5351872871736663, "aope_f1": 0.5353391995458416, "aope_edit_precision": 0.7714915279632325, "aope_edit_recall": 0.7629155663218261, "aope_edit_f1": 0.7671795811695001, "aope_confusion_matrix": {"tp": 943, "fn": 819, "fp": 818}, "ote_precision": 0.6948658109684948, "ote_recall": 0.6904347826086956, "ote_f1": 0.6926432102355335, "ote_edit_precision": 0.7909925533593363, "ote_edit_recall": 0.7849344491639819, "ote_edit_f1": 0.7879518571225642, "ote_confusion_matrix": {"tp": 1191, "fn": 534, "fp": 523}, "aste_precision": 0.5219123505976095, "aste_recall": 0.5204313280363224, "aste_f1": 0.5211707871554419, "aste_edit_precision": 0.754017759203218, "aste_edit_recall": 0.7370959992970295, "aste_edit_f1": 0.7454608617743644, "aste_confusion_matrix": {"tp": 917, "fn": 845, "fp": 840}, "uabsa_precision": 0.6801556420233463, "uabsa_recall": 0.6871069182389937, "uabsa_f1": 0.6836136096988659, "uabsa_edit_precision": 0.7483450668558099, "uabsa_edit_recall": 0.7333413365902931, "uabsa_edit_f1": 0.74076723695704, "uabsa_confusion_matrix": {"tp": 874, "fn": 398, "fp": 411}, "ate_precision": 0.7197400487408611, "ate_recall": 0.7105052125100241, "ate_f1": 0.7150928167877321, "ate_edit_precision": 0.7739897339246226, "ate_edit_recall": 0.7724819309274008, "ate_edit_f1": 0.7732350973754025, "ate_confusion_matrix": {"tp": 886, "fn": 361, "fp": 345}}}