{
    "raw": {
        "precision": 0.8081264108352144,
        "recall": 0.8287037037037037,
        "f1": 0.8182857142857143,
        "edit_precision": 0.8537913220354467,
        "edit_recall": 0.876519174611149,
        "edit_f1": 0.8650059816790443,
        "confusion_matrix": {
            "tp": 358,
            "fn": 74,
            "fp": 85
        },
        "ate_precision": 0.8081264108352144,
        "ate_recall": 0.8287037037037037,
        "ate_f1": 0.8182857142857143,
        "ate_edit_precision": 0.876519174611149,
        "ate_edit_recall": 0.8537913220354467,
        "ate_edit_f1": 0.8650059816790443
    },
    "editdistance": {
        "precision": 0.8081264108352144,
        "recall": 0.8287037037037037,
        "f1": 0.8182857142857143,
        "edit_precision": 0.8529627362745811,
        "edit_recall": 0.8757246052401908,
        "edit_f1": 0.8641938163949558,
        "confusion_matrix": {
            "tp": 358,
            "fn": 74,
            "fp": 85
        },
        "ate_precision": 0.8081264108352144,
        "ate_recall": 0.8287037037037037,
        "ate_f1": 0.8182857142857143,
        "ate_edit_precision": 0.8757246052401908,
        "ate_edit_recall": 0.8529627362745811,
        "ate_edit_f1": 0.8641938163949558
    },
    "cut": {
        "precision": 0.8103837471783296,
        "recall": 0.8310185185185185,
        "f1": 0.8205714285714286,
        "edit_precision": 0.8534235300729129,
        "edit_recall": 0.8761420175754954,
        "edit_f1": 0.8646335659277162,
        "confusion_matrix": {
            "tp": 359,
            "fn": 73,
            "fp": 84
        },
        "ate_precision": 0.8103837471783296,
        "ate_recall": 0.8310185185185185,
        "ate_f1": 0.8205714285714286,
        "ate_edit_precision": 0.8761420175754954,
        "ate_edit_recall": 0.8534235300729129,
        "ate_edit_f1": 0.8646335659277162
    },
    "remove": {
        "precision": 0.817351598173516,
        "recall": 0.8287037037037037,
        "f1": 0.8229885057471263,
        "edit_precision": 0.8593062731320189,
        "edit_recall": 0.8726146807148252,
        "edit_f1": 0.8659093447652261,
        "confusion_matrix": {
            "tp": 358,
            "fn": 74,
            "fp": 80
        },
        "ate_precision": 0.817351598173516,
        "ate_recall": 0.8287037037037037,
        "ate_f1": 0.8229885057471263,
        "ate_edit_precision": 0.8726146807148252,
        "ate_edit_recall": 0.8593062731320189,
        "ate_edit_f1": 0.8659093447652261
    }
}