{
    "raw": {
        "precision": 0.8581081081081081,
        "recall": 0.8228941684665226,
        "f1": 0.8401323042998897,
        "edit_precision": 0.8926217255129146,
        "edit_recall": 0.8620836996856308,
        "edit_f1": 0.8770869782463621,
        "confusion_matrix": {
            "tp": 381,
            "fn": 82,
            "fp": 63
        },
        "ate_precision": 0.8581081081081081,
        "ate_recall": 0.8228941684665226,
        "ate_f1": 0.8401323042998897,
        "ate_edit_precision": 0.8620836996856308,
        "ate_edit_recall": 0.8926217255129146,
        "ate_edit_f1": 0.8770869782463621
    },
    "editdistance": {
        "precision": 0.8581081081081081,
        "recall": 0.8228941684665226,
        "f1": 0.8401323042998897,
        "edit_precision": 0.8926217255129146,
        "edit_recall": 0.8620836996856308,
        "edit_f1": 0.8770869782463621,
        "confusion_matrix": {
            "tp": 381,
            "fn": 82,
            "fp": 63
        },
        "ate_precision": 0.8581081081081081,
        "ate_recall": 0.8228941684665226,
        "ate_f1": 0.8401323042998897,
        "ate_edit_precision": 0.8620836996856308,
        "ate_edit_recall": 0.8926217255129146,
        "ate_edit_f1": 0.8770869782463621
    },
    "cut": {
        "precision": 0.8581081081081081,
        "recall": 0.8228941684665226,
        "f1": 0.8401323042998897,
        "edit_precision": 0.8926217255129146,
        "edit_recall": 0.8620836996856308,
        "edit_f1": 0.8770869782463621,
        "confusion_matrix": {
            "tp": 381,
            "fn": 82,
            "fp": 63
        },
        "ate_precision": 0.8581081081081081,
        "ate_recall": 0.8228941684665226,
        "ate_f1": 0.8401323042998897,
        "ate_edit_precision": 0.8620836996856308,
        "ate_edit_recall": 0.8926217255129146,
        "ate_edit_f1": 0.8770869782463621
    },
    "remove": {
        "precision": 0.8581081081081081,
        "recall": 0.8228941684665226,
        "f1": 0.8401323042998897,
        "edit_precision": 0.8926217255129146,
        "edit_recall": 0.8620836996856308,
        "edit_f1": 0.8770869782463621,
        "confusion_matrix": {
            "tp": 381,
            "fn": 82,
            "fp": 63
        },
        "ate_precision": 0.8581081081081081,
        "ate_recall": 0.8228941684665226,
        "ate_f1": 0.8401323042998897,
        "ate_edit_precision": 0.8620836996856308,
        "ate_edit_recall": 0.8926217255129146,
        "ate_edit_f1": 0.8770869782463621
    }
}