{"recall": 0.6220966729441306, "precision": 0.6288071065989848, "f1_score": 0.6254338908172925}