{
    "raw": {
        "precision": 0.7267441860465116,
        "recall": 0.6931608133086876,
        "f1": 0.7095553453169346,
        "edit_recall": 0.8603150337246157,
        "edit_precision": 0.8718346749054755,
        "edit_f1": 0.8660365486962314,
        "confusion_matrix": {
            "tp": 375,
            "fn": 166,
            "fp": 141
        }
    },
    "editdistance": {
        "precision": 0.7325581395348837,
        "recall": 0.6987060998151571,
        "f1": 0.7152317880794702,
        "edit_recall": 0.8603819800253883,
        "edit_precision": 0.8724115743195844,
        "edit_f1": 0.8663550205712687,
        "confusion_matrix": {
            "tp": 378,
            "fn": 163,
            "fp": 138
        }
    },
    "cut": {
        "precision": 0.7267441860465116,
        "recall": 0.6931608133086876,
        "f1": 0.7095553453169346,
        "edit_recall": 0.8583825853966036,
        "edit_precision": 0.8698086002049822,
        "edit_f1": 0.8640578209918955,
        "confusion_matrix": {
            "tp": 375,
            "fn": 166,
            "fp": 141
        }
    },
    "remove": {
        "precision": 0.7485029940119761,
        "recall": 0.6931608133086876,
        "f1": 0.7197696737044145,
        "edit_recall": 0.8485279516856855,
        "edit_precision": 0.8814602987220794,
        "edit_f1": 0.8646806723578675,
        "confusion_matrix": {
            "tp": 375,
            "fn": 166,
            "fp": 126
        }
    }
}