{"raw": {"precision": 0.7007481296758105, "recall": 0.7362445414847162, "f1": 0.7180579216354345, "edit_precision": 0.8062814595276347, "edit_recall": 0.8332300018397517, "edit_f1": 0.8195342549728305, "confusion_matrix": {"tp": 1686, "fn": 604, "fp": 720}, "aope_precision": 0.6570327552986512, "aope_recall": 0.7030927835051546, "aope_f1": 0.6792828685258964, "aope_edit_precision": 0.8658721030931866, "aope_edit_recall": 0.8425744085101017, "aope_edit_f1": 0.8540644031336794, "aope_confusion_matrix": {"tp": 341, "fn": 144, "fp": 178}, "uabsa_precision": 0.6993464052287581, "uabsa_recall": 0.7430555555555556, "uabsa_f1": 0.7205387205387205, "uabsa_edit_precision": 0.7896867122203198, "uabsa_edit_recall": 0.7512921266701584, "uabsa_edit_f1": 0.7700111052197725, "uabsa_confusion_matrix": {"tp": 321, "fn": 111, "fp": 138}, "ate_precision": 0.8081264108352144, "ate_recall": 0.8287037037037037, "ate_f1": 0.8182857142857143, "ate_edit_precision": 0.8765191746111489, "ate_edit_recall": 0.8537913220354468, "ate_edit_f1": 0.8650059816790443, "ate_confusion_matrix": {"tp": 358, "fn": 74, "fp": 85}, "ote_precision": 0.7734204793028322, "ote_recall": 0.7785087719298246, "ote_f1": 0.7759562841530054, "ote_edit_precision": 0.8468773045279334, "ote_edit_recall": 0.8376898077976416, "ote_edit_f1": 0.8422585022199818, "ote_confusion_matrix": {"tp": 355, "fn": 101, "fp": 104}, "aste_precision": 0.591254752851711, "aste_recall": 0.6412371134020619, "aste_f1": 0.6152324431256182, "aste_edit_precision": 0.7879829695606257, "aste_edit_recall": 0.7510357605025174, "aste_edit_f1": 0.7690658693708242, "aste_confusion_matrix": {"tp": 311, "fn": 174, "fp": 215}}, "editdistance": {"precision": 0.7036575228595179, "recall": 0.7393013100436682, "f1": 0.721039182282794, "edit_precision": 0.8065323833358421, "edit_recall": 0.8332819123404166, "edit_f1": 0.8196889715166236, "confusion_matrix": {"tp": 1693, "fn": 597, "fp": 713}, "aope_precision": 0.6628131021194605, "aope_recall": 0.709278350515464, "aope_f1": 0.6852589641434264, "aope_edit_precision": 0.8667877947056642, "aope_edit_recall": 0.8437274988114407, "aope_edit_f1": 0.8551022031770935, "aope_confusion_matrix": {"tp": 344, "fn": 141, "fp": 175}, "uabsa_precision": 0.6993464052287581, "uabsa_recall": 0.7430555555555556, "uabsa_f1": 0.7205387205387205, "uabsa_edit_precision": 0.7890052359260985, "uabsa_edit_recall": 0.7511612246361422, "uabsa_edit_f1": 0.7696182905401292, "uabsa_confusion_matrix": {"tp": 321, "fn": 111, "fp": 138}, "ate_precision": 0.8081264108352144, "ate_recall": 0.8287037037037037, "ate_f1": 0.8182857142857143, "ate_edit_precision": 0.8757246052401908, "ate_edit_recall": 0.8529627362745811, "ate_edit_f1": 0.8641938163949558, "ate_confusion_matrix": {"tp": 358, "fn": 74, "fp": 85}, "ote_precision": 0.7799564270152506, "ote_recall": 0.7850877192982456, "ote_f1": 0.7825136612021857, "ote_edit_precision": 0.8476785643849207, "ote_edit_recall": 0.8383361860680105, "ote_edit_f1": 0.8429814916947251, "ote_confusion_matrix": {"tp": 358, "fn": 98, "fp": 101}, "aste_precision": 0.5931558935361216, "aste_recall": 0.643298969072165, "aste_f1": 0.6172106824925816, "aste_edit_precision": 0.7878737774926706, "aste_edit_recall": 0.751293799886032, "aste_edit_f1": 0.7691491073780476, "aste_confusion_matrix": {"tp": 312, "fn": 173, "fp": 214}}, "cut": {"precision": 0.7024106400665004, "recall": 0.7379912663755459, "f1": 0.7197614991482112, "edit_precision": 0.8053951592090351, "edit_recall": 0.8321277663216096, "edit_f1": 0.8185432574895691, "confusion_matrix": {"tp": 1690, "fn": 600, "fp": 716}, "aope_precision": 0.6589595375722543, "aope_recall": 0.7051546391752578, "aope_f1": 0.6812749003984064, "aope_edit_precision": 0.8645709662373198, "aope_edit_recall": 0.8418294434187252, "aope_edit_f1": 0.8530486645279903, "aope_confusion_matrix": {"tp": 342, "fn": 143, "fp": 177}, "uabsa_precision": 0.7015250544662309, "uabsa_recall": 0.7453703703703703, "uabsa_f1": 0.7227833894500562, "uabsa_edit_precision": 0.7901584286846834, "uabsa_edit_recall": 0.7516811711768501, "uabsa_edit_f1": 0.7704396918360411, "uabsa_confusion_matrix": {"tp": 322, "fn": 110, "fp": 137}, "ate_precision": 0.8103837471783296, "ate_recall": 0.8310185185185185, "ate_f1": 0.8205714285714286, "ate_edit_precision": 0.8761420175754951, "ate_edit_recall": 0.8534235300729132, "ate_edit_f1": 0.8646335659277162, "ate_confusion_matrix": {"tp": 359, "fn": 73, "fp": 84}, "ote_precision": 0.7734204793028322, "ote_recall": 0.7785087719298246, "ote_f1": 0.7759562841530054, "ote_edit_precision": 0.8434535809561834, "ote_edit_recall": 0.8340839380561508, "ote_edit_f1": 0.8387425931143341, "ote_confusion_matrix": {"tp": 355, "fn": 101, "fp": 104}, "aste_precision": 0.5931558935361216, "aste_recall": 0.643298969072165, "aste_f1": 0.6172106824925816, "aste_edit_precision": 0.787214516599935, "aste_edit_recall": 0.7508335797763753, "aste_edit_f1": 0.7685937714733767, "aste_confusion_matrix": {"tp": 312, "fn": 173, "fp": 214}}, "remove": {"precision": 0.7229845626072041, "recall": 0.7362445414847162, "f1": 0.7295543054954566, "edit_precision": 0.8167723162826432, "edit_recall": 0.8223820217244693, "edit_f1": 0.8195675699089456, "confusion_matrix": {"tp": 1686, "fn": 604, "fp": 646}, "aope_precision": 0.6888888888888889, "aope_recall": 0.7030927835051546, "aope_f1": 0.6959183673469388, "aope_edit_precision": 0.8474672975790828, "aope_edit_recall": 0.8554291814090812, "aope_edit_f1": 0.8514296266203976, "aope_confusion_matrix": {"tp": 341, "fn": 144, "fp": 154}, "uabsa_precision": 0.7086092715231788, "uabsa_recall": 0.7430555555555556, "uabsa_f1": 0.7254237288135592, "uabsa_edit_precision": 0.7849500953513501, "uabsa_edit_recall": 0.7565441825894731, "uabsa_edit_f1": 0.7704854137433438, "uabsa_confusion_matrix": {"tp": 321, "fn": 111, "fp": 132}, "ate_precision": 0.817351598173516, "ate_recall": 0.8287037037037037, "ate_f1": 0.8229885057471263, "ate_edit_precision": 0.872614680714825, "ate_edit_recall": 0.8593062731320189, "ate_edit_f1": 0.865909344765226, "ate_confusion_matrix": {"tp": 358, "fn": 74, "fp": 80}, "ote_precision": 0.7995495495495496, "ote_recall": 0.7785087719298246, "ote_f1": 0.7888888888888889, "ote_edit_precision": 0.8325349495073663, "ote_edit_recall": 0.8472140101638215, "ote_edit_f1": 0.8398103408401459, "ote_confusion_matrix": {"tp": 355, "fn": 101, "fp": 89}, "aste_precision": 0.6195219123505976, "aste_recall": 0.6412371134020619, "aste_f1": 0.6301925025329281, "aste_edit_precision": 0.7763490106953248, "aste_edit_recall": 0.7689679560080429, "aste_edit_f1": 0.7726408559103658, "aste_confusion_matrix": {"tp": 311, "fn": 174, "fp": 191}}}