{"recall": 0.3672942045035068, "precision": 0.4225941422594142, "f1_score": 0.3930084041500624}