{"raw": {"precision": 0.29444444444444445, "recall": 0.35570469798657717, "f1": 0.3221884498480243, "edit_recall": 0.5636851866883487, "edit_precision": 0.47835935062455115, "edit_f1": 0.5175288967134618}, "editdistance": {"precision": 0.29444444444444445, "recall": 0.35570469798657717, "f1": 0.3221884498480243, "edit_recall": 0.5663851987673055, "edit_precision": 0.47954231572697303, "edit_f1": 0.519358494822045}, "cut": {"precision": 0.29444444444444445, "recall": 0.35570469798657717, "f1": 0.3221884498480243, "edit_recall": 0.5663851987673055, "edit_precision": 0.47954231572697303, "edit_f1": 0.519358494822045}, "remove": {"precision": 0.29444444444444445, "recall": 0.35570469798657717, "f1": 0.3221884498480243, "edit_recall": 0.5636851866883487, "edit_precision": 0.47835935062455115, "edit_f1": 0.5175288967134618}}