{"t5-base": {"rest15-aos": 0.5502239283429302, "rest15-cs": 0.6818181818181819, "rest16-aos": 0.6217228464419475, "rest16-cs": 0.7723214285714286}, "google/mt5-base": {"rest15-aos": 0.40171094161845466, "rest15-cs": 0.6240487062404871, "rest16-aos": 0.5188981422165279, "rest16-cs": 0.6884272997032641}, "google/flan-t5-base": {"rest15-aos": 0.5199240986717267, "rest15-cs": 0.7151424287856071, "rest16-aos": 0.6202219482120838, "rest16-cs": 0.7865003668378576}, "google/t5-v1_1-base": {"rest15-aos": 0.25271957261881695, "rest15-cs": 0.42716711349419123, "rest16-aos": 0.4678055190538765, "rest16-cs": 0.6929368029739778}, "google/t5-efficient-base": {"rest15-aos": 0.48826291079812206, "rest15-cs": 0.6712433257055682, "rest16-aos": 0.5845564773452456, "rest16-cs": 0.7458893871449924}, "google/long-t5-local-base": {"rest15-aos": 0.25120772946859904, "rest15-cs": 0.6241457858769932, "rest16-aos": 0.3376271186440678, "rest16-cs": 0.6926536731634183}, "facebook/bart-base": {"rest15-aos": 0.3397573162027123, "rest15-cs": 0.5538221528861155, "rest16-aos": 0.4058373870743572, "rest16-cs": 0.5981308411214954}, "openai-gpt": {"rest15-aos": 0.004878048780487805, "rest15-cs": 0.29066171923314776, "rest16-aos": 0.04833512352309345, "rest16-cs": 0.21095890410958903}, "google/byt5-base": {"rest15-aos": 0.5032509752925879, "rest15-cs": 0.5972222222222222, "rest16-aos": 0.5716080402010051, "rest16-cs": 0.6814159292035398}, "gpt2-medium": {"rest15-aos": 0.17504929884347578, "rest15-cs": 0.3442817570241393, "rest16-aos": 0, "rest16-cs": 0}, "Nicki/gpt3-base": {"rest15-aos": 0.2303702660109497, "rest15-cs": 0.3776223776223777, "rest16-aos": 0.19942447307434624, "rest16-cs": 0.21131447587354407}, "facebook/xglm-564M": {"rest15-aos": 0.44508682724957144, "rest15-cs": 0.6332335329341318, "rest16-aos": 0.504983388704319, "rest16-cs": 0.7056179775280899}, "ai-forever/mGPT": {"rest15-aos": 0.03735250007074337, "rest15-cs": 0.2400272758267985, "rest16-aos": 0.12217697795080765, "rest16-cs": 0.2696629213483146}}