{"raw": {"precision": 0.46659597030752914, "recall": 0.48325096101043385, "f1": 0.47477744807121663, "edit_recall": 0.7290902844641113, "edit_precision": 0.7174665616696029, "edit_f1": 0.7232317221950715}, "editdistance": {"precision": 0.47030752916224816, "recall": 0.4870950027457441, "f1": 0.47855408686269224, "edit_recall": 0.7295849520634765, "edit_precision": 0.7181112271397383, "edit_f1": 0.7238026220630739}, "cut": {"precision": 0.47030752916224816, "recall": 0.4870950027457441, "f1": 0.47855408686269224, "edit_recall": 0.7295849520634765, "edit_precision": 0.7181112271397383, "edit_f1": 0.7238026220630739}, "remove": {"precision": 0.46659597030752914, "recall": 0.48325096101043385, "f1": 0.47477744807121663, "edit_recall": 0.7290902844641113, "edit_precision": 0.7174665616696029, "edit_f1": 0.7232317221950715}}