{"raw": {"precision": 0.7388059701492538, "recall": 0.6971830985915493, "f1": 0.7173913043478262, "edit_precision": 0.8432224118101838, "edit_recall": 0.8233732849911344, "edit_f1": 0.8331796470167737, "confusion_matrix": {"tp": 693, "fn": 301, "fp": 245}, "aste_precision": 0.7388059701492538, "aste_recall": 0.6971830985915493, "aste_f1": 0.7173913043478262, "aste_edit_precision": 0.8233732849911344, "aste_edit_recall": 0.8432224118101838, "aste_edit_f1": 0.8331796470167737, "aste_confusion_matrix": {"tp": 693, "fn": 301, "fp": 245}}, "editdistance": {"precision": 0.7473347547974414, "recall": 0.7052313883299799, "f1": 0.7256728778467909, "edit_precision": 0.8442534166359306, "edit_recall": 0.8242565365925104, "edit_f1": 0.8341351465794349, "confusion_matrix": {"tp": 701, "fn": 293, "fp": 237}, "aste_precision": 0.7473347547974414, "aste_recall": 0.7052313883299799, "aste_f1": 0.7256728778467909, "aste_edit_precision": 0.8242565365925104, "aste_edit_recall": 0.8442534166359306, "aste_edit_f1": 0.8341351465794349, "aste_confusion_matrix": {"tp": 701, "fn": 293, "fp": 237}}, "cut": {"precision": 0.7388059701492538, "recall": 0.6971830985915493, "f1": 0.7173913043478262, "edit_precision": 0.8425491823609972, "edit_recall": 0.8227445066983455, "edit_f1": 0.8325290799633731, "confusion_matrix": {"tp": 693, "fn": 301, "fp": 245}, "aste_precision": 0.7388059701492538, "aste_recall": 0.6971830985915493, "aste_f1": 0.7173913043478262, "aste_edit_precision": 0.8227445066983455, "aste_edit_recall": 0.8425491823609972, "aste_edit_f1": 0.8325290799633731, "aste_confusion_matrix": {"tp": 693, "fn": 301, "fp": 245}}, "remove": {"precision": 0.7540805223068553, "recall": 0.6971830985915493, "f1": 0.7245164662833246, "edit_precision": 0.8474074488489419, "edit_recall": 0.81407059202594, "edit_f1": 0.8304045754446404, "confusion_matrix": {"tp": 693, "fn": 301, "fp": 226}, "aste_precision": 0.7540805223068553, "aste_recall": 0.6971830985915493, "aste_f1": 0.7245164662833246, "aste_edit_precision": 0.81407059202594, "aste_edit_recall": 0.8474074488489419, "aste_edit_f1": 0.8304045754446404, "aste_confusion_matrix": {"tp": 693, "fn": 301, "fp": 226}}}