{"raw": {"precision": 0.7388059701492538, "recall": 0.6971830985915493, "f1": 0.7173913043478262, "edit_precision": 0.8432224118101838, "edit_recall": 0.8233732849911344, "edit_f1": 0.8331796470167737, "confusion_matrix": {"tp": 693, "fn": 301, "fp": 245}, "aste_precision": 0.7388059701492538, "aste_recall": 0.6971830985915493, "aste_f1": 0.7173913043478262, "aste_edit_precision": 0.8233732849911344, "aste_edit_recall": 0.8432224118101838, "aste_edit_f1": 0.8331796470167737, "aste_confusion_matrix": {"tp": 693, "fn": 301, "fp": 245}}, "editdistance": {"precision": 0.7452025586353944, "recall": 0.7032193158953722, "f1": 0.7236024844720497, "edit_precision": 0.8432672759109838, "edit_recall": 0.8233762549023697, "edit_f1": 0.833203067943947, "confusion_matrix": {"tp": 699, "fn": 295, "fp": 239}, "aste_precision": 0.7452025586353944, "aste_recall": 0.7032193158953722, "aste_f1": 0.7236024844720497, "aste_edit_precision": 0.8233762549023697, "aste_edit_recall": 0.8432672759109838, "aste_edit_f1": 0.833203067943947, "aste_confusion_matrix": {"tp": 699, "fn": 295, "fp": 239}}, "cut": {"precision": 0.7388059701492538, "recall": 0.6971830985915493, "f1": 0.7173913043478262, "edit_precision": 0.8425491823609972, "edit_recall": 0.8227445066983455, "edit_f1": 0.8325290799633731, "confusion_matrix": {"tp": 693, "fn": 301, "fp": 245}, "aste_precision": 0.7388059701492538, "aste_recall": 0.6971830985915493, "aste_f1": 0.7173913043478262, "aste_edit_precision": 0.8227445066983455, "aste_edit_recall": 0.8425491823609972, "aste_edit_f1": 0.8325290799633731, "aste_confusion_matrix": {"tp": 693, "fn": 301, "fp": 245}}, "remove": {"precision": 0.7540805223068553, "recall": 0.6971830985915493, "f1": 0.7245164662833246, "edit_precision": 0.8474074488489419, "edit_recall": 0.81407059202594, "edit_f1": 0.8304045754446404, "confusion_matrix": {"tp": 693, "fn": 301, "fp": 226}, "aste_precision": 0.7540805223068553, "aste_recall": 0.6971830985915493, "aste_f1": 0.7245164662833246, "aste_edit_precision": 0.81407059202594, "aste_edit_recall": 0.8474074488489419, "aste_edit_f1": 0.8304045754446404, "aste_confusion_matrix": {"tp": 693, "fn": 301, "fp": 226}}}