{"recall": 0.7582133628645257, "precision": 0.828238133547868, "f1_score": 0.7916803279647512}