{"raw": {"precision": 0.7973333333333333, "recall": 0.7922278648708324, "f1": 0.7947724000443017, "edit_precision": 0.8689755542274733, "edit_recall": 0.8715578200814798, "edit_f1": 0.8702647716218476, "confusion_matrix": {"tp": 3588, "fn": 941, "fp": 912}, "ote_precision": 0.8477218225419664, "ote_recall": 0.8366863905325443, "ote_f1": 0.8421679571173316, "ote_edit_precision": 0.8814115579575762, "ote_edit_recall": 0.8884987372253393, "ote_edit_f1": 0.8849409581406958, "ote_confusion_matrix": {"tp": 707, "fn": 138, "fp": 127}, "aope_precision": 0.774390243902439, "aope_recall": 0.7665995975855131, "aope_f1": 0.7704752275025278, "aope_edit_precision": 0.8995294399733769, "aope_edit_recall": 0.8864432419174774, "aope_edit_f1": 0.8929383982805436, "aope_confusion_matrix": {"tp": 762, "fn": 232, "fp": 222}, "ate_precision": 0.8480565371024735, "ate_recall": 0.8490566037735849, "ate_f1": 0.8485562757807897, "ate_edit_precision": 0.8953996248892752, "ate_edit_recall": 0.893910907066364, "ate_edit_f1": 0.8946546466664378, "ate_confusion_matrix": {"tp": 720, "fn": 128, "fp": 129}, "uabsa_precision": 0.8, "uabsa_recall": 0.8018867924528302, "uabsa_f1": 0.800942285041225, "uabsa_edit_precision": 0.8415960877070169, "uabsa_edit_recall": 0.8411523440146385, "uabsa_edit_f1": 0.8413741573528353, "uabsa_confusion_matrix": {"tp": 680, "fn": 168, "fp": 170}, "aste_precision": 0.7314343845371313, "aste_recall": 0.7233400402414487, "aste_f1": 0.7273646939807791, "aste_edit_precision": 0.8404305563980677, "aste_edit_recall": 0.8374486720438584, "aste_edit_f1": 0.8389369645563892, "aste_confusion_matrix": {"tp": 719, "fn": 275, "fp": 264}}, "editdistance": {"precision": 0.802, "recall": 0.7968646500331199, "f1": 0.7994240779709824, "edit_precision": 0.868765440724991, "edit_recall": 0.87128349714362, "edit_f1": 0.8700226469717187, "confusion_matrix": {"tp": 3609, "fn": 920, "fp": 891}, "ote_precision": 0.8513189448441247, "ote_recall": 0.8402366863905325, "ote_f1": 0.8457415128052413, "ote_edit_precision": 0.8812453139451785, "ote_edit_recall": 0.8882403724885576, "ote_edit_f1": 0.884729016927003, "ote_confusion_matrix": {"tp": 710, "fn": 135, "fp": 124}, "aope_precision": 0.7794715447154471, "aope_recall": 0.7716297786720322, "aope_f1": 0.7755308392315471, "aope_edit_precision": 0.8989050555329381, "aope_edit_recall": 0.8861323114356546, "aope_edit_f1": 0.8924729861238955, "aope_confusion_matrix": {"tp": 767, "fn": 227, "fp": 217}, "ate_precision": 0.8515901060070671, "ate_recall": 0.8525943396226415, "ate_f1": 0.8520919269298762, "ate_edit_precision": 0.8951732357124143, "ate_edit_recall": 0.8936376702913605, "ate_edit_f1": 0.8944047939156882, "ate_confusion_matrix": {"tp": 723, "fn": 125, "fp": 126}, "uabsa_precision": 0.8035294117647059, "uabsa_recall": 0.8054245283018868, "uabsa_f1": 0.8044758539458187, "uabsa_edit_precision": 0.8414194888865502, "uabsa_edit_recall": 0.841005572485514, "uabsa_edit_f1": 0.8412124797694144, "uabsa_confusion_matrix": {"tp": 683, "fn": 165, "fp": 167}, "aste_precision": 0.7385554425228891, "aste_recall": 0.7303822937625755, "aste_f1": 0.7344461305007588, "aste_edit_precision": 0.840290153541367, "aste_edit_recall": 0.8373801622220423, "aste_edit_f1": 0.8388326341291537, "aste_confusion_matrix": {"tp": 726, "fn": 268, "fp": 257}}, "cut": {"precision": 0.7975555555555556, "recall": 0.7924486641642747, "f1": 0.7949939085170009, "edit_precision": 0.8681801730835625, "edit_recall": 0.8708185056695805, "edit_f1": 0.8694973379952826, "confusion_matrix": {"tp": 3589, "fn": 940, "fp": 911}, "ote_precision": 0.8489208633093526, "ote_recall": 0.8378698224852071, "ote_f1": 0.843359142346635, "ote_edit_precision": 0.8807029076335413, "ote_edit_recall": 0.8876311959642306, "ote_edit_f1": 0.8841534793695878, "ote_confusion_matrix": {"tp": 708, "fn": 137, "fp": 126}, "aope_precision": 0.774390243902439, "aope_recall": 0.7665995975855131, "aope_f1": 0.7704752275025278, "aope_edit_precision": 0.8987892050012316, "aope_edit_recall": 0.885641576661006, "aope_edit_f1": 0.8921669551807284, "aope_confusion_matrix": {"tp": 762, "fn": 232, "fp": 222}, "ate_precision": 0.8480565371024735, "ate_recall": 0.8490566037735849, "ate_f1": 0.8485562757807897, "ate_edit_precision": 0.8945395495456399, "ate_edit_recall": 0.8930891435507737, "ate_edit_f1": 0.8938137581492965, "ate_confusion_matrix": {"tp": 720, "fn": 128, "fp": 129}, "uabsa_precision": 0.8, "uabsa_recall": 0.8018867924528302, "uabsa_f1": 0.800942285041225, "uabsa_edit_precision": 0.8409148645646392, "uabsa_edit_recall": 0.8404906509211117, "uabsa_edit_f1": 0.840702704228951, "uabsa_confusion_matrix": {"tp": 680, "fn": 168, "fp": 170}, "aste_precision": 0.7314343845371313, "aste_recall": 0.7233400402414487, "aste_f1": 0.7273646939807791, "aste_edit_precision": 0.8397195596483387, "aste_edit_recall": 0.8366279896743459, "aste_edit_f1": 0.8381709238787263, "aste_confusion_matrix": {"tp": 719, "fn": 275, "fp": 264}}, "remove": {"precision": 0.8113975576662144, "recall": 0.7922278648708324, "f1": 0.8016981342866719, "edit_precision": 0.8736351452029516, "edit_recall": 0.8629462891807262, "edit_f1": 0.8682578216302483, "confusion_matrix": {"tp": 3588, "fn": 941, "fp": 834}, "ote_precision": 0.8580097087378641, "ote_recall": 0.8366863905325443, "ote_f1": 0.8472139005392452, "ote_edit_precision": 0.8746359404127279, "ote_edit_recall": 0.8918749643876903, "ote_edit_f1": 0.8831713363195209, "ote_confusion_matrix": {"tp": 707, "fn": 138, "fp": 117}, "aope_precision": 0.7954070981210856, "aope_recall": 0.7665995975855131, "aope_f1": 0.7807377049180327, "aope_edit_precision": 0.8875381227224672, "aope_edit_recall": 0.8947923926926307, "aope_edit_f1": 0.8911504948921383, "aope_confusion_matrix": {"tp": 762, "fn": 232, "fp": 196}, "ate_precision": 0.8581644815256257, "ate_recall": 0.8490566037735849, "ate_f1": 0.8535862477771191, "ate_edit_precision": 0.890264000247546, "ate_edit_recall": 0.8979995028559644, "ate_edit_f1": 0.894115020795773, "ate_confusion_matrix": {"tp": 720, "fn": 128, "fp": 119}, "uabsa_precision": 0.8076009501187649, "uabsa_recall": 0.8018867924528302, "uabsa_f1": 0.804733727810651, "uabsa_edit_precision": 0.8360598940326434, "uabsa_edit_recall": 0.8429946661045694, "uabsa_edit_f1": 0.8395129591927898, "uabsa_confusion_matrix": {"tp": 680, "fn": 168, "fp": 162}, "aste_precision": 0.7497393117831074, "aste_recall": 0.7233400402414487, "aste_f1": 0.7363031233998976, "aste_edit_precision": 0.8280491123893601, "aste_edit_recall": 0.8424144290680455, "aste_edit_f1": 0.835170002746895, "aste_confusion_matrix": {"tp": 719, "fn": 275, "fp": 240}}}