{"raw": {"precision": 0.22955974842767296, "recall": 0.2260061919504644, "f1": 0.2277691107644306, "edit_recall": 0.5040864491077555, "edit_precision": 0.48442211581498207, "edit_f1": 0.49405869184254625}, "editdistance": {"precision": 0.2358490566037736, "recall": 0.23219814241486067, "f1": 0.234009360374415, "edit_recall": 0.5046509410718103, "edit_precision": 0.484617203745919, "edit_f1": 0.4944312201117674}, "cut": {"precision": 0.2358490566037736, "recall": 0.23219814241486067, "f1": 0.234009360374415, "edit_recall": 0.5046509410718103, "edit_precision": 0.484617203745919, "edit_f1": 0.4944312201117674}, "remove": {"precision": 0.22955974842767296, "recall": 0.2260061919504644, "f1": 0.2277691107644306, "edit_recall": 0.5040864491077555, "edit_precision": 0.48442211581498207, "edit_f1": 0.49405869184254625}}