{"precision": 0.17721518987341772, "recall": 0.043343653250773995, "f1": 0.06965174129353234, "edit_recall": 0.13649570477083514, "edit_precision": 0.5614975485682457, "edit_f1": 0.2196067175499953}