{"raw": {"precision": 0.22697368421052633, "recall": 0.21362229102167182, "f1": 0.22009569377990432, "edit_recall": 0.48801118200125476, "edit_precision": 0.4779104535300138, "edit_f1": 0.4829080056575415}, "editdistance": {"precision": 0.23355263157894737, "recall": 0.21981424148606812, "f1": 0.22647527910685808, "edit_recall": 0.4893871057765114, "edit_precision": 0.4797507995837377, "edit_f1": 0.48452104494866166}, "cut": {"precision": 0.23355263157894737, "recall": 0.21981424148606812, "f1": 0.22647527910685808, "edit_recall": 0.4893871057765114, "edit_precision": 0.4797507995837377, "edit_f1": 0.48452104494866166}, "remove": {"precision": 0.22697368421052633, "recall": 0.21362229102167182, "f1": 0.22009569377990432, "edit_recall": 0.48801118200125476, "edit_precision": 0.4779104535300138, "edit_f1": 0.4829080056575415}}