{"raw": {"precision": 0.8381277425646027, "recall": 0.7503273679615888, "f1": 0.7918010133578995, "edit_precision": 0.9152749978214494, "edit_recall": 0.8430436258685982, "edit_f1": 0.8776756868000811, "confusion_matrix": {"tp": 1719, "fn": 572, "fp": 332}, "aste_precision": 0.8381277425646027, "aste_recall": 0.7503273679615888, "aste_f1": 0.7918010133578995, "aste_edit_precision": 0.8430436258685982, "aste_edit_recall": 0.9152749978214494, "aste_edit_f1": 0.8776756868000811, "aste_confusion_matrix": {"tp": 1719, "fn": 572, "fp": 332}}, "editdistance": {"precision": 0.8439785470502194, "recall": 0.75556525534701, "f1": 0.797328420082911, "edit_precision": 0.9156415480237962, "edit_recall": 0.8432983790836984, "edit_f1": 0.877982268035657, "confusion_matrix": {"tp": 1731, "fn": 560, "fp": 320}, "aste_precision": 0.8439785470502194, "aste_recall": 0.75556525534701, "aste_f1": 0.797328420082911, "aste_edit_precision": 0.8432983790836984, "aste_edit_recall": 0.9156415480237962, "aste_edit_f1": 0.877982268035657, "aste_confusion_matrix": {"tp": 1731, "fn": 560, "fp": 320}}, "cut": {"precision": 0.8391028766455387, "recall": 0.7512003491924923, "f1": 0.7927222478120681, "edit_precision": 0.9144583786202416, "edit_recall": 0.8422824972650191, "edit_f1": 0.8768877611515019, "confusion_matrix": {"tp": 1721, "fn": 570, "fp": 330}, "aste_precision": 0.8391028766455387, "aste_recall": 0.7512003491924923, "aste_f1": 0.7927222478120681, "aste_edit_precision": 0.8422824972650191, "aste_edit_recall": 0.9144583786202416, "aste_edit_f1": 0.8768877611515019, "aste_confusion_matrix": {"tp": 1721, "fn": 570, "fp": 330}}, "remove": {"precision": 0.8526785714285714, "recall": 0.7503273679615888, "f1": 0.7982354306942185, "edit_precision": 0.9205937882874534, "edit_recall": 0.8362617586295757, "edit_f1": 0.8764037336224856, "confusion_matrix": {"tp": 1719, "fn": 572, "fp": 297}, "aste_precision": 0.8526785714285714, "aste_recall": 0.7503273679615888, "aste_f1": 0.7982354306942185, "aste_edit_precision": 0.8362617586295757, "aste_edit_recall": 0.9205937882874534, "aste_edit_f1": 0.8764037336224856, "aste_confusion_matrix": {"tp": 1719, "fn": 572, "fp": 297}}}