{"raw": {"precision": 0.6080351537978657, "recall": 0.6234552008238929, "f1": 0.6156486366236573, "edit_precision": 0.7518881452614048, "edit_recall": 0.7764330797581994, "edit_f1": 0.7639635159179373, "confusion_matrix": {"tp": 4843, "fn": 2925, "fp": 3122}, "ate_precision": 0.6962025316455697, "ate_recall": 0.7056936647955092, "ate_f1": 0.7009159697331742, "ate_edit_precision": 0.7763090119792609, "ate_edit_recall": 0.7602092060682933, "ate_edit_f1": 0.7681747612603317, "ate_confusion_matrix": {"tp": 880, "fn": 367, "fp": 384}, "ote_precision": 0.6828849456210647, "ote_recall": 0.6915942028985507, "ote_f1": 0.6872119815668203, "ote_edit_precision": 0.7946474273470849, "ote_edit_recall": 0.7772525949464699, "ote_edit_f1": 0.7858537645057843, "ote_confusion_matrix": {"tp": 1193, "fn": 532, "fp": 554}, "aope_precision": 0.5234159779614325, "aope_recall": 0.5391600454029511, "aope_f1": 0.5311713726586524, "aope_edit_precision": 0.782445882751206, "aope_edit_recall": 0.7583945626018513, "aope_edit_f1": 0.7702325114820726, "aope_confusion_matrix": {"tp": 950, "fn": 812, "fp": 865}, "aste_precision": 0.5187637969094923, "aste_recall": 0.5334846765039728, "aste_f1": 0.5260212646894238, "aste_edit_precision": 0.7669695169958396, "aste_edit_recall": 0.7358661794782451, "aste_edit_f1": 0.7510959841746557, "aste_confusion_matrix": {"tp": 940, "fn": 822, "fp": 872}, "uabsa_precision": 0.6631499623210249, "uabsa_recall": 0.6918238993710691, "uabsa_f1": 0.6771835321277415, "uabsa_edit_precision": 0.7566337099807723, "uabsa_edit_recall": 0.7235483864569288, "uabsa_edit_f1": 0.7397212833651505, "uabsa_confusion_matrix": {"tp": 880, "fn": 392, "fp": 447}}, "editdistance": {"precision": 0.6160703075957313, "recall": 0.6316941297631308, "f1": 0.6237844022119112, "edit_precision": 0.7530017611924875, "edit_recall": 0.7775028137038951, "edit_f1": 0.7650561751385606, "confusion_matrix": {"tp": 4907, "fn": 2861, "fp": 3058}, "ate_precision": 0.7033227848101266, "ate_recall": 0.7129109863672815, "ate_f1": 0.708084428514536, "ate_edit_precision": 0.7774156108541996, "ate_edit_recall": 0.7615604780688312, "ate_edit_f1": 0.7694063715760655, "ate_confusion_matrix": {"tp": 889, "fn": 358, "fp": 375}, "ote_precision": 0.6880366342301087, "ote_recall": 0.6968115942028985, "ote_f1": 0.6923963133640553, "ote_edit_precision": 0.7955048738371499, "ote_edit_recall": 0.7779712424282976, "ote_edit_f1": 0.7866403673488588, "ote_confusion_matrix": {"tp": 1202, "fn": 523, "fp": 545}, "aope_precision": 0.5338842975206611, "aope_recall": 0.5499432463110102, "aope_f1": 0.5417948001118255, "aope_edit_precision": 0.783609116895638, "aope_edit_recall": 0.7594194676099953, "aope_edit_f1": 0.7713246848993178, "aope_confusion_matrix": {"tp": 969, "fn": 793, "fp": 846}, "aste_precision": 0.5275938189845475, "aste_recall": 0.5425652667423383, "aste_f1": 0.5349748181309457, "aste_edit_precision": 0.7679071561029406, "aste_edit_recall": 0.7369084150671604, "aste_edit_f1": 0.7520885032875341, "aste_confusion_matrix": {"tp": 956, "fn": 806, "fp": 856}, "uabsa_precision": 0.6714393368500376, "uabsa_recall": 0.7004716981132075, "uabsa_f1": 0.6856483262793382, "uabsa_edit_precision": 0.7580086554434688, "uabsa_edit_recall": 0.7251744094069992, "uabsa_edit_f1": 0.7412280952547549, "uabsa_confusion_matrix": {"tp": 891, "fn": 381, "fp": 436}}, "cut": {"precision": 0.6081607030759573, "recall": 0.6235839340885685, "f1": 0.6157757579609737, "edit_precision": 0.7500856606660282, "edit_recall": 0.7748087437815517, "edit_f1": 0.7622467847926044, "confusion_matrix": {"tp": 4844, "fn": 2924, "fp": 3121}, "ate_precision": 0.6962025316455697, "ate_recall": 0.7056936647955092, "ate_f1": 0.7009159697331742, "ate_edit_precision": 0.7737987982981067, "ate_edit_recall": 0.7582474372826636, "ate_edit_f1": 0.765944189092342, "ate_confusion_matrix": {"tp": 880, "fn": 367, "fp": 384}, "ote_precision": 0.6828849456210647, "ote_recall": 0.6915942028985507, "ote_f1": 0.6872119815668203, "ote_edit_precision": 0.7933413952422192, "ote_edit_recall": 0.7758725410606695, "ote_edit_f1": 0.7845097344794266, "ote_confusion_matrix": {"tp": 1193, "fn": 532, "fp": 554}, "aope_precision": 0.5239669421487604, "aope_recall": 0.539727582292849, "aope_f1": 0.5317305004193458, "aope_edit_precision": 0.7808938135844928, "aope_edit_recall": 0.7565322071805268, "aope_edit_f1": 0.7685199969111084, "aope_confusion_matrix": {"tp": 951, "fn": 811, "fp": 864}, "aste_precision": 0.5187637969094923, "aste_recall": 0.5334846765039728, "aste_f1": 0.5260212646894238, "aste_edit_precision": 0.7655621386384399, "aste_edit_recall": 0.7340159455065459, "aste_edit_f1": 0.749457227973702, "aste_confusion_matrix": {"tp": 940, "fn": 822, "fp": 872}, "uabsa_precision": 0.6631499623210249, "uabsa_recall": 0.6918238993710691, "uabsa_f1": 0.6771835321277415, "uabsa_edit_precision": 0.7550455389997845, "uabsa_edit_recall": 0.7214885817303127, "uabsa_edit_f1": 0.7378857385366616, "uabsa_confusion_matrix": {"tp": 880, "fn": 392, "fp": 447}}, "remove": {"precision": 0.6235354705806617, "recall": 0.6234552008238929, "f1": 0.623495333118764, "edit_precision": 0.7567005990974974, "edit_recall": 0.7672726277629212, "edit_f1": 0.7619499435635303, "confusion_matrix": {"tp": 4843, "fn": 2925, "fp": 2924}, "ate_precision": 0.709105560032232, "ate_recall": 0.7056936647955092, "ate_f1": 0.7073954983922829, "ate_edit_precision": 0.7690053962356579, "ate_edit_recall": 0.7659404666227562, "ate_edit_f1": 0.7674698714536863, "ate_confusion_matrix": {"tp": 880, "fn": 367, "fp": 361}, "ote_precision": 0.6915942028985507, "ote_recall": 0.6915942028985507, "ote_f1": 0.6915942028985507, "ote_edit_precision": 0.7904559509133973, "ote_edit_recall": 0.780165275502219, "ote_edit_f1": 0.7852769010693762, "ote_confusion_matrix": {"tp": 1193, "fn": 532, "fp": 532}, "aope_precision": 0.5431675242995998, "aope_recall": 0.5391600454029511, "aope_f1": 0.5411563657077756, "aope_edit_precision": 0.7684683963878602, "aope_edit_recall": 0.7632837261613403, "aope_edit_f1": 0.7658672867460842, "aope_confusion_matrix": {"tp": 950, "fn": 812, "fp": 799}, "aste_precision": 0.5368360936607652, "aste_recall": 0.5334846765039728, "aste_f1": 0.5351551380586395, "aste_edit_precision": 0.754807817845418, "aste_edit_recall": 0.7410855847721951, "aste_edit_f1": 0.7478837624389023, "aste_confusion_matrix": {"tp": 940, "fn": 822, "fp": 811}, "uabsa_precision": 0.676402767102229, "uabsa_recall": 0.6918238993710691, "uabsa_f1": 0.6840264282938203, "uabsa_edit_precision": 0.7497443699307129, "uabsa_edit_recall": 0.7289409976001519, "uabsa_edit_f1": 0.7391963442161857, "uabsa_confusion_matrix": {"tp": 880, "fn": 392, "fp": 421}}}