{"recall": 0.48085373509102325, "precision": 0.4916330063473745, "f1_score": 0.48618363073310605}