{"raw": {"precision": 0.7452391028353788, "recall": 0.7106537530266344, "f1": 0.72753563313365, "edit_precision": 0.8253974199535219, "edit_recall": 0.7996315063227055, "edit_f1": 0.8123101952957091, "confusion_matrix": {"tp": 1761, "fn": 717, "fp": 602}, "ate_precision": 0.8581081081081081, "ate_recall": 0.8228941684665226, "ate_f1": 0.8401323042998897, "ate_edit_precision": 0.8620836996856308, "ate_edit_recall": 0.8926217255129147, "ate_edit_f1": 0.8770869782463621, "ate_confusion_matrix": {"tp": 381, "fn": 82, "fp": 63}, "aste_precision": 0.6372549019607843, "aste_recall": 0.600739371534196, "aste_f1": 0.6184586108468126, "aste_edit_precision": 0.7260299325858355, "aste_edit_recall": 0.7543679865163148, "aste_edit_f1": 0.7399277333860673, "aste_confusion_matrix": {"tp": 325, "fn": 216, "fp": 185}, "aope_precision": 0.7267441860465116, "aope_recall": 0.6931608133086876, "aope_f1": 0.7095553453169346, "aope_edit_precision": 0.8603150337246157, "aope_edit_recall": 0.8718346749054755, "aope_edit_f1": 0.8660365486962314, "aope_confusion_matrix": {"tp": 375, "fn": 166, "fp": 141}, "ote_precision": 0.8040089086859689, "ote_recall": 0.7680851063829788, "ote_f1": 0.7856365614798695, "ote_edit_precision": 0.827683475228268, "ote_edit_recall": 0.8570088532314531, "ote_edit_f1": 0.8420909313364409, "ote_confusion_matrix": {"tp": 361, "fn": 109, "fp": 88}, "uabsa_precision": 0.7184684684684685, "uabsa_recall": 0.6889848812095032, "uabsa_f1": 0.7034178610804851, "uabsa_edit_precision": 0.7237975368941221, "uabsa_edit_recall": 0.7538259386193019, "uabsa_edit_f1": 0.7385066177700875, "uabsa_confusion_matrix": {"tp": 319, "fn": 144, "fp": 125}}, "editdistance": {"precision": 0.7477782479898434, "recall": 0.7130750605326877, "f1": 0.7300144598223508, "edit_precision": 0.8257565978518446, "edit_recall": 0.7997794398392832, "edit_f1": 0.812560452626556, "confusion_matrix": {"tp": 1767, "fn": 711, "fp": 596}, "ate_precision": 0.8581081081081081, "ate_recall": 0.8228941684665226, "ate_f1": 0.8401323042998897, "ate_edit_precision": 0.8620836996856308, "ate_edit_recall": 0.8926217255129147, "ate_edit_f1": 0.8770869782463621, "ate_confusion_matrix": {"tp": 381, "fn": 82, "fp": 63}, "aste_precision": 0.6392156862745098, "aste_recall": 0.6025878003696857, "aste_f1": 0.6203615604186488, "aste_edit_precision": 0.7262578264828605, "aste_edit_recall": 0.7550424699849159, "aste_edit_f1": 0.7403704764807952, "aste_confusion_matrix": {"tp": 326, "fn": 215, "fp": 184}, "aope_precision": 0.7325581395348837, "aope_recall": 0.6987060998151571, "aope_f1": 0.7152317880794702, "aope_edit_precision": 0.8603819800253881, "aope_edit_recall": 0.8724115743195844, "aope_edit_f1": 0.8663550205712685, "aope_confusion_matrix": {"tp": 378, "fn": 163, "fp": 138}, "ote_precision": 0.8084632516703786, "ote_recall": 0.7723404255319148, "ote_f1": 0.7899891186071818, "ote_edit_precision": 0.828124051200759, "ote_edit_recall": 0.8574700352071118, "ote_edit_f1": 0.842541588232823, "ote_confusion_matrix": {"tp": 363, "fn": 107, "fp": 86}, "uabsa_precision": 0.7184684684684685, "uabsa_recall": 0.6889848812095032, "uabsa_f1": 0.7034178610804851, "uabsa_edit_precision": 0.7237975368941221, "uabsa_edit_recall": 0.7538259386193019, "uabsa_edit_f1": 0.7385066177700875, "uabsa_confusion_matrix": {"tp": 319, "fn": 144, "fp": 125}}, "cut": {"precision": 0.7460854845535336, "recall": 0.7114608555286521, "f1": 0.7283619086965503, "edit_precision": 0.8246660039605072, "edit_recall": 0.7988639436907363, "edit_f1": 0.811559943325529, "confusion_matrix": {"tp": 1763, "fn": 715, "fp": 600}, "ate_precision": 0.8581081081081081, "ate_recall": 0.8228941684665226, "ate_f1": 0.8401323042998897, "ate_edit_precision": 0.8620836996856308, "ate_edit_recall": 0.8926217255129147, "ate_edit_f1": 0.8770869782463621, "ate_confusion_matrix": {"tp": 381, "fn": 82, "fp": 63}, "aste_precision": 0.6372549019607843, "aste_recall": 0.600739371534196, "aste_f1": 0.6184586108468126, "aste_edit_precision": 0.7256744655020874, "aste_edit_recall": 0.7539909126098291, "aste_edit_f1": 0.7395617422633027, "aste_confusion_matrix": {"tp": 325, "fn": 216, "fp": 185}, "aope_precision": 0.7267441860465116, "aope_recall": 0.6931608133086876, "aope_f1": 0.7095553453169346, "aope_edit_precision": 0.8583825853966034, "aope_edit_recall": 0.8698086002049823, "aope_edit_f1": 0.8640578209918954, "aope_confusion_matrix": {"tp": 375, "fn": 166, "fp": 141}, "ote_precision": 0.8084632516703786, "ote_recall": 0.7723404255319148, "ote_f1": 0.7899891186071818, "ote_edit_precision": 0.826270160410698, "ote_edit_recall": 0.855916261352318, "ote_edit_f1": 0.8408319760713615, "ote_confusion_matrix": {"tp": 363, "fn": 107, "fp": 86}, "uabsa_precision": 0.7184684684684685, "uabsa_recall": 0.6889848812095032, "uabsa_f1": 0.7034178610804851, "uabsa_edit_precision": 0.7237975368941221, "uabsa_edit_recall": 0.7538259386193019, "uabsa_edit_f1": 0.7385066177700875, "uabsa_confusion_matrix": {"tp": 319, "fn": 144, "fp": 125}}, "remove": {"precision": 0.7561185057964792, "recall": 0.7106537530266344, "f1": 0.7326815061368838, "edit_precision": 0.8305745677950613, "edit_recall": 0.7946586405977213, "edit_f1": 0.8122197522800684, "confusion_matrix": {"tp": 1761, "fn": 717, "fp": 568}, "ate_precision": 0.8581081081081081, "ate_recall": 0.8228941684665226, "ate_f1": 0.8401323042998897, "ate_edit_precision": 0.8620836996856308, "ate_edit_recall": 0.8926217255129147, "ate_edit_f1": 0.8770869782463621, "ate_confusion_matrix": {"tp": 381, "fn": 82, "fp": 63}, "aste_precision": 0.6526104417670683, "aste_recall": 0.600739371534196, "aste_f1": 0.6256015399422522, "aste_edit_precision": 0.7218304839547787, "aste_edit_recall": 0.7659257648126071, "aste_edit_f1": 0.743224659209024, "aste_confusion_matrix": {"tp": 325, "fn": 216, "fp": 173}, "aope_precision": 0.7485029940119761, "aope_recall": 0.6931608133086876, "aope_f1": 0.7197696737044145, "aope_edit_precision": 0.8485279516856852, "aope_edit_recall": 0.8814602987220793, "aope_edit_f1": 0.8646806723578674, "aope_confusion_matrix": {"tp": 375, "fn": 166, "fp": 126}, "ote_precision": 0.8167420814479638, "ote_recall": 0.7680851063829788, "ote_f1": 0.7916666666666666, "ote_edit_precision": 0.8198663514536976, "ote_edit_recall": 0.8605039931754626, "ote_edit_f1": 0.8396937872071288, "ote_confusion_matrix": {"tp": 361, "fn": 109, "fp": 81}, "uabsa_precision": 0.7184684684684685, "uabsa_recall": 0.6889848812095032, "uabsa_f1": 0.7034178610804851, "uabsa_edit_precision": 0.7237975368941221, "uabsa_edit_recall": 0.7538259386193019, "uabsa_edit_f1": 0.7385066177700875, "uabsa_confusion_matrix": {"tp": 319, "fn": 144, "fp": 125}}}