{"raw": {"precision": 0.7104247104247104, "recall": 0.7159533073929961, "f1": 0.7131782945736435, "edit_precision": 0.8133192462238087, "edit_recall": 0.8218443406188279, "edit_f1": 0.8175595701908633, "confusion_matrix": {"tp": 368, "fn": 146, "fp": 150}, "aste_precision": 0.7104247104247104, "aste_recall": 0.7159533073929961, "aste_f1": 0.7131782945736435, "aste_edit_precision": 0.8218443406188279, "aste_edit_recall": 0.8133192462238087, "aste_edit_f1": 0.8175595701908633, "aste_confusion_matrix": {"tp": 368, "fn": 146, "fp": 150}}, "editdistance": {"precision": 0.7142857142857143, "recall": 0.7198443579766537, "f1": 0.7170542635658915, "edit_precision": 0.8128828114123737, "edit_recall": 0.8215813753631585, "edit_f1": 0.8172089466539868, "confusion_matrix": {"tp": 370, "fn": 144, "fp": 148}, "aste_precision": 0.7142857142857143, "aste_recall": 0.7198443579766537, "aste_f1": 0.7170542635658915, "aste_edit_precision": 0.8215813753631585, "aste_edit_recall": 0.8128828114123737, "aste_edit_f1": 0.8172089466539868, "aste_confusion_matrix": {"tp": 370, "fn": 144, "fp": 148}}, "cut": {"precision": 0.7104247104247104, "recall": 0.7159533073929961, "f1": 0.7131782945736435, "edit_precision": 0.8124260234555858, "edit_recall": 0.8205020018616062, "edit_f1": 0.8164440419598867, "confusion_matrix": {"tp": 368, "fn": 146, "fp": 150}, "aste_precision": 0.7104247104247104, "aste_recall": 0.7159533073929961, "aste_f1": 0.7131782945736435, "aste_edit_precision": 0.8205020018616062, "aste_edit_recall": 0.8124260234555858, "aste_edit_f1": 0.8164440419598867, "aste_confusion_matrix": {"tp": 368, "fn": 146, "fp": 150}}, "remove": {"precision": 0.7244094488188977, "recall": 0.7159533073929961, "f1": 0.7201565557729941, "edit_precision": 0.8179428405084179, "edit_recall": 0.811140389630344, "edit_f1": 0.8145274128060797, "confusion_matrix": {"tp": 368, "fn": 146, "fp": 140}, "aste_precision": 0.7244094488188977, "aste_recall": 0.7159533073929961, "aste_f1": 0.7201565557729941, "aste_edit_precision": 0.811140389630344, "aste_edit_recall": 0.8179428405084179, "aste_edit_f1": 0.8145274128060797, "aste_confusion_matrix": {"tp": 368, "fn": 146, "fp": 140}}}