{"raw": {"precision": 0.7237851662404092, "recall": 0.7414847161572052, "f1": 0.732528041415013, "edit_precision": 0.8186469323762187, "edit_recall": 0.8311214695268697, "edit_f1": 0.8248370385507662, "confusion_matrix": {"tp": 1698, "fn": 592, "fp": 648}, "ote_precision": 0.7768052516411379, "ote_recall": 0.7785087719298246, "ote_f1": 0.777656078860898, "ote_edit_precision": 0.8434520536446432, "ote_edit_recall": 0.8362402703938695, "ote_edit_f1": 0.8398306800714878, "ote_confusion_matrix": {"tp": 355, "fn": 101, "fp": 102}, "uabsa_precision": 0.7299771167048055, "uabsa_recall": 0.7384259259259259, "uabsa_f1": 0.7341772151898736, "uabsa_edit_precision": 0.78052961102616, "uabsa_edit_recall": 0.7762105262136249, "uabsa_edit_f1": 0.7783640770953048, "uabsa_confusion_matrix": {"tp": 319, "fn": 113, "fp": 118}, "ate_precision": 0.8126410835214447, "ate_recall": 0.8333333333333334, "ate_f1": 0.8228571428571428, "ate_edit_precision": 0.8799814611544351, "ate_edit_recall": 0.8598183726766597, "ate_edit_f1": 0.8697830787227112, "ate_confusion_matrix": {"tp": 360, "fn": 72, "fp": 83}, "aste_precision": 0.627254509018036, "aste_recall": 0.6453608247422681, "aste_f1": 0.6361788617886178, "aste_edit_precision": 0.7797831060662069, "aste_edit_recall": 0.7708606413059118, "aste_edit_f1": 0.7752962035804875, "aste_confusion_matrix": {"tp": 313, "fn": 172, "fp": 186}, "aope_precision": 0.6882352941176471, "aope_recall": 0.7237113402061855, "aope_f1": 0.7055276381909549, "aope_edit_precision": 0.8724091528462832, "aope_edit_recall": 0.8502370602389152, "aope_edit_f1": 0.8611804185992317, "aope_confusion_matrix": {"tp": 351, "fn": 134, "fp": 159}}, "editdistance": {"precision": 0.7259164535379369, "recall": 0.7436681222707423, "f1": 0.7346850733390854, "edit_precision": 0.8186001618656555, "edit_recall": 0.830994553281897, "edit_f1": 0.8247507943370102, "confusion_matrix": {"tp": 1703, "fn": 587, "fp": 643}, "ote_precision": 0.7789934354485777, "ote_recall": 0.7807017543859649, "ote_f1": 0.7798466593647316, "ote_edit_precision": 0.8443646863335915, "ote_edit_recall": 0.8371769558819773, "ote_edit_f1": 0.8407554591721212, "ote_confusion_matrix": {"tp": 356, "fn": 100, "fp": 101}, "uabsa_precision": 0.7299771167048055, "uabsa_recall": 0.7384259259259259, "uabsa_f1": 0.7341772151898736, "uabsa_edit_precision": 0.779657279334863, "uabsa_edit_recall": 0.7753481754341275, "uabsa_edit_f1": 0.777496756866395, "uabsa_confusion_matrix": {"tp": 319, "fn": 113, "fp": 118}, "ate_precision": 0.8148984198645598, "ate_recall": 0.8356481481481481, "ate_f1": 0.8251428571428572, "ate_edit_precision": 0.8795430171396023, "ate_edit_recall": 0.8597939113090834, "ate_edit_f1": 0.8695563447221561, "ate_confusion_matrix": {"tp": 361, "fn": 71, "fp": 82}, "aste_precision": 0.6312625250501002, "aste_recall": 0.6494845360824743, "aste_f1": 0.6402439024390244, "aste_edit_precision": 0.7796809931297437, "aste_edit_recall": 0.77086403757447, "aste_edit_f1": 0.7752474471652034, "aste_confusion_matrix": {"tp": 315, "fn": 170, "fp": 184}, "aope_precision": 0.6901960784313725, "aope_recall": 0.7257731958762886, "aope_f1": 0.7075376884422111, "aope_edit_precision": 0.8722214851598595, "aope_edit_recall": 0.8499394132832667, "aope_edit_f1": 0.8609363016196862, "aope_confusion_matrix": {"tp": 352, "fn": 133, "fp": 158}}, "cut": {"precision": 0.7246376811594203, "recall": 0.74235807860262, "f1": 0.733390854184642, "edit_precision": 0.8172620301500017, "edit_recall": 0.829792708343851, "edit_f1": 0.8234797029817051, "confusion_matrix": {"tp": 1700, "fn": 590, "fp": 646}, "ote_precision": 0.7789934354485777, "ote_recall": 0.7807017543859649, "ote_f1": 0.7798466593647316, "ote_edit_precision": 0.8426499409181882, "ote_edit_recall": 0.8352642681813826, "ote_edit_f1": 0.8389408497968668, "ote_confusion_matrix": {"tp": 356, "fn": 100, "fp": 101}, "uabsa_precision": 0.7299771167048055, "uabsa_recall": 0.7384259259259259, "uabsa_f1": 0.7341772151898736, "uabsa_edit_precision": 0.7793086098051588, "uabsa_edit_recall": 0.7750034952583102, "uabsa_edit_f1": 0.7771500904050803, "uabsa_confusion_matrix": {"tp": 319, "fn": 113, "fp": 118}, "ate_precision": 0.8126410835214447, "ate_recall": 0.8333333333333334, "ate_f1": 0.8228571428571428, "ate_edit_precision": 0.8778808097482282, "ate_edit_recall": 0.8574474052944059, "ate_edit_f1": 0.8675438063546691, "ate_confusion_matrix": {"tp": 360, "fn": 72, "fp": 83}, "aste_precision": 0.627254509018036, "aste_recall": 0.6453608247422681, "aste_f1": 0.6361788617886178, "aste_edit_precision": 0.778424004686487, "aste_edit_recall": 0.7695396710270258, "aste_edit_f1": 0.7739563426252432, "aste_confusion_matrix": {"tp": 313, "fn": 172, "fp": 186}, "aope_precision": 0.6901960784313725, "aope_recall": 0.7257731958762886, "aope_f1": 0.7075376884422111, "aope_edit_precision": 0.871207128925187, "aope_edit_recall": 0.8491273105043591, "aope_edit_f1": 0.8600255268060215, "aope_confusion_matrix": {"tp": 352, "fn": 133, "fp": 158}}, "remove": {"precision": 0.73922507618633, "recall": 0.7414847161572052, "f1": 0.7403531720078483, "edit_precision": 0.8264111824465288, "edit_recall": 0.8235985897501692, "edit_f1": 0.8250024889374931, "confusion_matrix": {"tp": 1698, "fn": 592, "fp": 599}, "ote_precision": 0.7941834451901566, "ote_recall": 0.7785087719298246, "ote_f1": 0.7862679955703212, "ote_edit_precision": 0.836659378118415, "ote_edit_recall": 0.8466251160254401, "ote_edit_f1": 0.8416127464342227, "ote_confusion_matrix": {"tp": 355, "fn": 101, "fp": 92}, "uabsa_precision": 0.7350230414746544, "uabsa_recall": 0.7384259259259259, "uabsa_f1": 0.7367205542725173, "uabsa_edit_precision": 0.7770573888039378, "uabsa_edit_recall": 0.7781198155653319, "uabsa_edit_f1": 0.7775882392836676, "uabsa_confusion_matrix": {"tp": 319, "fn": 113, "fp": 115}, "ate_precision": 0.821917808219178, "ate_recall": 0.8333333333333334, "ate_f1": 0.8275862068965517, "ate_edit_precision": 0.8756160991501843, "ate_edit_recall": 0.8646757726580129, "ate_edit_f1": 0.870111547780562, "ate_confusion_matrix": {"tp": 360, "fn": 72, "fp": 78}, "aste_precision": 0.6453608247422681, "aste_recall": 0.6453608247422681, "aste_f1": 0.6453608247422681, "aste_edit_precision": 0.7692668685808972, "aste_edit_recall": 0.7797431451572658, "aste_edit_f1": 0.7744695802514575, "aste_confusion_matrix": {"tp": 313, "fn": 172, "fp": 172}, "aope_precision": 0.7119675456389453, "aope_recall": 0.7237113402061855, "aope_f1": 0.7177914110429449, "aope_edit_precision": 0.8607726104081942, "aope_edit_recall": 0.8625104369887758, "aope_edit_f1": 0.8616406474520585, "aope_confusion_matrix": {"tp": 351, "fn": 134, "fp": 142}}}