{"recall": 0.769656699889258, "precision": 0.8298210735586481, "f1_score": 0.7986073449422793}