{"ao-cs": {"rest15-aos": 0, "rest15-cs": 0.6898079763663221, "rest16-aos": 0, "rest16-cs": 0.7824175824175824}, "ao-as-cs": {"rest15-aos": 0, "rest15-cs": 0.6838905775075989, "rest16-aos": 0, "rest16-cs": 0.7732342007434945}, "ao-acs": {"rest15-aos": 0.002002002002002002, "rest15-cs": 0.4896949711459192, "rest16-aos": 0, "rest16-cs": 0.5320284697508898}, "cs-aos": {"rest15-aos": 0.49304677623261695, "rest15-cs": 0.6969471332836932, "rest16-aos": 0.6110056925996205, "rest16-cs": 0.757002271006813}, "acos": {"rest15-aos": 0, "rest15-cs": 0, "rest16-aos": 0, "rest16-cs": 0}, "ao-as-acs": {"rest15-aos": 0, "rest15-cs": 0.3097643097643098, "rest16-aos": 0, "rest16-cs": 0.5657186779400462}, "ao-cs-aos": {"rest15-aos": 0.5161742380007007, "rest15-cs": 0.7181054239877769, "rest16-aos": 0.6091245376078915, "rest16-cs": 0.7655222790357926}, "ao-cs-acs": {"rest15-aos": 0, "rest15-cs": 0.6841698841698842, "rest16-aos": 0, "rest16-cs": 0.7785136129506991}, "as-cs-aos": {"rest15-aos": 0.5222363405336722, "rest15-cs": 0.7195767195767196, "rest16-aos": 0.6114180478821363, "rest16-cs": 0.7656135194709772}, "aos-acs": {"rest15-aos": 0.5185103349589391, "rest15-cs": 0.6847405112316034, "rest16-aos": 0.6266996291718171, "rest16-cs": 0.7610108303249097}, "ao-acos": {"rest15-aos": 0.048743335872048744, "rest15-cs": 0, "rest16-aos": 0, "rest16-cs": 0}, "as-acos": {"rest15-aos": 0, "rest15-cs": 0, "rest16-aos": 0, "rest16-cs": 0}, "cs-acos": {"rest15-aos": 0, "rest15-cs": 0.6733282090699463, "rest16-aos": 0, "rest16-cs": 0.7759643916913946}, "ao-as-cs-aos": {"rest15-aos": 0.4987244897959184, "rest15-cs": 0.6973584905660377, "rest16-aos": 0.6054254007398274, "rest16-cs": 0.7718268525311812}, "ao-as-cs-acs": {"rest15-aos": 0, "rest15-cs": 0.6877351392024078, "rest16-aos": 0, "rest16-cs": 0.7693441414885778}, "ao-aos-acs": {"rest15-aos": 0.5078369905956113, "rest15-cs": 0.6829992576095026, "rest16-aos": 0.6111817026683608, "rest16-cs": 0.7321033210332103}, "as-aos-acs": {"rest15-aos": 0.5278667520819987, "rest15-cs": 0.5587044534412956, "rest16-aos": 0.6130030959752322, "rest16-cs": 0.7394468704512372}, "cs-aos-acs": {"rest15-aos": 0.48878195162630217, "rest15-cs": 0.7005988023952096, "rest16-aos": 0.6167182662538699, "rest16-cs": 0.7747211895910782}, "ao-as-acos": {"rest15-aos": 0.10649161196207148, "rest15-cs": 0, "rest16-aos": 0.08249721293199555, "rest16-cs": 0}, "ao-cs-acos": {"rest15-aos": 0.02810810810810811, "rest15-cs": 0.6717791411042944, "rest16-aos": 0.0025364616360177552, "rest16-cs": 0.7330855018587361}, "as-cs-acos": {"rest15-aos": 0, "rest15-cs": 0.6579150579150579, "rest16-aos": 0, "rest16-cs": 0.7685459940652818}, "aos-acos": {"rest15-aos": 0.4970873786407767, "rest15-cs": 0, "rest16-aos": 0.5825747724317296, "rest16-cs": 0}, "acs-acos": {"rest15-aos": 0, "rest15-cs": 0.5831325301204818, "rest16-aos": 0, "rest16-cs": 0.6886274509803921}, "ao-as-aos-acs": {"rest15-aos": 0.5110246433203631, "rest15-cs": 0.6446776611694154, "rest16-aos": 0.5928659286592866, "rest16-cs": 0.7284966342557967}, "ao-cs-aos-acs": {"rest15-aos": 0.4987080103359174, "rest15-cs": 0.6934140802422407, "rest16-aos": 0.6205607476635514, "rest16-cs": 0.7696924231057765}, "as-cs-aos-acs": {"rest15-aos": 0.48549093398879867, "rest15-cs": 0.6915750915750917, "rest16-aos": 0.5987261146496815, "rest16-cs": 0.7743362831858407}, "ao-as-cs-acos": {"rest15-aos": 0.006384676775738227, "rest15-cs": 0.6884498480243161, "rest16-aos": 0.29904926534140014, "rest16-cs": 0.7445365486058778}, "ao-aos-acos": {"rest15-aos": 0.5122103944896682, "rest15-cs": 0, "rest16-aos": 0.5986478180700675, "rest16-cs": 0}, "ao-acs-acos": {"rest15-aos": 0.26397515527950316, "rest15-cs": 0.602065131056394, "rest16-aos": 0.16356107660455488, "rest16-cs": 0.7393225331369662}, "as-aos-acos": {"rest15-aos": 0.5318922349021779, "rest15-cs": 0, "rest16-aos": 0.6135802469135803, "rest16-cs": 0}, "as-acs-acos": {"rest15-aos": 0, "rest15-cs": 0.6358653093187157, "rest16-aos": 0, "rest16-cs": 0.7091757387247279}, "cs-aos-acos": {"rest15-aos": 0.5060240963855421, "rest15-cs": 0.6849733028222731, "rest16-aos": 0.6135922330097087, "rest16-cs": 0.7664399092970521}, "cs-acs-acos": {"rest15-aos": 0, "rest15-cs": 0.6991747936984245, "rest16-aos": 0, "rest16-cs": 0.7668711656441717}, "ao-as-cs-aos-acs": {"rest15-aos": 0.5301360985093972, "rest15-cs": 0.6832844574780059, "rest16-aos": 0.6103169670602859, "rest16-cs": 0.7846039970392301}, "ao-as-aos-acos": {"rest15-aos": 0.5102932002495321, "rest15-cs": 0, "rest16-aos": 0.6230964467005076, "rest16-cs": 0}, "ao-as-acs-acos": {"rest15-aos": 0.06910569105691057, "rest15-cs": 0.33515881708652795, "rest16-aos": 0.32772364924712133, "rest16-cs": 0.6912590216519647}, "ao-cs-aos-acos": {"rest15-aos": 0.5022177314149364, "rest15-cs": 0.664624808575804, "rest16-aos": 0.6159744408945685, "rest16-cs": 0.7342549923195084}, "ao-cs-acs-acos": {"rest15-aos": 0.10663198959687908, "rest15-cs": 0.6912650602409638, "rest16-aos": 0.0013253810470510272, "rest16-cs": 0.748319641523525}, "as-cs-aos-acos": {"rest15-aos": 0.4873417721518987, "rest15-cs": 0.6786516853932585, "rest16-aos": 0.6098159509202454, "rest16-cs": 0.7825443786982249}, "as-cs-acs-acos": {"rest15-aos": 0, "rest15-cs": 0.6899628252788105, "rest16-aos": 0, "rest16-cs": 0.7706146926536732}, "aos-acs-acos": {"rest15-aos": 0.5034700315457413, "rest15-cs": 0.6861861861861861, "rest16-aos": 0.6265508684863522, "rest16-cs": 0.7623906705539358}, "ao-as-cs-aos-acos": {"rest15-aos": 0.47692307692307695, "rest15-cs": 0.6569005397070161, "rest16-aos": 0.6141636141636142, "rest16-cs": 0.7719298245614035}, "ao-as-cs-acs-acos": {"rest15-aos": 0, "rest15-cs": 0.669818754925138, "rest16-aos": 0.3116279069767442, "rest16-cs": 0.7292899408284024}, "ao-aos-acs-acos": {"rest15-aos": 0.5118665811417575, "rest15-cs": 0.6883018867924529, "rest16-aos": 0.6103169670602859, "rest16-cs": 0.7417910447761195}, "as-aos-acs-acos": {"rest15-aos": 0.5123216601815824, "rest15-cs": 0.6758832565284179, "rest16-aos": 0.6131025957972807, "rest16-cs": 0.093278463648834}, "cs-aos-acs-acos": {"rest15-aos": 0.5028227649507715, "rest15-cs": 0.7179487179487181, "rest16-aos": 0.6036778693722258, "rest16-cs": 0.7654504839910649}, "ao-as-aos-acs-acos": {"rest15-aos": 0.4950832758808375, "rest15-cs": 0.605111294311624, "rest16-aos": 0.6172370088719898, "rest16-cs": 0.7625468164794008}, "ao-cs-aos-acs-acos": {"rest15-aos": 0.512982900569981, "rest15-cs": 0.6943396226415094, "rest16-aos": 0.619558359621451, "rest16-cs": 0.7691131498470948}, "as-cs-aos-acs-acos": {"rest15-aos": 0.5076530612244897, "rest15-cs": 0.6999255398361877, "rest16-aos": 0.6047381546134662, "rest16-cs": 0.772557792692021}, "ao-as-cs-aos-acs-acos": {"rest15-aos": 0.520895722110198, "rest15-cs": 0.6707503828483922, "rest16-aos": 0.6058788242351529, "rest16-cs": 0.7543352601156069}}