{"raw": {"precision": 0.5041505257332596, "recall": 0.5170261066969353, "f1": 0.5105071448585038, "edit_recall": 0.7520715551056164, "edit_precision": 0.7177756744504895, "edit_f1": 0.734523502641819}, "editdistance": {"precision": 0.509131156613171, "recall": 0.5221339387060159, "f1": 0.5155505743905856, "edit_recall": 0.7526421667559985, "edit_precision": 0.7182001627198743, "edit_f1": 0.73501790885583}, "cut": {"precision": 0.509131156613171, "recall": 0.5221339387060159, "f1": 0.5155505743905856, "edit_recall": 0.7526421667559985, "edit_precision": 0.7182001627198743, "edit_f1": 0.73501790885583}, "remove": {"precision": 0.5041505257332596, "recall": 0.5170261066969353, "f1": 0.5105071448585038, "edit_recall": 0.7520715551056164, "edit_precision": 0.7177756744504895, "edit_f1": 0.734523502641819}}