{"raw": {"precision": 0.5186007773459189, "recall": 0.5300794551645857, "f1": 0.524277294414819, "edit_recall": 0.7621448093808556, "edit_precision": 0.7278438985294332, "edit_f1": 0.7445995346927597}, "editdistance": {"precision": 0.524153248195447, "recall": 0.5357548240635641, "f1": 0.5298905416783609, "edit_recall": 0.762451665770943, "edit_precision": 0.7281824342731802, "edit_f1": 0.7449231303380116}, "cut": {"precision": 0.524153248195447, "recall": 0.5357548240635641, "f1": 0.5298905416783609, "edit_recall": 0.762451665770943, "edit_precision": 0.7281824342731802, "edit_f1": 0.7449231303380116}, "remove": {"precision": 0.5186007773459189, "recall": 0.5300794551645857, "f1": 0.524277294414819, "edit_recall": 0.7621448093808556, "edit_precision": 0.7278438985294332, "edit_f1": 0.7445995346927597}}