{"raw": {"precision": 0.5361749859786876, "recall": 0.5425652667423383, "f1": 0.5393511988716503, "edit_recall": 0.7698040780961414, "edit_precision": 0.7394090418256453, "edit_f1": 0.7543004871413261}, "editdistance": {"precision": 0.5389792484576557, "recall": 0.5454029511918275, "f1": 0.5421720733427363, "edit_recall": 0.769859253637792, "edit_precision": 0.7395397527060417, "edit_f1": 0.7543949872245473}, "cut": {"precision": 0.5389792484576557, "recall": 0.5454029511918275, "f1": 0.5421720733427363, "edit_recall": 0.769859253637792, "edit_precision": 0.7395397527060417, "edit_f1": 0.7543949872245473}, "remove": {"precision": 0.5361749859786876, "recall": 0.5425652667423383, "f1": 0.5393511988716503, "edit_recall": 0.7698040780961414, "edit_precision": 0.7394090418256453, "edit_f1": 0.7543004871413261}}