{"raw": {"precision": 0.5257617728531856, "recall": 0.5385925085130534, "f1": 0.5320998037566583, "edit_recall": 0.7679082939621004, "edit_precision": 0.7388277611151067, "edit_f1": 0.7530873953111423}, "editdistance": {"precision": 0.5307479224376731, "recall": 0.5437003405221339, "f1": 0.5371460611157834, "edit_recall": 0.7684741468158719, "edit_precision": 0.7391848675796592, "edit_f1": 0.753545005904706}, "cut": {"precision": 0.5307479224376731, "recall": 0.5437003405221339, "f1": 0.5371460611157834, "edit_recall": 0.7684741468158719, "edit_precision": 0.7391848675796592, "edit_f1": 0.753545005904706}, "remove": {"precision": 0.5257617728531856, "recall": 0.5385925085130534, "f1": 0.5320998037566583, "edit_recall": 0.7679082939621004, "edit_precision": 0.7388277611151067, "edit_f1": 0.7530873953111423}}