{"recall": 0.769656699889258, "precision": 0.8232741617357002, "f1_score": 0.7955630588752809}