{"precision": 0.25, "recall": 0.28859060402684567, "f1": 0.2679127725856698, "edit_recall": 0.5300643154239636, "edit_precision": 0.43885903354596134, "edit_f1": 0.4801690730881186}