{"precision": 0.2658959537572254, "recall": 0.3087248322147651, "f1": 0.2857142857142857, "edit_recall": 0.5492681306286163, "edit_precision": 0.4573505364943391, "edit_f1": 0.49911268770769984}