{"precision": 0.366412213740458, "recall": 0.1867704280155642, "f1": 0.24742268041237114, "edit_precision": 0.6230288397988778, "edit_recall": 0.30360987216393787, "edit_f1": 0.40826635875185485, "confusion_matrix": {"tp": 96, "fn": 418, "fp": 166}, "aste_precision": 0.366412213740458, "aste_recall": 0.1867704280155642, "aste_f1": 0.24742268041237114, "aste_edit_precision": 0.30360987216393787, "aste_edit_recall": 0.6230288397988778, "aste_edit_f1": 0.40826635875185485, "aste_confusion_matrix": {"tp": 96, "fn": 418, "fp": 166}}