{"global": 3.295907735824585, "concept": 0.8898062705993652, "sentiment_marker": 0.6250133514404297, "relation": 0.6435372829437256, "n_data": 326, "n_data_relation": 385}