{"ao-cs": {"rest15-aos": 0, "rest15-cs": 0, "rest16-aos": 0, "rest16-cs": 0}, "ao-as-cs": {"rest15-aos": 0, "rest15-cs": 0.6487730061349694, "rest16-aos": 0, "rest16-cs": 0.7165532879818595}, "ao-acs": {"rest15-aos": 0, "rest15-cs": 0.6757575757575759, "rest16-aos": 0, "rest16-cs": 0.7304860088365243}, "cs-aos": {"rest15-aos": 0, "rest15-cs": 0.6406727828746178, "rest16-aos": 0, "rest16-cs": 0.7522255192878338}, "acos": {"rest15-aos": 0.4822270936037375, "rest15-cs": 0.39999999999999997, "rest16-aos": 0.5474919957310566, "rest16-cs": 0.6649713922441196}, "ao-cs-aos": {"rest15-aos": 0.03909465020576132, "rest15-cs": 0.6651685393258427}, "ao-cs-acs": {"rest15-aos": 0, "rest15-cs": 0.6776859504132231, "rest16-aos": 0, "rest16-cs": 0.7531692766592096}, "as-cs-aos": {"rest15-aos": 0, "rest15-cs": 0.6697247706422018, "rest16-aos": 0, "rest16-cs": 0.7321156773211568}, "aos-acs": {"rest15-aos": 0.459119496855346, "rest15-cs": 0.6538461538461539, "rest16-aos": 0.5947712418300652, "rest16-cs": 0.754688672168042}, "ao-acos": {"rest15-aos": 0.4491135915955351, "rest15-cs": 0.2980625931445603, "rest16-aos": 0.4178525226390685, "rest16-cs": 0.7334754797441364}, "as-acos": {"rest15-aos": 0.4938283667767145, "rest15-cs": 0.6566716641679161, "rest16-aos": 0.5969418960244648, "rest16-cs": 0.722422494592646}, "cs-acos": {"rest15-aos": 0.4858801324739148, "rest15-cs": 0.6890243902439025, "rest16-aos": 0.5810126582278482, "rest16-cs": 0.7625368731563423}, "ao-as-cs-aos": {"rest15-aos": 0, "rest15-cs": 0.5963808025177026, "rest16-aos": 0, "rest16-cs": 0.748319641523525}, "ao-as-cs-acs": {"rest15-aos": 0, "rest15-cs": 0.6671790930053806, "rest16-aos": 0, "rest16-cs": 0.7637735849056603}, "ao-aos-acs": {"rest15-aos": 0, "rest15-cs": 0.012958963282937367, "rest16-aos": 0, "rest16-cs": 0}, "as-aos-acs": {"rest15-aos": 0, "rest15-cs": 0, "rest16-aos": 0, "rest16-cs": 0}, "cs-aos-acs": {"rest15-aos": 0, "rest15-cs": 0.6902788244159759, "rest16-aos": 0, "rest16-cs": 0.7525622254758418}, "ao-as-acos": {"rest15-aos": 0.46960470009741245, "rest15-cs": 0.6153846153846153, "rest16-aos": 0.5871908687381102, "rest16-cs": 0.6935704514363885}, "ao-cs-acos": {"rest15-aos": 0.48858729179518817, "rest15-cs": 0.6691339748334567, "rest16-aos": 0.5671282360024081, "rest16-cs": 0.7503782148260211}, "as-cs-acos": {"rest15-aos": 0.4656139169027758, "rest15-cs": 0.6577181208053692, "rest16-aos": 0.5248392752776155, "rest16-cs": 0.7708489857250188}, "aos-acos": {"rest15-aos": 0.4860927152317881, "rest15-cs": 0.6171516079632465, "rest16-aos": 0.5991352686843731, "rest16-cs": 0.5560165975103734}, "acs-acos": {"rest15-aos": 0.47201583669691743, "rest15-cs": 0.685418208734271, "rest16-aos": 0.5470282746682055, "rest16-cs": 0.7583643122676581}, "ao-as-aos-acs": {"rest15-aos": 0.4487804878048781, "rest15-cs": 0.5714285714285714, "rest16-aos": 0.5919689119170984, "rest16-cs": 0.6829640947288006}, "ao-cs-aos-acs": {"rest15-aos": 0.45835942391984974, "rest15-cs": 0.6509863429438543, "rest16-aos": 0.4224, "rest16-cs": 0.6527977044476327}, "as-cs-aos-acs": {"rest15-aos": 0.44811334035328765, "rest15-cs": 0.6209439528023598, "rest16-aos": 0.5818181818181819, "rest16-cs": 0.7292474786656322}, "ao-as-cs-acos": {"rest15-aos": 0.2599814298978644, "rest15-cs": 0.6686434395848777, "rest16-aos": 0.4823529411764706, "rest16-cs": 0.6738627602158828}, "ao-aos-acos": {"rest15-aos": 0.39479019365594437, "rest15-cs": 0.4506217995610827, "rest16-aos": 0.40096230954290296, "rest16-cs": 0.688301886792453}, "ao-acs-acos": {"rest15-aos": 0.4885021752641392, "rest15-cs": 0.005494505494505494, "rest16-aos": 0.5836431226765799, "rest16-cs": 0.6991869918699187}, "as-aos-acos": {"rest15-aos": 0.48832555036691133, "rest15-cs": 0.6156133828996283, "rest16-aos": 0.5861618798955613, "rest16-cs": 0.6826855123674912}, "as-acs-acos": {"rest15-aos": 0.4455093706898884, "rest15-cs": 0.6751954513148543, "rest16-aos": 0.5925925925925924, "rest16-cs": 0.752112676056338}}