{"ao-cs": {"rest15-aos": 0, "rest15-cs": 0, "rest16-aos": 0, "rest16-cs": 0}, "ao-as-cs": {"rest15-aos": 0, "rest15-cs": 0.6487730061349694, "rest16-aos": 0, "rest16-cs": 0.7165532879818595}, "ao-acs": {"rest15-aos": 0, "rest15-cs": 0.6757575757575759, "rest16-aos": 0, "rest16-cs": 0.7304860088365243}, "cs-aos": {"rest15-aos": 0, "rest15-cs": 0.6406727828746178, "rest16-aos": 0, "rest16-cs": 0.7522255192878338}, "acos": {"rest15-aos": 0.4822270936037375, "rest15-cs": 0.39999999999999997, "rest16-aos": 0.5474919957310566, "rest16-cs": 0.6649713922441196}, "ao-cs-aos": {"rest15-aos": 0.03909465020576132, "rest15-cs": 0.6651685393258427}, "ao-cs-acs": {"rest15-aos": 0, "rest15-cs": 0.6776859504132231, "rest16-aos": 0, "rest16-cs": 0.7531692766592096}, "as-cs-aos": {"rest15-aos": 0, "rest15-cs": 0.6697247706422018, "rest16-aos": 0, "rest16-cs": 0.7321156773211568}, "aos-acs": {"rest15-aos": 0.459119496855346, "rest15-cs": 0.6538461538461539, "rest16-aos": 0.5947712418300652, "rest16-cs": 0.754688672168042}, "ao-acos": {"rest15-aos": 0.4491135915955351, "rest15-cs": 0.2980625931445603, "rest16-aos": 0.4178525226390685, "rest16-cs": 0.7334754797441364}, "as-acos": {"rest15-aos": 0.4938283667767145, "rest15-cs": 0.6566716641679161, "rest16-aos": 0.5969418960244648, "rest16-cs": 0.722422494592646}, "cs-acos": {"rest15-aos": 0.4858801324739148, "rest15-cs": 0.6890243902439025, "rest16-aos": 0.5810126582278482, "rest16-cs": 0.7625368731563423}, "ao-as-cs-aos": {"rest15-aos": 0, "rest15-cs": 0.5963808025177026, "rest16-aos": 0, "rest16-cs": 0.748319641523525}, "ao-as-cs-acs": {"rest15-aos": 0, "rest15-cs": 0.6671790930053806, "rest16-aos": 0, "rest16-cs": 0.7637735849056603}, "ao-aos-acs": {"rest15-aos": 0, "rest15-cs": 0.012958963282937367, "rest16-aos": 0, "rest16-cs": 0}, "as-aos-acs": {"rest15-aos": 0, "rest15-cs": 0, "rest16-aos": 0, "rest16-cs": 0}, "cs-aos-acs": {"rest15-aos": 0, "rest15-cs": 0.6902788244159759, "rest16-aos": 0, "rest16-cs": 0.7525622254758418}, "ao-as-acos": {"rest15-aos": 0.46960470009741245, "rest15-cs": 0.6153846153846153, "rest16-aos": 0.5871908687381102, "rest16-cs": 0.6935704514363885}, "ao-cs-acos": {"rest15-aos": 0.48858729179518817, "rest15-cs": 0.6691339748334567, "rest16-aos": 0.5671282360024081, "rest16-cs": 0.7503782148260211}, "as-cs-acos": {"rest15-aos": 0.4656139169027758, "rest15-cs": 0.6577181208053692, "rest16-aos": 0.5248392752776155, "rest16-cs": 0.7708489857250188}, "aos-acos": {"rest15-aos": 0.4860927152317881, "rest15-cs": 0.6171516079632465, "rest16-aos": 0.5991352686843731, "rest16-cs": 0.5560165975103734}, "acs-acos": {"rest15-aos": 0.47201583669691743, "rest15-cs": 0.685418208734271, "rest16-aos": 0.5470282746682055, "rest16-cs": 0.7583643122676581}, "ao-as-aos-acs": {"rest15-aos": 0.4487804878048781, "rest15-cs": 0.5714285714285714, "rest16-aos": 0.5919689119170984, "rest16-cs": 0.6829640947288006}, "ao-cs-aos-acs": {"rest15-aos": 0.45835942391984974, "rest15-cs": 0.6509863429438543, "rest16-aos": 0.4224, "rest16-cs": 0.6527977044476327}, "as-cs-aos-acs": {"rest15-aos": 0.44811334035328765, "rest15-cs": 0.6209439528023598, "rest16-aos": 0.5818181818181819, "rest16-cs": 0.7292474786656322}, "ao-as-cs-acos": {"rest15-aos": 0.2599814298978644, "rest15-cs": 0.6686434395848777, "rest16-aos": 0.4823529411764706, "rest16-cs": 0.6738627602158828}, "ao-aos-acos": {"rest15-aos": 0.39479019365594437, "rest15-cs": 0.4506217995610827, "rest16-aos": 0.40096230954290296, "rest16-cs": 0.688301886792453}, "ao-acs-acos": {"rest15-aos": 0.4885021752641392, "rest15-cs": 0.005494505494505494, "rest16-aos": 0.5836431226765799, "rest16-cs": 0.6991869918699187}, "as-aos-acos": {"rest15-aos": 0.48832555036691133, "rest15-cs": 0.6156133828996283, "rest16-aos": 0.5861618798955613, "rest16-cs": 0.6826855123674912}, "as-acs-acos": {"rest15-aos": 0.4455093706898884, "rest15-cs": 0.6751954513148543, "rest16-aos": 0.5925925925925924, "rest16-cs": 0.752112676056338}, "cs-aos-acos": {"rest15-aos": 0.36517719568567025, "rest15-cs": 0.6584425597532768, "rest16-aos": 0.5595650251764072, "rest16-cs": 0.7319277108433734}, "cs-acs-acos": {"rest15-aos": 0.45046124133576604, "rest15-cs": 0.701062215477997, "rest16-aos": 0.0012610340479192938, "rest16-cs": 0.7739575713240672}, "ao-as-cs-aos-acs": {"rest15-aos": 0.46053489889106325, "rest15-cs": 0.6580547112462006, "rest16-aos": 0.5753920386007237, "rest16-cs": 0.7321554770318022}, "ao-as-aos-acos": {"rest15-aos": 0.47418738049713194, "rest15-cs": 0.4724964739069112, "rest16-aos": 0.5889570552147239, "rest16-cs": 0.6804860614724804}, "ao-as-acs-acos": {"rest15-aos": 0.5043594902749833, "rest15-cs": 0.6671501087744743, "rest16-aos": 0.5495081967213116, "rest16-cs": 0.6804281345565749}, "ao-cs-aos-acos": {"rest15-aos": 0.48740554156171284, "rest15-cs": 0.6583210603829162, "rest16-aos": 0.577580747308423, "rest16-cs": 0.6688697951090549}, "ao-cs-acs-acos": {"rest15-aos": 0.4817376853091706, "rest15-cs": 0.6946736684171043, "rest16-aos": 0.5300442757748262, "rest16-cs": 0.6824224519940916}, "as-cs-aos-acos": {"rest15-aos": 0.45793801391524347, "rest15-cs": 0.5807743658210948, "rest16-aos": 0.5412070084360805, "rest16-cs": 0.6865248226950355}, "as-cs-acs-acos": {"rest15-aos": 0.44651162790697674, "rest15-cs": 0.6575757575757576, "rest16-aos": 0.5244444444444445, "rest16-cs": 0.25948103792415167}, "aos-acs-acos": {"rest15-aos": 0.47111681643132214, "rest15-cs": 0.6140221402214021, "rest16-aos": 0.6095846645367412, "rest16-cs": 0.7284299858557284}, "ao-as-cs-aos-acos": {"rest15-aos": 0.4686162871889112, "rest15-cs": 0.6515151515151516, "rest16-aos": 0.5895953757225434, "rest16-cs": 0.7374128582494192}, "ao-as-cs-acs-acos": {"rest15-aos": 0.47145735392881133, "rest15-cs": 0.6728252501924558, "rest16-aos": 0.5640394088669951, "rest16-cs": 0.7429420505200593}, "ao-aos-acs-acos": {"rest15-aos": 0.4821917808219178, "rest15-cs": 0.6540971718636694, "rest16-aos": 0.5401174168297457, "rest16-cs": 0.71939477303989}, "as-aos-acs-acos": {"rest15-aos": 0.4780292942743009, "rest15-cs": 0.6611570247933884, "rest16-aos": 0.5087351502445843, "rest16-cs": 0.703601108033241}, "cs-aos-acs-acos": {"rest15-aos": 0.47509578544061304, "rest15-cs": 0.6791044776119404, "rest16-aos": 0.5957290199879304, "rest16-cs": 0.7575301204819278}, "ao-as-aos-acs-acos": {"rest15-aos": 0.4945017246012124, "rest15-cs": 0.6386175807663411, "rest16-aos": 0.6166666666666666, "rest16-cs": 0.691560866318148}, "ao-cs-aos-acs-acos": {"rest15-aos": 0.4742924970325482, "rest15-cs": 0.5788643533123028, "rest16-aos": 0.583547557840617, "rest16-cs": 0.7438016528925618}, "as-cs-aos-acs-acos": {"rest15-aos": 0.44281507080460364, "rest15-cs": 0.646106399383192, "rest16-aos": 0.5932415519399248, "rest16-cs": 0.7608535688005887}, "ao-as-cs-aos-acs-acos": {"rest15-aos": 0, "rest15-cs": 0.661993769470405, "rest16-aos": 0.021327014218009477, "rest16-cs": 0.7653061224489797}}