{
    "raw": {
        "precision": 0.6570327552986512,
        "recall": 0.7030927835051546,
        "f1": 0.6792828685258964,
        "edit_recall": 0.8658721030931863,
        "edit_precision": 0.8425744085101015,
        "edit_f1": 0.8540644031336792,
        "confusion_matrix": {
            "tp": 341,
            "fn": 144,
            "fp": 178
        }
    },
    "editdistance": {
        "precision": 0.6628131021194605,
        "recall": 0.709278350515464,
        "f1": 0.6852589641434264,
        "edit_recall": 0.8665423356973182,
        "edit_precision": 0.8434981199693449,
        "edit_f1": 0.8548649578580635,
        "confusion_matrix": {
            "tp": 344,
            "fn": 141,
            "fp": 175
        }
    },
    "cut": {
        "precision": 0.6589595375722543,
        "recall": 0.7051546391752578,
        "f1": 0.6812749003984064,
        "edit_recall": 0.8645709662373194,
        "edit_precision": 0.8418294434187249,
        "edit_f1": 0.8530486645279899,
        "confusion_matrix": {
            "tp": 342,
            "fn": 143,
            "fp": 177
        }
    },
    "remove": {
        "precision": 0.6888888888888889,
        "recall": 0.7030927835051546,
        "f1": 0.6959183673469388,
        "edit_recall": 0.8474672975790826,
        "edit_precision": 0.855429181409081,
        "edit_f1": 0.8514296266203972,
        "confusion_matrix": {
            "tp": 341,
            "fn": 144,
            "fp": 154
        }
    }
}