{"recall": 0.6076585059635907, "precision": 0.6190769230769231, "f1_score": 0.6133145733757658}