{"recall": 0.7703949796973053, "precision": 0.8263449367088608, "f1_score": 0.7973897116214606}