{"raw": {"precision": 0.6458333333333334, "recall": 0.5730129390018485, "f1": 0.6072477962781587, "edit_precision": 0.7756604571309913, "edit_recall": 0.7204059588058982, "edit_f1": 0.747012845652763, "confusion_matrix": {"tp": 310, "fn": 231, "fp": 170}, "aste_precision": 0.6458333333333334, "aste_recall": 0.5730129390018485, "aste_f1": 0.6072477962781587, "aste_edit_precision": 0.7204059588058982, "aste_edit_recall": 0.7756604571309913, "aste_edit_f1": 0.747012845652763, "aste_confusion_matrix": {"tp": 310, "fn": 231, "fp": 170}}, "editdistance": {"precision": 0.6583333333333333, "recall": 0.5841035120147874, "f1": 0.6190009794319294, "edit_precision": 0.7781563697831538, "edit_recall": 0.7219217720130237, "edit_f1": 0.7489850158131378, "confusion_matrix": {"tp": 316, "fn": 225, "fp": 164}, "aste_precision": 0.6583333333333333, "aste_recall": 0.5841035120147874, "aste_f1": 0.6190009794319294, "aste_edit_precision": 0.7219217720130237, "aste_edit_recall": 0.7781563697831538, "aste_edit_f1": 0.7489850158131378, "aste_confusion_matrix": {"tp": 316, "fn": 225, "fp": 164}}, "cut": {"precision": 0.65, "recall": 0.5767097966728281, "f1": 0.6111655239960823, "edit_precision": 0.7748940490598957, "edit_recall": 0.7198059849965898, "edit_f1": 0.746334865247585, "confusion_matrix": {"tp": 312, "fn": 229, "fp": 168}, "aste_precision": 0.65, "aste_recall": 0.5767097966728281, "aste_f1": 0.6111655239960823, "aste_edit_precision": 0.7198059849965898, "aste_edit_recall": 0.7748940490598957, "aste_edit_f1": 0.746334865247585, "aste_confusion_matrix": {"tp": 312, "fn": 229, "fp": 168}}, "remove": {"precision": 0.670995670995671, "recall": 0.5730129390018485, "f1": 0.6181455633100698, "edit_precision": 0.7827524920319432, "edit_recall": 0.7028010116376422, "edit_f1": 0.74062528465389, "confusion_matrix": {"tp": 310, "fn": 231, "fp": 152}, "aste_precision": 0.670995670995671, "aste_recall": 0.5730129390018485, "aste_f1": 0.6181455633100698, "aste_edit_precision": 0.7028010116376422, "aste_edit_recall": 0.7827524920319432, "aste_edit_f1": 0.74062528465389, "aste_confusion_matrix": {"tp": 310, "fn": 231, "fp": 152}}}