{"ao-cs": {"rest15-aos": 0, "rest15-cs": 0.6845238095238095, "rest16-aos": 0, "rest16-cs": 0.7499999999999999}, "ao-as-cs": {"rest15-aos": 0, "rest15-cs": 0.6712538226299695, "rest16-aos": 0, "rest16-cs": 0.6762048192771084}, "ao-acs": {"rest15-aos": 0.002, "rest15-cs": 0.38984438984438985, "rest16-aos": 0, "rest16-cs": 0.5838011226944667}, "cs-aos": {"rest15-aos": 0.4907819453273999, "rest15-cs": 0.6726591760299625, "rest16-aos": 0.6021236727045596, "rest16-cs": 0.7520355292376019}, "acos": {"rest15-aos": 0, "rest15-cs": 0, "rest16-aos": 0, "rest16-cs": 0}, "ao-as-acs": {"rest15-aos": 0.004790419161676647, "rest15-cs": 0.17966903073286053, "rest16-aos": 0, "rest16-cs": 0.5147540983606558}, "ao-cs-aos": {"rest15-aos": 0.5148771021992238, "rest15-cs": 0.6882043576258452, "rest16-aos": 0.6145110410094636, "rest16-cs": 0.7174887892376683}, "ao-cs-acs": {"rest15-aos": 0, "rest15-cs": 0.672713529856387, "rest16-aos": 0, "rest16-cs": 0.749090909090909}, "as-cs-aos": {"rest15-aos": 0.46881155613919895, "rest15-cs": 0.6528098537336413, "rest16-aos": 0.5865139949109415, "rest16-cs": 0.7602427921092565}, "aos-acs": {"rest15-aos": 0.46587632279103125, "rest15-cs": 0.679553903345725, "rest16-aos": 0.5888137676705594, "rest16-cs": 0.70854638422206}, "ao-acos": {"rest15-aos": 0.19773095623987033, "rest15-cs": 0, "rest16-aos": 0.31166912850812406, "rest16-cs": 0}, "as-acos": {"rest15-aos": 0, "rest15-cs": 0, "rest16-aos": 0, "rest16-cs": 0}, "cs-acos": {"rest15-aos": 0, "rest15-cs": 0.6676783004552352, "rest16-aos": 0, "rest16-cs": 0.7638572513287776}, "ao-as-cs-aos": {"rest15-aos": 0.4876543209876543, "rest15-cs": 0.6312684365781711, "rest16-aos": 0.6031128404669261, "rest16-cs": 0.765358993338268}, "ao-as-cs-acs": {"rest15-aos": 0, "rest15-cs": 0.657428791377983, "rest16-aos": 0, "rest16-cs": 0.7558479532163743}, "ao-aos-acs": {"rest15-aos": 0.4908976773383553, "rest15-cs": 0.6641791044776119, "rest16-aos": 0.5859796285200718, "rest16-cs": 0.7061281337047355}, "as-aos-acs": {"rest15-aos": 0.4726587052168448, "rest15-cs": 0.5037257824143071, "rest16-aos": 0.5844236760124611, "rest16-cs": 0.7384382107657316}, "cs-aos-acs": {"rest15-aos": 0.4643078833022967, "rest15-cs": 0.6797957695113056, "rest16-aos": 0.5845959595959597, "rest16-cs": 0.7388059701492538}, "ao-as-acos": {"rest15-aos": 0.18548990276738966, "rest15-cs": 0, "rest16-aos": 0.29193548387096774, "rest16-cs": 0}, "ao-cs-acos": {"rest15-aos": 0.0014347202295552366, "rest15-cs": 0.6379707916986933, "rest16-aos": 0, "rest16-cs": 0.7576642335766424}, "as-cs-acos": {"rest15-aos": 0, "rest15-cs": 0.6832298136645963, "rest16-aos": 0, "rest16-cs": 0.7462462462462462}, "aos-acos": {"rest15-aos": 0.4882390336935791, "rest15-cs": 0, "rest16-aos": 0.6160657811511702, "rest16-cs": 0}, "acs-acos": {"rest15-aos": 0, "rest15-cs": 0.20590868397493284, "rest16-aos": 0, "rest16-cs": 0.5623471882640587}, "ao-as-aos-acs": {"rest15-aos": 0.48226482594596753, "rest15-cs": 0.5594405594405595, "rest16-aos": 0.6095846645367412, "rest16-cs": 0.6017964071856287}, "ao-cs-aos-acs": {"rest15-aos": 0.48672019765287217, "rest15-cs": 0.6867924528301886, "rest16-aos": 0.5932307692307692, "rest16-cs": 0.750184229918939}, "as-cs-aos-acs": {"rest15-aos": 0.45875000000000005, "rest15-cs": 0.6636294608959756, "rest16-aos": 0.5781346510191476, "rest16-cs": 0.7305389221556887}, "ao-as-cs-acos": {"rest15-aos": 0.20318423047763456, "rest15-cs": 0.6506211180124224, "rest16-aos": 0.2765957446808511, "rest16-cs": 0.7334293948126802}, "ao-aos-acos": {"rest15-aos": 0.4934742075823493, "rest15-cs": 0, "rest16-aos": 0.6183395291201982, "rest16-cs": 0}, "ao-acs-acos": {"rest15-aos": 0.13901345291479822, "rest15-cs": 0.5149606299212598}}