{"ao-cs": {"rest15-aos": 0, "rest15-cs": 0.6845238095238095, "rest16-aos": 0, "rest16-cs": 0.7499999999999999}, "ao-as-cs": {"rest15-aos": 0, "rest15-cs": 0.6712538226299695, "rest16-aos": 0, "rest16-cs": 0.6762048192771084}, "ao-acs": {"rest15-aos": 0.002, "rest15-cs": 0.38984438984438985, "rest16-aos": 0, "rest16-cs": 0.5838011226944667}, "cs-aos": {"rest15-aos": 0.4907819453273999, "rest15-cs": 0.6726591760299625, "rest16-aos": 0.6021236727045596, "rest16-cs": 0.7520355292376019}, "acos": {"rest15-aos": 0, "rest15-cs": 0, "rest16-aos": 0, "rest16-cs": 0}, "ao-as-acs": {"rest15-aos": 0.004790419161676647, "rest15-cs": 0.17966903073286053, "rest16-aos": 0, "rest16-cs": 0.5147540983606558}, "ao-cs-aos": {"rest15-aos": 0.5148771021992238, "rest15-cs": 0.6882043576258452, "rest16-aos": 0.6145110410094636, "rest16-cs": 0.7174887892376683}, "ao-cs-acs": {"rest15-aos": 0, "rest15-cs": 0.672713529856387, "rest16-aos": 0, "rest16-cs": 0.749090909090909}, "as-cs-aos": {"rest15-aos": 0.46881155613919895, "rest15-cs": 0.6528098537336413, "rest16-aos": 0.5865139949109415, "rest16-cs": 0.7602427921092565}, "aos-acs": {"rest15-aos": 0.46587632279103125, "rest15-cs": 0.679553903345725, "rest16-aos": 0.5888137676705594, "rest16-cs": 0.70854638422206}, "ao-acos": {"rest15-aos": 0.19773095623987033, "rest15-cs": 0, "rest16-aos": 0.31166912850812406, "rest16-cs": 0}, "as-acos": {"rest15-aos": 0, "rest15-cs": 0, "rest16-aos": 0, "rest16-cs": 0}, "cs-acos": {"rest15-aos": 0, "rest15-cs": 0.6676783004552352, "rest16-aos": 0, "rest16-cs": 0.7638572513287776}, "ao-as-cs-aos": {"rest15-aos": 0.4876543209876543, "rest15-cs": 0.6312684365781711, "rest16-aos": 0.6031128404669261, "rest16-cs": 0.765358993338268}, "ao-as-cs-acs": {"rest15-aos": 0, "rest15-cs": 0.657428791377983, "rest16-aos": 0, "rest16-cs": 0.7558479532163743}, "ao-aos-acs": {"rest15-aos": 0.4908976773383553, "rest15-cs": 0.6641791044776119, "rest16-aos": 0.5859796285200718, "rest16-cs": 0.7061281337047355}, "as-aos-acs": {"rest15-aos": 0.4726587052168448, "rest15-cs": 0.5037257824143071, "rest16-aos": 0.5844236760124611, "rest16-cs": 0.7384382107657316}, "cs-aos-acs": {"rest15-aos": 0.4643078833022967, "rest15-cs": 0.6797957695113056, "rest16-aos": 0.5845959595959597, "rest16-cs": 0.7388059701492538}, "ao-as-acos": {"rest15-aos": 0.18548990276738966, "rest15-cs": 0, "rest16-aos": 0.29193548387096774, "rest16-cs": 0}, "ao-cs-acos": {"rest15-aos": 0.0014347202295552366, "rest15-cs": 0.6379707916986933, "rest16-aos": 0, "rest16-cs": 0.7576642335766424}, "as-cs-acos": {"rest15-aos": 0, "rest15-cs": 0.6832298136645963, "rest16-aos": 0, "rest16-cs": 0.7462462462462462}, "aos-acos": {"rest15-aos": 0.4882390336935791, "rest15-cs": 0, "rest16-aos": 0.6160657811511702, "rest16-cs": 0}, "acs-acos": {"rest15-aos": 0, "rest15-cs": 0.20590868397493284, "rest16-aos": 0, "rest16-cs": 0.5623471882640587}, "ao-as-aos-acs": {"rest15-aos": 0.48226482594596753, "rest15-cs": 0.5594405594405595, "rest16-aos": 0.6095846645367412, "rest16-cs": 0.6017964071856287}, "ao-cs-aos-acs": {"rest15-aos": 0.48672019765287217, "rest15-cs": 0.6867924528301886, "rest16-aos": 0.5932307692307692, "rest16-cs": 0.750184229918939}, "as-cs-aos-acs": {"rest15-aos": 0.45875000000000005, "rest15-cs": 0.6636294608959756, "rest16-aos": 0.5781346510191476, "rest16-cs": 0.7305389221556887}, "ao-as-cs-acos": {"rest15-aos": 0.20318423047763456, "rest15-cs": 0.6506211180124224, "rest16-aos": 0.2765957446808511, "rest16-cs": 0.7334293948126802}, "ao-aos-acos": {"rest15-aos": 0.4934742075823493, "rest15-cs": 0, "rest16-aos": 0.6183395291201982, "rest16-cs": 0}, "ao-acs-acos": {"rest15-aos": 0.13901345291479822, "rest15-cs": 0.5149606299212598, "rest16-aos": 0.2589807852965748, "rest16-cs": 0.034639927073837735}, "as-aos-acos": {"rest15-aos": 0.4977890082122552, "rest15-cs": 0, "rest16-aos": 0.6044499381953029, "rest16-cs": 0}, "as-acs-acos": {"rest15-aos": 0, "rest15-cs": 0, "rest16-aos": 0, "rest16-cs": 0.24123711340206186}, "cs-aos-acos": {"rest15-aos": 0.5037688442211056, "rest15-cs": 0.653958944281525, "rest16-aos": 0.6106194690265486, "rest16-cs": 0.7490580256217031}, "cs-acs-acos": {"rest15-aos": 0, "rest15-cs": 0.6909903201787043, "rest16-aos": 0, "rest16-cs": 0.7631578947368423}, "ao-as-cs-aos-acs": {"rest15-aos": 0.4688311688311688, "rest15-cs": 0.6676923076923077, "rest16-aos": 0.579345088161209, "rest16-cs": 0.736842105263158}, "ao-as-aos-acos": {"rest15-aos": 0.5016545334215752, "rest15-cs": 0, "rest16-aos": 0.6028949024543738, "rest16-cs": 0}, "ao-as-acs-acos": {"rest15-aos": 0.23554913294797689, "rest15-cs": 0.5105716523101018, "rest16-aos": 0.2669983416252073, "rest16-cs": 0.43394406943105107}, "ao-cs-aos-acos": {"rest15-aos": 0.46433041301627037, "rest15-cs": 0.6555639666919001, "rest16-aos": 0.5872917951881553, "rest16-cs": 0.7632561613144138}, "ao-cs-acs-acos": {"rest15-aos": 0.014304291287386217, "rest15-cs": 0.6806526806526807, "rest16-aos": 0.008779631255487272, "rest16-cs": 0.7563150074294205}, "as-cs-aos-acos": {"rest15-aos": 0.48332284455632474, "rest15-cs": 0.6514459665144595, "rest16-aos": 0.5938480853735091, "rest16-cs": 0.7466863033873343}, "as-cs-acs-acos": {"rest15-aos": 0, "rest15-cs": 0.696362286562732, "rest16-aos": 0, "rest16-cs": 0.7423450336071694}, "aos-acs-acos": {"rest15-aos": 0.48519053340535057, "rest15-cs": 0.6827067669172933, "rest16-aos": 0.6151930261519303, "rest16-cs": 0.7503736920777279}, "ao-as-cs-aos-acos": {"rest15-aos": 0.47675962815405043, "rest15-cs": 0.6382649109217662, "rest16-aos": 0.5737003058103975, "rest16-cs": 0.6886446886446886}, "ao-as-cs-acs-acos": {"rest15-aos": 0.16414127189770744, "rest15-cs": 0.6343283582089553, "rest16-aos": 0.4014760147601476, "rest16-cs": 0.6987032799389777}, "ao-aos-acs-acos": {"rest15-aos": 0.4939682539682539, "rest15-cs": 0.6329501915708813, "rest16-aos": 0.610831234256927, "rest16-cs": 0.6974981046247157}, "as-aos-acs-acos": {"rest15-aos": 0.4669211195928753, "rest15-cs": 0.6615027110766848, "rest16-aos": 0.6329588014981274, "rest16-cs": 0.7327327327327328}, "cs-aos-acs-acos": {"rest15-aos": 0.4662420382165605, "rest15-cs": 0.6713615023474178, "rest16-aos": 0.6062539885130823, "rest16-cs": 0.7554882664647994}, "ao-as-aos-acs-acos": {"rest15-aos": 0.4842165695264347, "rest15-cs": 0.14467005076142134, "rest16-aos": 0.6040268456375839, "rest16-cs": 0.020260492040520984}, "ao-cs-aos-acs-acos": {"rest15-aos": 0.4993767016366195, "rest15-cs": 0.6524390243902439, "rest16-aos": 0.6105919003115265, "rest16-cs": 0.7611940298507461}, "as-cs-aos-acs-acos": {"rest15-aos": 0.4795031055900621, "rest15-cs": 0.6565809379727685, "rest16-aos": 0.5877910635619886, "rest16-cs": 0.7619738751814225}, "ao-as-cs-aos-acs-acos": {"rest15-aos": 0.4968553459119497, "rest15-cs": 0.6656649135987978, "rest16-aos": 0.5996204933586338, "rest16-cs": 0.7567964731814842}}