{"raw": {"precision": 0.649895178197065, "recall": 0.5730129390018485, "f1": 0.6090373280943026, "edit_precision": 0.7657139663989183, "edit_recall": 0.7122394129979446, "edit_f1": 0.7380092952253391, "confusion_matrix": {"tp": 310, "fn": 231, "fp": 167}, "aste_precision": 0.649895178197065, "aste_recall": 0.5730129390018485, "aste_f1": 0.6090373280943026, "aste_edit_precision": 0.7122394129979446, "aste_edit_recall": 0.7657139663989183, "aste_edit_f1": 0.7380092952253391, "aste_confusion_matrix": {"tp": 310, "fn": 231, "fp": 167}}, "editdistance": {"precision": 0.660377358490566, "recall": 0.5822550831792976, "f1": 0.6188605108055009, "edit_precision": 0.7664904581345294, "edit_recall": 0.713032891956858, "edit_f1": 0.738795920979878, "confusion_matrix": {"tp": 315, "fn": 226, "fp": 162}, "aste_precision": 0.660377358490566, "aste_recall": 0.5822550831792976, "aste_f1": 0.6188605108055009, "aste_edit_precision": 0.713032891956858, "aste_edit_recall": 0.7664904581345294, "aste_edit_f1": 0.738795920979878, "aste_confusion_matrix": {"tp": 315, "fn": 226, "fp": 162}}, "cut": {"precision": 0.649895178197065, "recall": 0.5730129390018485, "f1": 0.6090373280943026, "edit_precision": 0.7634049750175999, "edit_recall": 0.7103900531772354, "edit_f1": 0.7359439954995218, "confusion_matrix": {"tp": 310, "fn": 231, "fp": 167}, "aste_precision": 0.649895178197065, "aste_recall": 0.5730129390018485, "aste_f1": 0.6090373280943026, "aste_edit_precision": 0.7103900531772354, "aste_edit_recall": 0.7634049750175999, "aste_edit_f1": 0.7359439954995218, "aste_confusion_matrix": {"tp": 310, "fn": 231, "fp": 167}}, "remove": {"precision": 0.6681034482758621, "recall": 0.5730129390018485, "f1": 0.6169154228855721, "edit_precision": 0.7720104124695624, "edit_recall": 0.7023215915505484, "edit_f1": 0.7355189741534262, "confusion_matrix": {"tp": 310, "fn": 231, "fp": 154}, "aste_precision": 0.6681034482758621, "aste_recall": 0.5730129390018485, "aste_f1": 0.6169154228855721, "aste_edit_precision": 0.7023215915505484, "aste_edit_recall": 0.7720104124695624, "aste_edit_f1": 0.7355189741534262, "aste_confusion_matrix": {"tp": 310, "fn": 231, "fp": 154}}}