{"raw": {"precision": 0.8503969061673112, "recall": 0.7810805758085624, "f1": 0.8142662249074254, "edit_precision": 0.9114306004906058, "edit_recall": 0.8506117788016175, "edit_f1": 0.8799715755405977, "confusion_matrix": {"tp": 8356, "fn": 2342, "fp": 1470}, "ate_precision": 0.9005059021922428, "ate_recall": 0.8062405636638148, "ate_f1": 0.8507700477960701, "ate_edit_precision": 0.8542526625992933, "ate_edit_recall": 0.9338808573668697, "ate_edit_f1": 0.8922937801325435, "ate_confusion_matrix": {"tp": 1602, "fn": 385, "fp": 177}, "ote_precision": 0.8683943089430894, "ote_recall": 0.80765595463138, "ote_f1": 0.83692458374143, "ote_edit_precision": 0.8583977600773681, "ote_edit_recall": 0.9070088603768083, "ote_edit_f1": 0.882034048243774, "ote_confusion_matrix": {"tp": 1709, "fn": 407, "fp": 259}, "aste_precision": 0.8036551077788191, "aste_recall": 0.7485814054997818, "aste_f1": 0.7751412429378531, "aste_edit_precision": 0.8435873016034715, "aste_edit_recall": 0.8964240121474756, "aste_edit_f1": 0.8692034442809208, "aste_confusion_matrix": {"tp": 1715, "fn": 576, "fp": 419}, "uabsa_precision": 0.8763796909492274, "uabsa_recall": 0.7888723298559364, "uabsa_f1": 0.8303267973856209, "uabsa_edit_precision": 0.8307225666485671, "uabsa_edit_recall": 0.9083782092340851, "uabsa_edit_f1": 0.8678166187115616, "uabsa_confusion_matrix": {"tp": 1588, "fn": 425, "fp": 224}, "aope_precision": 0.8166901078293484, "aope_recall": 0.7603666521169795, "aope_f1": 0.7875226039783002, "aope_edit_precision": 0.8647630179284459, "aope_edit_recall": 0.9143926117621201, "aope_edit_f1": 0.8888856054221749, "aope_confusion_matrix": {"tp": 1742, "fn": 549, "fp": 391}}, "editdistance": {"precision": 0.8503969061673112, "recall": 0.7810805758085624, "f1": 0.8142662249074254, "edit_precision": 0.9114098051537843, "edit_recall": 0.8505911509560642, "edit_f1": 0.8799508450551249, "confusion_matrix": {"tp": 8356, "fn": 2342, "fp": 1470}, "ate_precision": 0.9005059021922428, "ate_recall": 0.8062405636638148, "ate_f1": 0.8507700477960701, "ate_edit_precision": 0.8542526625992933, "ate_edit_recall": 0.9338808573668697, "ate_edit_f1": 0.8922937801325435, "ate_confusion_matrix": {"tp": 1602, "fn": 385, "fp": 177}, "ote_precision": 0.8683943089430894, "ote_recall": 0.80765595463138, "ote_f1": 0.83692458374143, "ote_edit_precision": 0.8583775062291371, "ote_edit_recall": 0.9069870833733239, "ote_edit_f1": 0.8820130588246924, "ote_confusion_matrix": {"tp": 1709, "fn": 407, "fp": 259}, "aste_precision": 0.8036551077788191, "aste_recall": 0.7485814054997818, "aste_f1": 0.7751412429378531, "aste_edit_precision": 0.8436346997620426, "aste_edit_recall": 0.896517732859753, "aste_edit_f1": 0.869272661651781, "aste_confusion_matrix": {"tp": 1715, "fn": 576, "fp": 419}, "uabsa_precision": 0.8763796909492274, "uabsa_recall": 0.7888723298559364, "uabsa_f1": 0.8303267973856209, "uabsa_edit_precision": 0.8307225666485671, "uabsa_edit_recall": 0.908412476068118, "uabsa_edit_f1": 0.867832255873671, "uabsa_confusion_matrix": {"tp": 1588, "fn": 425, "fp": 224}, "aope_precision": 0.8166901078293484, "aope_recall": 0.7603666521169795, "aope_f1": 0.7875226039783002, "aope_edit_precision": 0.8646380032055483, "aope_edit_recall": 0.9141940326059942, "aope_edit_f1": 0.8887257334942873, "aope_confusion_matrix": {"tp": 1742, "fn": 549, "fp": 391}}, "cut": {"precision": 0.8504986769794423, "recall": 0.781174051224528, "f1": 0.8143636717988696, "edit_precision": 0.9113627451073679, "edit_recall": 0.850581510571686, "edit_f1": 0.8799237523135209, "confusion_matrix": {"tp": 8357, "fn": 2341, "fp": 1469}, "ate_precision": 0.9005059021922428, "ate_recall": 0.8062405636638148, "ate_f1": 0.8507700477960701, "ate_edit_precision": 0.8542526625992933, "ate_edit_recall": 0.9338808573668697, "ate_edit_f1": 0.8922937801325435, "ate_confusion_matrix": {"tp": 1602, "fn": 385, "fp": 177}, "ote_precision": 0.8689024390243902, "ote_recall": 0.8081285444234405, "ote_f1": 0.8374142997061704, "ote_edit_precision": 0.8585665421459612, "ote_edit_recall": 0.9071903354058442, "ote_edit_f1": 0.882208960066507, "ote_confusion_matrix": {"tp": 1710, "fn": 406, "fp": 258}, "aste_precision": 0.8036551077788191, "aste_recall": 0.7485814054997818, "aste_f1": 0.7751412429378531, "aste_edit_precision": 0.8435145531675629, "aste_edit_recall": 0.8961662801887127, "aste_edit_f1": 0.8690436600819978, "aste_confusion_matrix": {"tp": 1715, "fn": 576, "fp": 419}, "uabsa_precision": 0.8763796909492274, "uabsa_recall": 0.7888723298559364, "uabsa_f1": 0.8303267973856209, "uabsa_edit_precision": 0.8307225666485671, "uabsa_edit_recall": 0.9084027370731823, "uabsa_edit_f1": 0.8678278116902775, "uabsa_confusion_matrix": {"tp": 1588, "fn": 425, "fp": 224}, "aope_precision": 0.8166901078293484, "aope_recall": 0.7603666521169795, "aope_f1": 0.7875226039783002, "aope_edit_precision": 0.8645385370404992, "aope_edit_recall": 0.9141496045903987, "aope_edit_f1": 0.8886521962912325, "aope_confusion_matrix": {"tp": 1742, "fn": 549, "fp": 391}}, "remove": {"precision": 0.8516102731349368, "recall": 0.7810805758085624, "f1": 0.8148220380302291, "edit_precision": 0.9120186504825666, "edit_recall": 0.8502911163461558, "edit_f1": 0.8800738338332146, "confusion_matrix": {"tp": 8356, "fn": 2342, "fp": 1456}, "ate_precision": 0.9005059021922428, "ate_recall": 0.8062405636638148, "ate_f1": 0.8507700477960701, "ate_edit_precision": 0.8542526625992933, "ate_edit_recall": 0.9338808573668697, "ate_edit_f1": 0.8922937801325435, "ate_confusion_matrix": {"tp": 1602, "fn": 385, "fp": 177}, "ote_precision": 0.8688357905439756, "ote_recall": 0.80765595463138, "ote_f1": 0.8371295615968651, "ote_edit_precision": 0.8582829882707249, "ote_edit_recall": 0.9071431520481451, "ote_edit_f1": 0.8820369400314635, "ote_confusion_matrix": {"tp": 1709, "fn": 407, "fp": 258}, "aste_precision": 0.8047864852182074, "aste_recall": 0.7485814054997818, "aste_f1": 0.775667118950701, "aste_edit_precision": 0.8434272550444725, "aste_edit_recall": 0.8967867732766484, "aste_edit_f1": 0.8692889428947181, "aste_confusion_matrix": {"tp": 1715, "fn": 576, "fp": 416}, "uabsa_precision": 0.8768636112644947, "uabsa_recall": 0.7888723298559364, "uabsa_f1": 0.8305439330543933, "uabsa_edit_precision": 0.8307225666485671, "uabsa_edit_recall": 0.9088491217982365, "uabsa_edit_f1": 0.868031458744467, "uabsa_confusion_matrix": {"tp": 1588, "fn": 425, "fp": 223}, "aope_precision": 0.82015065913371, "aope_recall": 0.7603666521169795, "aope_f1": 0.789127972819932, "aope_edit_precision": 0.8635317114513601, "aope_edit_recall": 0.9162071562012437, "aope_edit_f1": 0.8890899086583042, "aope_confusion_matrix": {"tp": 1742, "fn": 549, "fp": 382}}}