{"raw": {"precision": 0.8820242160819621, "recall": 0.7966909702748177, "f1": 0.8371887431855017, "edit_precision": 0.9325835834780231, "edit_recall": 0.8645611407861222, "edit_f1": 0.897285027659979, "confusion_matrix": {"tp": 8523, "fn": 2175, "fp": 1140}, "ate_precision": 0.9126807563959956, "ate_recall": 0.8258681429290388, "ate_f1": 0.867107001321004, "ate_edit_precision": 0.8725217009478065, "ate_edit_recall": 0.9430713915962288, "ate_edit_f1": 0.9064258484898361, "ate_confusion_matrix": {"tp": 1641, "fn": 346, "fp": 157}, "ote_precision": 0.9003670686942842, "ote_recall": 0.8114366729678639, "ote_f1": 0.8535918468804375, "ote_edit_precision": 0.8636434037114677, "ote_edit_recall": 0.9318356955928485, "ote_edit_f1": 0.8964445781111814, "ote_confusion_matrix": {"tp": 1717, "fn": 399, "fp": 190}, "aste_precision": 0.8467819404418828, "aste_recall": 0.7695329550414666, "aste_f1": 0.8063114566659045, "aste_edit_precision": 0.8605197663166714, "aste_edit_recall": 0.9242723240081705, "aste_edit_f1": 0.8912574283357775, "aste_confusion_matrix": {"tp": 1763, "fn": 528, "fp": 319}, "uabsa_precision": 0.8981937602627258, "uabsa_recall": 0.8152011922503726, "uabsa_f1": 0.8546875, "uabsa_edit_precision": 0.8552057253131498, "uabsa_edit_recall": 0.9266577763768842, "uabsa_edit_f1": 0.8894991507619096, "uabsa_confusion_matrix": {"tp": 1641, "fn": 372, "fp": 186}, "aope_precision": 0.8594436310395315, "aope_recall": 0.7686599738105631, "aope_f1": 0.811520737327189, "aope_edit_precision": 0.870766090094417, "aope_edit_recall": 0.937805464878958, "aope_edit_f1": 0.9030432837188452, "aope_confusion_matrix": {"tp": 1761, "fn": 530, "fp": 288}}, "editdistance": {"precision": 0.8833695539687467, "recall": 0.7979061506823706, "f1": 0.8384656942193409, "edit_precision": 0.9328548340290912, "edit_recall": 0.8648052691582444, "edit_f1": 0.8975420597005115, "confusion_matrix": {"tp": 8536, "fn": 2162, "fp": 1127}, "ate_precision": 0.9132369299221357, "ate_recall": 0.8263714141922496, "ate_f1": 0.8676354029062087, "ate_edit_precision": 0.8731039167228936, "ate_edit_recall": 0.9435314616086609, "ate_edit_f1": 0.9069525172832412, "ate_confusion_matrix": {"tp": 1642, "fn": 345, "fp": 156}, "ote_precision": 0.9019402202412166, "ote_recall": 0.8128544423440454, "ote_f1": 0.8550832711906537, "ote_edit_precision": 0.8640537348824523, "ote_edit_recall": 0.9324101886017605, "ote_edit_f1": 0.8969314611575977, "ote_confusion_matrix": {"tp": 1720, "fn": 396, "fp": 187}, "aste_precision": 0.8477425552353506, "aste_recall": 0.7704059362723702, "aste_f1": 0.8072261605305282, "aste_edit_precision": 0.8605107302208054, "aste_edit_recall": 0.9243124680242836, "aste_edit_f1": 0.891271244786399, "aste_confusion_matrix": {"tp": 1765, "fn": 526, "fp": 317}, "uabsa_precision": 0.8981937602627258, "uabsa_recall": 0.8152011922503726, "uabsa_f1": 0.8546875, "uabsa_edit_precision": 0.8552057253131498, "uabsa_edit_recall": 0.9267229365405666, "uabsa_edit_f1": 0.8895291692362587, "uabsa_confusion_matrix": {"tp": 1641, "fn": 372, "fp": 186}, "aope_precision": 0.8628599316739873, "aope_recall": 0.7717154081187254, "aope_f1": 0.8147465437788018, "aope_edit_precision": 0.8710311549209959, "aope_edit_recall": 0.938047389019527, "aope_edit_f1": 0.9032979837885537, "aope_confusion_matrix": {"tp": 1768, "fn": 523, "fp": 281}}, "cut": {"precision": 0.8821277036117148, "recall": 0.7967844456907833, "f1": 0.8372869701881047, "edit_precision": 0.9322090396199785, "edit_recall": 0.8642248593404703, "edit_f1": 0.8969305540356297, "confusion_matrix": {"tp": 8524, "fn": 2174, "fp": 1139}, "ate_precision": 0.9126807563959956, "ate_recall": 0.8258681429290388, "ate_f1": 0.867107001321004, "ate_edit_precision": 0.8725195502159123, "ate_edit_recall": 0.9430419785732117, "ate_edit_f1": 0.9064111019450808, "ate_confusion_matrix": {"tp": 1641, "fn": 346, "fp": 157}, "ote_precision": 0.9003670686942842, "ote_recall": 0.8114366729678639, "ote_f1": 0.8535918468804375, "ote_edit_precision": 0.8630135337369296, "ote_edit_recall": 0.9312727722935235, "ote_edit_f1": 0.8958447750382375, "ote_confusion_matrix": {"tp": 1717, "fn": 399, "fp": 190}, "aste_precision": 0.8472622478386167, "aste_recall": 0.7699694456569184, "aste_f1": 0.8067688085982164, "aste_edit_precision": 0.8602764927026957, "aste_edit_recall": 0.9239507543200178, "aste_edit_f1": 0.8909774421198674, "aste_confusion_matrix": {"tp": 1764, "fn": 527, "fp": 318}, "uabsa_precision": 0.8981937602627258, "uabsa_recall": 0.8152011922503726, "uabsa_f1": 0.8546875, "uabsa_edit_precision": 0.8552057253131498, "uabsa_edit_recall": 0.9266577763768842, "uabsa_edit_f1": 0.8894991507619096, "uabsa_confusion_matrix": {"tp": 1641, "fn": 372, "fp": 186}, "aope_precision": 0.8594436310395315, "aope_recall": 0.7686599738105631, "aope_f1": 0.811520737327189, "aope_edit_precision": 0.8700226938981841, "aope_edit_recall": 0.9369156015981589, "aope_edit_f1": 0.9022309590641111, "aope_confusion_matrix": {"tp": 1761, "fn": 530, "fp": 288}}, "remove": {"precision": 0.8866118797461771, "recall": 0.7966909702748177, "f1": 0.8392496676677662, "edit_precision": 0.9344853820580457, "edit_recall": 0.8625569424933918, "edit_f1": 0.8970816579447626, "confusion_matrix": {"tp": 8523, "fn": 2175, "fp": 1090}, "ate_precision": 0.9136971046770601, "ate_recall": 0.8258681429290388, "ate_f1": 0.8675654242664551, "ate_edit_precision": 0.8720786501776294, "ate_edit_recall": 0.9435995891369818, "ate_edit_f1": 0.9064304877205264, "ate_confusion_matrix": {"tp": 1641, "fn": 346, "fp": 155}, "ote_precision": 0.9055907172995781, "ote_recall": 0.8114366729678639, "ote_f1": 0.8559322033898306, "ote_edit_precision": 0.8616899169735447, "ote_edit_recall": 0.9346648089812424, "ote_edit_f1": 0.8966951014878917, "ote_confusion_matrix": {"tp": 1717, "fn": 399, "fp": 179}, "aste_precision": 0.8529269472665699, "aste_recall": 0.7695329550414666, "aste_f1": 0.8090867370353374, "aste_edit_precision": 0.8578347502015425, "aste_edit_recall": 0.9264603441299579, "aste_edit_f1": 0.890827846137319, "aste_confusion_matrix": {"tp": 1763, "fn": 528, "fp": 304}, "uabsa_precision": 0.8986856516976999, "uabsa_recall": 0.8152011922503726, "uabsa_f1": 0.8549101328470957, "uabsa_edit_precision": 0.8552057253131498, "uabsa_edit_recall": 0.9270739818038887, "uabsa_edit_f1": 0.8896908536427389, "uabsa_confusion_matrix": {"tp": 1641, "fn": 372, "fp": 185}, "aope_precision": 0.8683431952662722, "aope_recall": 0.7686599738105631, "aope_f1": 0.8154665431812921, "aope_edit_precision": 0.8662808776989208, "aope_edit_recall": 0.9410986270784113, "aope_edit_f1": 0.9021411856356915, "aope_confusion_matrix": {"tp": 1761, "fn": 530, "fp": 267}}}