{"raw": {"precision": 0.5108447488584474, "recall": 0.5079455164585698, "f1": 0.5093910073989754, "edit_precision": 0.7172951406226395, "edit_recall": 0.7417466758653354, "edit_f1": 0.729316021184217, "confusion_matrix": {"tp": 895, "fn": 867, "fp": 857}, "aste_precision": 0.5108447488584474, "aste_recall": 0.5079455164585698, "aste_f1": 0.5093910073989754, "aste_edit_precision": 0.7417466758653354, "aste_edit_recall": 0.7172951406226395, "aste_edit_f1": 0.729316021184217, "aste_confusion_matrix": {"tp": 895, "fn": 867, "fp": 857}}, "editdistance": {"precision": 0.5165525114155252, "recall": 0.5136208853575482, "f1": 0.5150825270347182, "edit_precision": 0.7178532001971031, "edit_recall": 0.742033892777493, "edit_f1": 0.729743289256283, "confusion_matrix": {"tp": 905, "fn": 857, "fp": 847}, "aste_precision": 0.5165525114155252, "aste_recall": 0.5136208853575482, "aste_f1": 0.5150825270347182, "aste_edit_precision": 0.742033892777493, "aste_edit_recall": 0.7178532001971031, "aste_edit_f1": 0.729743289256283, "aste_confusion_matrix": {"tp": 905, "fn": 857, "fp": 847}}, "cut": {"precision": 0.511986301369863, "recall": 0.5090805902383655, "f1": 0.5105293113261242, "edit_precision": 0.7167824474889783, "edit_recall": 0.7415456405001891, "edit_f1": 0.7289537978458739, "confusion_matrix": {"tp": 897, "fn": 865, "fp": 855}, "aste_precision": 0.511986301369863, "aste_recall": 0.5090805902383655, "aste_f1": 0.5105293113261242, "aste_edit_precision": 0.7415456405001891, "aste_edit_recall": 0.7167824474889783, "aste_edit_f1": 0.7289537978458739, "aste_confusion_matrix": {"tp": 897, "fn": 865, "fp": 855}}, "remove": {"precision": 0.5261610817166372, "recall": 0.5079455164585698, "f1": 0.516892867455963, "edit_precision": 0.724546736842757, "edit_recall": 0.7348125718758011, "edit_f1": 0.7296435469495768, "confusion_matrix": {"tp": 895, "fn": 867, "fp": 806}, "aste_precision": 0.5261610817166372, "aste_recall": 0.5079455164585698, "aste_f1": 0.516892867455963, "aste_edit_precision": 0.7348125718758011, "aste_edit_recall": 0.724546736842757, "aste_edit_f1": 0.7296435469495768, "aste_confusion_matrix": {"tp": 895, "fn": 867, "fp": 806}}}