{"raw": {"precision": 0.7412167952013711, "recall": 0.7554585152838428, "f1": 0.7482698961937717, "edit_precision": 0.8293734635548146, "edit_recall": 0.8396198474345291, "edit_f1": 0.834465202887307, "confusion_matrix": {"tp": 1730, "fn": 560, "fp": 604}, "aste_precision": 0.6356435643564357, "aste_recall": 0.6618556701030928, "aste_f1": 0.6484848484848486, "aste_edit_precision": 0.7887913055008888, "aste_edit_recall": 0.7721084156169128, "aste_edit_f1": 0.7803607072292169, "aste_confusion_matrix": {"tp": 321, "fn": 164, "fp": 184}, "ote_precision": 0.8153846153846154, "ote_recall": 0.8135964912280702, "ote_f1": 0.8144895718990122, "ote_edit_precision": 0.8663279873301883, "ote_edit_recall": 0.8669150985787494, "ote_edit_f1": 0.8666214435167094, "ote_confusion_matrix": {"tp": 371, "fn": 85, "fp": 84}, "aope_precision": 0.6958250497017893, "aope_recall": 0.7216494845360825, "aope_f1": 0.7085020242914981, "aope_edit_precision": 0.8743203328899439, "aope_edit_recall": 0.8546774858423178, "aope_edit_f1": 0.8643873298615311, "aope_confusion_matrix": {"tp": 350, "fn": 135, "fp": 153}, "uabsa_precision": 0.7414187643020596, "uabsa_recall": 0.75, "uabsa_f1": 0.7456846950517838, "uabsa_edit_precision": 0.7842034013011455, "uabsa_edit_recall": 0.7790611061297061, "uabsa_edit_f1": 0.7816237960297607, "uabsa_confusion_matrix": {"tp": 324, "fn": 108, "fp": 113}, "ate_precision": 0.8387096774193549, "ate_recall": 0.8425925925925926, "ate_f1": 0.8406466512702079, "ate_edit_precision": 0.8849510981964279, "ate_edit_recall": 0.8779817176029927, "ate_edit_f1": 0.8814526319164678, "ate_confusion_matrix": {"tp": 364, "fn": 68, "fp": 70}}, "editdistance": {"precision": 0.7420736932305055, "recall": 0.7563318777292577, "f1": 0.7491349480968857, "edit_precision": 0.8287833029501753, "edit_recall": 0.8390720860139324, "edit_f1": 0.8338959593994941, "confusion_matrix": {"tp": 1732, "fn": 558, "fp": 602}, "aste_precision": 0.6356435643564357, "aste_recall": 0.6618556701030928, "aste_f1": 0.6484848484848486, "aste_edit_precision": 0.7884828899759785, "aste_edit_recall": 0.7715948521726562, "aste_edit_f1": 0.7799474635075209, "aste_confusion_matrix": {"tp": 321, "fn": 164, "fp": 184}, "ote_precision": 0.8175824175824176, "ote_recall": 0.8157894736842105, "ote_f1": 0.8166849615806807, "ote_edit_precision": 0.8663589018347871, "ote_edit_recall": 0.8669481953151428, "ote_edit_f1": 0.8666534484003316, "ote_confusion_matrix": {"tp": 372, "fn": 84, "fp": 83}, "aope_precision": 0.6958250497017893, "aope_recall": 0.7216494845360825, "aope_f1": 0.7085020242914981, "aope_edit_precision": 0.8731808812762655, "aope_edit_recall": 0.8535504694966135, "aope_edit_f1": 0.8632540908407409, "aope_confusion_matrix": {"tp": 350, "fn": 135, "fp": 153}, "uabsa_precision": 0.7414187643020596, "uabsa_recall": 0.75, "uabsa_f1": 0.7456846950517838, "uabsa_edit_precision": 0.7833766817244259, "uabsa_edit_recall": 0.7782438455870451, "uabsa_edit_f1": 0.7808018281855452, "uabsa_confusion_matrix": {"tp": 324, "fn": 108, "fp": 113}, "ate_precision": 0.8410138248847926, "ate_recall": 0.8449074074074074, "ate_f1": 0.8429561200923787, "ate_edit_precision": 0.8844670420670175, "ate_edit_recall": 0.8774998921469894, "ate_edit_f1": 0.8809696923939072, "ate_confusion_matrix": {"tp": 365, "fn": 67, "fp": 69}}, "cut": {"precision": 0.7412167952013711, "recall": 0.7554585152838428, "f1": 0.7482698961937717, "edit_precision": 0.8273637187245049, "edit_recall": 0.8378456745550068, "edit_f1": 0.8325717063748451, "confusion_matrix": {"tp": 1730, "fn": 560, "fp": 604}, "aste_precision": 0.6356435643564357, "aste_recall": 0.6618556701030928, "aste_f1": 0.6484848484848486, "aste_edit_precision": 0.7876909053283236, "aste_edit_recall": 0.7701724555373882, "aste_edit_f1": 0.7788331813953964, "aste_confusion_matrix": {"tp": 321, "fn": 164, "fp": 184}, "ote_precision": 0.8153846153846154, "ote_recall": 0.8135964912280702, "ote_f1": 0.8144895718990122, "ote_edit_precision": 0.8643662520625321, "ote_edit_recall": 0.8648540351658761, "ote_edit_f1": 0.86461007481662, "ote_confusion_matrix": {"tp": 371, "fn": 85, "fp": 84}, "aope_precision": 0.6958250497017893, "aope_recall": 0.7216494845360825, "aope_f1": 0.7085020242914981, "aope_edit_precision": 0.8718468141406519, "aope_edit_recall": 0.851944812203829, "aope_edit_f1": 0.8617809240884787, "aope_confusion_matrix": {"tp": 350, "fn": 135, "fp": 153}, "uabsa_precision": 0.7414187643020596, "uabsa_recall": 0.75, "uabsa_f1": 0.7456846950517838, "uabsa_edit_precision": 0.7828806499783941, "uabsa_edit_recall": 0.7778317227492928, "uabsa_edit_f1": 0.7803480196873276, "uabsa_confusion_matrix": {"tp": 324, "fn": 108, "fp": 113}, "ate_precision": 0.8387096774193549, "ate_recall": 0.8425925925925926, "ate_f1": 0.8406466512702079, "ate_edit_precision": 0.8829521968919711, "ate_edit_recall": 0.8759920278252845, "ate_edit_f1": 0.8794583416111658, "ate_confusion_matrix": {"tp": 364, "fn": 68, "fp": 70}}, "remove": {"precision": 0.7607739665787159, "recall": 0.7554585152838428, "f1": 0.7581069237510953, "edit_precision": 0.8392109074738578, "edit_recall": 0.8311315802452944, "edit_f1": 0.8351517042954011, "confusion_matrix": {"tp": 1730, "fn": 560, "fp": 544}, "aste_precision": 0.6577868852459017, "aste_recall": 0.6618556701030928, "aste_f1": 0.6598150051387462, "aste_edit_precision": 0.779041025998032, "aste_edit_recall": 0.7834383766797518, "aste_edit_f1": 0.7812335135155566, "aste_confusion_matrix": {"tp": 321, "fn": 164, "fp": 167}, "ote_precision": 0.8393665158371041, "ote_recall": 0.8135964912280702, "ote_f1": 0.8262806236080178, "ote_edit_precision": 0.8577973336515085, "ote_edit_recall": 0.8814039703196064, "ote_edit_f1": 0.8694404424418124, "ote_confusion_matrix": {"tp": 371, "fn": 85, "fp": 71}, "aope_precision": 0.7276507276507277, "aope_recall": 0.7216494845360825, "aope_f1": 0.7246376811594203, "aope_edit_precision": 0.8589936692999494, "aope_edit_recall": 0.8699295458190182, "aope_edit_f1": 0.8644270214673443, "aope_confusion_matrix": {"tp": 350, "fn": 135, "fp": 131}, "uabsa_precision": 0.7465437788018433, "uabsa_recall": 0.75, "uabsa_f1": 0.7482678983833717, "uabsa_edit_precision": 0.7820539304016746, "uabsa_edit_recall": 0.7821295135326891, "uabsa_edit_f1": 0.7820917201410502, "uabsa_confusion_matrix": {"tp": 324, "fn": 108, "fp": 110}, "ate_precision": 0.8484848484848485, "ate_recall": 0.8425925925925926, "ate_f1": 0.8455284552845528, "ate_edit_precision": 0.8792629848694259, "ate_edit_recall": 0.8824867144112677, "ate_edit_f1": 0.8808719001770481, "ate_confusion_matrix": {"tp": 364, "fn": 68, "fp": 65}}}