{"raw": {"precision": 0.6055226824457594, "recall": 0.6329896907216495, "f1": 0.6189516129032258, "edit_precision": 0.7666423015164132, "edit_recall": 0.7798634451716216, "edit_f1": 0.7731963592832305, "confusion_matrix": {"tp": 307, "fn": 178, "fp": 200}, "aste_precision": 0.6055226824457594, "aste_recall": 0.6329896907216495, "aste_f1": 0.6189516129032258, "aste_edit_precision": 0.7798634451716216, "aste_edit_recall": 0.7666423015164132, "aste_edit_f1": 0.7731963592832305, "aste_confusion_matrix": {"tp": 307, "fn": 178, "fp": 200}}, "editdistance": {"precision": 0.6134122287968442, "recall": 0.6412371134020619, "f1": 0.627016129032258, "edit_precision": 0.7668057086768617, "edit_recall": 0.7801225889488067, "edit_f1": 0.7734068289937936, "confusion_matrix": {"tp": 311, "fn": 174, "fp": 196}, "aste_precision": 0.6134122287968442, "aste_recall": 0.6412371134020619, "aste_f1": 0.627016129032258, "aste_edit_precision": 0.7801225889488067, "aste_edit_recall": 0.7668057086768617, "aste_edit_f1": 0.7734068289937936, "aste_confusion_matrix": {"tp": 311, "fn": 174, "fp": 196}}, "cut": {"precision": 0.6074950690335306, "recall": 0.6350515463917525, "f1": 0.6209677419354839, "edit_precision": 0.7655487143594777, "edit_recall": 0.7784276773312147, "edit_f1": 0.7719344813947496, "confusion_matrix": {"tp": 308, "fn": 177, "fp": 199}, "aste_precision": 0.6074950690335306, "aste_recall": 0.6350515463917525, "aste_f1": 0.6209677419354839, "aste_edit_precision": 0.7784276773312147, "aste_edit_recall": 0.7655487143594777, "aste_edit_f1": 0.7719344813947496, "aste_confusion_matrix": {"tp": 308, "fn": 177, "fp": 199}}, "remove": {"precision": 0.6369294605809128, "recall": 0.6329896907216495, "f1": 0.6349534643226473, "edit_precision": 0.7833162965759949, "edit_recall": 0.7637437318379907, "edit_f1": 0.7734062034681115, "confusion_matrix": {"tp": 307, "fn": 178, "fp": 175}, "aste_precision": 0.6369294605809128, "aste_recall": 0.6329896907216495, "aste_f1": 0.6349534643226473, "aste_edit_precision": 0.7637437318379907, "aste_edit_recall": 0.7833162965759949, "aste_edit_f1": 0.7734062034681115, "aste_confusion_matrix": {"tp": 307, "fn": 178, "fp": 175}}}