{"raw": {"precision": 0.3459214501510574, "recall": 0.3047238855622089, "f1": 0.32401839405730454, "edit_precision": 0.5292324713569619, "edit_recall": 0.4852810521935084, "edit_f1": 0.5063047156951981, "confusion_matrix": {"tp": 458, "fn": 1045, "fp": 866}, "uabsa_precision": 0.3790322580645161, "uabsa_recall": 0.3298245614035088, "uabsa_f1": 0.35272045028142585, "uabsa_edit_precision": 0.43457658634820096, "uabsa_edit_recall": 0.4860219997311518, "uabsa_edit_f1": 0.4588618421255846, "uabsa_confusion_matrix": {"tp": 94, "fn": 191, "fp": 154}, "ote_precision": 0.4490566037735849, "ote_recall": 0.4117647058823529, "ote_f1": 0.4296028880866426, "ote_edit_precision": 0.5397269708595561, "ote_edit_recall": 0.5823386787031319, "ote_edit_f1": 0.560223710962534, "ote_confusion_matrix": {"tp": 119, "fn": 170, "fp": 146}, "ate_precision": 0.39316239316239315, "ate_recall": 0.3250883392226148, "ate_f1": 0.3558994197292069, "ate_edit_precision": 0.4510909690047296, "ate_edit_recall": 0.5228842495437417, "ate_edit_f1": 0.4843416101602978, "ate_confusion_matrix": {"tp": 92, "fn": 191, "fp": 142}, "aste_precision": 0.2604166666666667, "aste_recall": 0.23219814241486067, "aste_f1": 0.24549918166939447, "aste_edit_precision": 0.48213644142816714, "aste_edit_recall": 0.508559792016523, "aste_edit_f1": 0.4949957415781056, "aste_confusion_matrix": {"tp": 75, "fn": 248, "fp": 213}, "aope_precision": 0.2698961937716263, "aope_recall": 0.24148606811145512, "aope_f1": 0.25490196078431376, "aope_edit_precision": 0.5144061453546687, "aope_edit_recall": 0.5433579646815515, "aope_edit_f1": 0.5284858382083396, "aope_confusion_matrix": {"tp": 78, "fn": 245, "fp": 211}}, "editdistance": {"precision": 0.3512084592145015, "recall": 0.3093812375249501, "f1": 0.328970640254687, "edit_precision": 0.5288815076731681, "edit_recall": 0.4849751885295591, "edit_f1": 0.5059776393532927, "confusion_matrix": {"tp": 465, "fn": 1038, "fp": 859}, "uabsa_precision": 0.38306451612903225, "uabsa_recall": 0.3333333333333333, "uabsa_f1": 0.3564727954971858, "uabsa_edit_precision": 0.43446198360201926, "uabsa_edit_recall": 0.48547136309180544, "uabsa_edit_f1": 0.4585524639341955, "uabsa_confusion_matrix": {"tp": 95, "fn": 190, "fp": 153}, "ote_precision": 0.4528301886792453, "ote_recall": 0.41522491349480967, "ote_f1": 0.4332129963898917, "ote_edit_precision": 0.5403707755881919, "ote_edit_recall": 0.5831456120780508, "ote_edit_f1": 0.5609439259431199, "ote_confusion_matrix": {"tp": 120, "fn": 169, "fp": 145}, "ate_precision": 0.405982905982906, "ate_recall": 0.33568904593639576, "ate_f1": 0.36750483558994196, "ate_edit_precision": 0.4502025262850668, "ate_edit_recall": 0.52204262364357, "ate_edit_f1": 0.48346840919714634, "ate_confusion_matrix": {"tp": 95, "fn": 188, "fp": 139}, "aste_precision": 0.2638888888888889, "aste_recall": 0.23529411764705882, "aste_f1": 0.24877250409165302, "aste_edit_precision": 0.4815765628195519, "aste_edit_recall": 0.5081488864936664, "aste_edit_f1": 0.4945060154369301, "aste_confusion_matrix": {"tp": 76, "fn": 247, "fp": 212}, "aope_precision": 0.27335640138408307, "aope_recall": 0.24458204334365324, "aope_f1": 0.2581699346405229, "aope_edit_precision": 0.5138462667460535, "aope_edit_recall": 0.5425736251524302, "aope_edit_f1": 0.5278193526220349, "aope_confusion_matrix": {"tp": 79, "fn": 244, "fp": 210}}, "cut": {"precision": 0.3459214501510574, "recall": 0.3047238855622089, "f1": 0.32401839405730454, "edit_precision": 0.5275063987305884, "edit_recall": 0.4838553214190335, "edit_f1": 0.5047388546021412, "confusion_matrix": {"tp": 458, "fn": 1045, "fp": 866}, "uabsa_precision": 0.3790322580645161, "uabsa_recall": 0.3298245614035088, "uabsa_f1": 0.35272045028142585, "uabsa_edit_precision": 0.4351804464257452, "uabsa_edit_recall": 0.4867159518363942, "uabsa_edit_f1": 0.4595077399195262, "uabsa_confusion_matrix": {"tp": 94, "fn": 191, "fp": 154}, "ote_precision": 0.4490566037735849, "ote_recall": 0.4117647058823529, "ote_f1": 0.4296028880866426, "ote_edit_precision": 0.5369837440658746, "ote_edit_recall": 0.5795566523340059, "ote_edit_f1": 0.5574585605179312, "ote_confusion_matrix": {"tp": 119, "fn": 170, "fp": 146}, "ate_precision": 0.39316239316239315, "ate_recall": 0.3250883392226148, "ate_f1": 0.3558994197292069, "ate_edit_precision": 0.44770576786438404, "ate_edit_recall": 0.5189070523578438, "ate_edit_f1": 0.48068404528858183, "ate_confusion_matrix": {"tp": 92, "fn": 191, "fp": 142}, "aste_precision": 0.2604166666666667, "aste_recall": 0.23219814241486067, "aste_f1": 0.24549918166939447, "aste_edit_precision": 0.4815042686433915, "aste_edit_recall": 0.5077639871224865, "aste_edit_f1": 0.49428560117616244, "aste_confusion_matrix": {"tp": 75, "fn": 248, "fp": 213}, "aope_precision": 0.2698961937716263, "aope_recall": 0.24148606811145512, "aope_f1": 0.25490196078431376, "aope_edit_precision": 0.5132916648575726, "aope_edit_recall": 0.5414191157520772, "aope_edit_f1": 0.5269803332236005, "aope_confusion_matrix": {"tp": 78, "fn": 245, "fp": 211}}, "remove": {"precision": 0.3586530931871574, "recall": 0.3047238855622089, "f1": 0.3294964028776979, "edit_precision": 0.5330192658502946, "edit_recall": 0.47279995616977266, "edit_f1": 0.5011069186479233, "confusion_matrix": {"tp": 458, "fn": 1045, "fp": 819}, "uabsa_precision": 0.3868312757201646, "uabsa_recall": 0.3298245614035088, "uabsa_f1": 0.3560606060606061, "uabsa_edit_precision": 0.43025145728622977, "uabsa_edit_recall": 0.4885394233125497, "uabsa_edit_f1": 0.4575465500593869, "uabsa_confusion_matrix": {"tp": 94, "fn": 191, "fp": 149}, "ote_precision": 0.4576923076923077, "ote_recall": 0.4117647058823529, "ote_f1": 0.43351548269581053, "ote_edit_precision": 0.5325939489321349, "ote_edit_recall": 0.5867413498605757, "ote_edit_f1": 0.5583579698792045, "ote_confusion_matrix": {"tp": 119, "fn": 170, "fp": 141}, "ate_precision": 0.4088888888888889, "ate_recall": 0.3250883392226148, "ate_f1": 0.3622047244094488, "ate_edit_precision": 0.43741932113021337, "ate_edit_recall": 0.5253033822841561, "ate_edit_f1": 0.47735001584821013, "ate_confusion_matrix": {"tp": 92, "fn": 191, "fp": 133}, "aste_precision": 0.2727272727272727, "aste_recall": 0.23219814241486067, "aste_f1": 0.2508361204013378, "aste_edit_precision": 0.464716935477942, "aste_edit_recall": 0.5122329410333637, "aste_edit_f1": 0.48731941797860173, "aste_confusion_matrix": {"tp": 75, "fn": 248, "fp": 200}, "aope_precision": 0.2846715328467153, "aope_recall": 0.24148606811145512, "aope_f1": 0.26130653266331655, "aope_edit_precision": 0.495925013981363, "aope_edit_recall": 0.5486877805256085, "aope_edit_f1": 0.5209738893864361, "aope_confusion_matrix": {"tp": 78, "fn": 245, "fp": 196}}}