{"global": 4.468196153640747, "concept": 1.3521313667297363, "sentiment_marker": 0.7786862850189209, "relation": 0.2244706153869629, "n_data": 455, "n_data_relation": 115}