{"raw": {"precision": 0.2508833922261484, "recall": 0.21981424148606812, "f1": 0.23432343234323436, "edit_precision": 0.5044707707029614, "edit_recall": 0.4938624910661857, "edit_f1": 0.49911026914588286, "confusion_matrix": {"tp": 71, "fn": 252, "fp": 212}, "aste_precision": 0.2508833922261484, "aste_recall": 0.21981424148606812, "aste_f1": 0.23432343234323436, "aste_edit_precision": 0.4938624910661857, "aste_edit_recall": 0.5044707707029614, "aste_edit_f1": 0.49911026914588286, "aste_confusion_matrix": {"tp": 71, "fn": 252, "fp": 212}}, "editdistance": {"precision": 0.2579505300353357, "recall": 0.2260061919504644, "f1": 0.24092409240924093, "edit_precision": 0.5053317974889519, "edit_recall": 0.4945543704732353, "edit_f1": 0.4998850009028389, "confusion_matrix": {"tp": 73, "fn": 250, "fp": 210}, "aste_precision": 0.2579505300353357, "aste_recall": 0.2260061919504644, "aste_f1": 0.24092409240924093, "aste_edit_precision": 0.4945543704732353, "aste_edit_recall": 0.5053317974889519, "aste_edit_f1": 0.4998850009028389, "aste_confusion_matrix": {"tp": 73, "fn": 250, "fp": 210}}, "cut": {"precision": 0.2508833922261484, "recall": 0.21981424148606812, "f1": 0.23432343234323436, "edit_precision": 0.5030585700747714, "edit_recall": 0.49262517596470623, "edit_f1": 0.4977872092205712, "confusion_matrix": {"tp": 71, "fn": 252, "fp": 212}, "aste_precision": 0.2508833922261484, "aste_recall": 0.21981424148606812, "aste_f1": 0.23432343234323436, "aste_edit_precision": 0.49262517596470623, "aste_edit_recall": 0.5030585700747714, "aste_edit_f1": 0.4977872092205712, "aste_confusion_matrix": {"tp": 71, "fn": 252, "fp": 212}}, "remove": {"precision": 0.26394052044609667, "recall": 0.21981424148606812, "f1": 0.23986486486486486, "edit_precision": 0.5136994155799062, "edit_recall": 0.48336866948379437, "edit_f1": 0.49807271287315996, "confusion_matrix": {"tp": 71, "fn": 252, "fp": 198}, "aste_precision": 0.26394052044609667, "aste_recall": 0.21981424148606812, "aste_f1": 0.23986486486486486, "aste_edit_precision": 0.48336866948379437, "aste_edit_recall": 0.5136994155799062, "aste_edit_f1": 0.49807271287315996, "aste_confusion_matrix": {"tp": 71, "fn": 252, "fp": 198}}}