{"raw": {"precision": 0.22012578616352202, "recall": 0.21671826625386997, "f1": 0.21840873634945399, "edit_recall": 0.47314357974748206, "edit_precision": 0.46885275351679134, "edit_f1": 0.47098839420039157}, "editdistance": {"precision": 0.22641509433962265, "recall": 0.22291021671826625, "f1": 0.22464898595943839, "edit_recall": 0.47418809752135127, "edit_precision": 0.4694377422812788, "edit_f1": 0.4718009628978318}, "cut": {"precision": 0.22641509433962265, "recall": 0.22291021671826625, "f1": 0.22464898595943839, "edit_recall": 0.47418809752135127, "edit_precision": 0.4694377422812788, "edit_f1": 0.4718009628978318}, "remove": {"precision": 0.22012578616352202, "recall": 0.21671826625386997, "f1": 0.21840873634945399, "edit_recall": 0.47314357974748206, "edit_precision": 0.46885275351679134, "edit_f1": 0.47098839420039157}}