{"recall": 0.687382297551789, "precision": 0.31616595135908443, "f1_score": 0.4331169493618552}