{"raw": {"precision": 0.32145454545454544, "recall": 0.2940785096473719, "f1": 0.3071577484364142, "edit_precision": 0.5080393935423194, "edit_recall": 0.48300533117927996, "edit_f1": 0.4952061787099697, "confusion_matrix": {"tp": 442, "fn": 1061, "fp": 933}, "ote_precision": 0.4584837545126354, "ote_recall": 0.43944636678200694, "ote_f1": 0.44876325088339225, "ote_edit_precision": 0.5546119918088674, "ote_edit_recall": 0.5774183510791598, "ote_edit_f1": 0.5657854381924126, "ote_confusion_matrix": {"tp": 127, "fn": 162, "fp": 150}, "aope_precision": 0.23355263157894737, "aope_recall": 0.21981424148606812, "aope_f1": 0.22647527910685808, "aope_edit_precision": 0.5167703454737478, "aope_edit_recall": 0.521051993918518, "aope_edit_f1": 0.5189023374939781, "aope_confusion_matrix": {"tp": 71, "fn": 252, "fp": 233}, "ate_precision": 0.35655737704918034, "ate_recall": 0.30742049469964666, "ate_f1": 0.3301707779886148, "ate_edit_precision": 0.43149949874317706, "ate_edit_recall": 0.47786666601290184, "ate_edit_f1": 0.4535009874838472, "ate_confusion_matrix": {"tp": 87, "fn": 196, "fp": 157}, "uabsa_precision": 0.35826771653543305, "uabsa_recall": 0.3192982456140351, "uabsa_f1": 0.33766233766233766, "uabsa_edit_precision": 0.4285369719883875, "uabsa_edit_recall": 0.46229114561967005, "uabsa_edit_f1": 0.4447745727937589, "uabsa_confusion_matrix": {"tp": 91, "fn": 194, "fp": 163}, "aste_precision": 0.22297297297297297, "aste_recall": 0.2043343653250774, "aste_f1": 0.21324717285945075, "aste_edit_precision": 0.47835891758720006, "aste_edit_recall": 0.49387857846617783, "aste_edit_f1": 0.4859948791804573, "aste_confusion_matrix": {"tp": 66, "fn": 257, "fp": 230}}, "editdistance": {"precision": 0.32727272727272727, "recall": 0.2994011976047904, "f1": 0.3127171646977067, "edit_precision": 0.5088821134038023, "edit_recall": 0.48379746496343556, "edit_f1": 0.4960228492560283, "confusion_matrix": {"tp": 450, "fn": 1053, "fp": 925}, "ote_precision": 0.4584837545126354, "ote_recall": 0.43944636678200694, "ote_f1": 0.44876325088339225, "ote_edit_precision": 0.5547509417073887, "ote_edit_recall": 0.5775633204678698, "ote_edit_f1": 0.565927334183141, "ote_confusion_matrix": {"tp": 127, "fn": 162, "fp": 150}, "aope_precision": 0.24013157894736842, "aope_recall": 0.2260061919504644, "aope_f1": 0.2328548644338118, "aope_edit_precision": 0.5181362360319874, "aope_edit_recall": 0.5223985247812297, "aope_edit_f1": 0.5202586507100785, "aope_confusion_matrix": {"tp": 73, "fn": 250, "fp": 231}, "ate_precision": 0.36885245901639346, "ate_recall": 0.31802120141342755, "ate_f1": 0.3415559772296015, "ate_edit_precision": 0.43188236337463864, "ate_edit_recall": 0.47831072622070353, "ate_edit_f1": 0.45391240436570834, "ate_confusion_matrix": {"tp": 90, "fn": 193, "fp": 154}, "uabsa_precision": 0.3661417322834646, "uabsa_recall": 0.3263157894736842, "uabsa_f1": 0.3450834879406308, "uabsa_edit_precision": 0.42925131860572696, "uabsa_edit_recall": 0.46309267627298395, "uabsa_edit_f1": 0.44553029564311103, "uabsa_confusion_matrix": {"tp": 93, "fn": 192, "fp": 161}, "aste_precision": 0.22635135135135134, "aste_recall": 0.20743034055727555, "aste_f1": 0.21647819063004844, "aste_edit_precision": 0.47958894368613675, "aste_edit_recall": 0.4952208028917067, "aste_edit_f1": 0.4872795385643354, "aste_confusion_matrix": {"tp": 67, "fn": 256, "fp": 229}}, "cut": {"precision": 0.32145454545454544, "recall": 0.2940785096473719, "f1": 0.3071577484364142, "edit_precision": 0.5059312012052691, "edit_recall": 0.48127097844363625, "edit_f1": 0.49329308473735406, "confusion_matrix": {"tp": 442, "fn": 1061, "fp": 933}, "ote_precision": 0.4584837545126354, "ote_recall": 0.43944636678200694, "ote_f1": 0.44876325088339225, "ote_edit_precision": 0.5542277478239958, "ote_edit_recall": 0.5768369557303227, "ote_edit_f1": 0.5653063804951693, "ote_confusion_matrix": {"tp": 127, "fn": 162, "fp": 150}, "aope_precision": 0.23355263157894737, "aope_recall": 0.21981424148606812, "aope_f1": 0.22647527910685808, "aope_edit_precision": 0.5150829895363366, "aope_edit_recall": 0.5189884597869461, "aope_edit_f1": 0.5170283495920133, "aope_confusion_matrix": {"tp": 71, "fn": 252, "fp": 233}, "ate_precision": 0.35655737704918034, "ate_recall": 0.30742049469964666, "ate_f1": 0.3301707779886148, "ate_edit_precision": 0.4275721478505382, "ate_edit_recall": 0.4731726747832307, "ate_edit_f1": 0.44921813987158266, "ate_confusion_matrix": {"tp": 87, "fn": 196, "fp": 157}, "uabsa_precision": 0.35826771653543305, "uabsa_recall": 0.3192982456140351, "uabsa_f1": 0.33766233766233766, "uabsa_edit_precision": 0.4268928205506345, "uabsa_edit_recall": 0.46031289082761256, "uabsa_edit_f1": 0.44297340691360615, "uabsa_confusion_matrix": {"tp": 91, "fn": 194, "fp": 163}, "aste_precision": 0.22297297297297297, "aste_recall": 0.2043343653250774, "aste_f1": 0.21324717285945075, "aste_edit_precision": 0.47721140607052936, "aste_edit_recall": 0.4923157642817314, "aste_edit_f1": 0.4846459290423217, "aste_confusion_matrix": {"tp": 66, "fn": 257, "fp": 230}}, "remove": {"precision": 0.3374045801526718, "recall": 0.2940785096473719, "f1": 0.3142552435122645, "edit_precision": 0.5154532436645808, "edit_recall": 0.46543858299077095, "edit_f1": 0.48917081539417295, "confusion_matrix": {"tp": 442, "fn": 1061, "fp": 868}, "ote_precision": 0.46691176470588236, "ote_recall": 0.43944636678200694, "ote_f1": 0.4527629233511587, "ote_edit_precision": 0.5532341071244727, "ote_edit_recall": 0.5856495388791809, "ote_edit_f1": 0.5689805115151217, "ote_confusion_matrix": {"tp": 127, "fn": 162, "fp": 145}, "aope_precision": 0.2526690391459075, "aope_recall": 0.21981424148606812, "aope_f1": 0.23509933774834438, "aope_edit_precision": 0.49016223254853797, "aope_edit_recall": 0.5340668728954711, "aope_edit_f1": 0.5111735438042985, "aope_confusion_matrix": {"tp": 71, "fn": 252, "fp": 210}, "ate_precision": 0.3717948717948718, "ate_recall": 0.30742049469964666, "ate_f1": 0.33655705996131535, "ate_edit_precision": 0.4131091460148488, "ate_edit_recall": 0.47889599722947784, "ate_edit_f1": 0.44357662720608376, "ate_confusion_matrix": {"tp": 87, "fn": 196, "fp": 147}, "uabsa_precision": 0.37142857142857144, "uabsa_recall": 0.3192982456140351, "uabsa_f1": 0.3433962264150943, "uabsa_edit_precision": 0.41470341037360825, "uabsa_edit_recall": 0.46624239153952673, "uabsa_edit_f1": 0.43896527893609116, "uabsa_confusion_matrix": {"tp": 91, "fn": 194, "fp": 154}, "aste_precision": 0.23741007194244604, "aste_recall": 0.2043343653250774, "aste_f1": 0.21963394342762063, "aste_edit_precision": 0.4527763835427195, "aste_edit_recall": 0.5020979642552329, "aste_edit_f1": 0.4761633841435016, "aste_confusion_matrix": {"tp": 66, "fn": 257, "fp": 212}}}