{
    "raw": {
        "precision": 0.591254752851711,
        "recall": 0.6412371134020619,
        "f1": 0.6152324431256182,
        "edit_recall": 0.7879829695606255,
        "edit_precision": 0.7510357605025172,
        "edit_f1": 0.769065869370824,
        "confusion_matrix": {
            "tp": 311,
            "fn": 174,
            "fp": 215
        }
    },
    "editdistance": {
        "precision": 0.5931558935361216,
        "recall": 0.643298969072165,
        "f1": 0.6172106824925816,
        "edit_recall": 0.7876283184843249,
        "edit_precision": 0.7510674736140781,
        "edit_f1": 0.768913536189218,
        "confusion_matrix": {
            "tp": 312,
            "fn": 173,
            "fp": 214
        }
    },
    "cut": {
        "precision": 0.5931558935361216,
        "recall": 0.643298969072165,
        "f1": 0.6172106824925816,
        "edit_recall": 0.7872145165999348,
        "edit_precision": 0.750833579776375,
        "edit_f1": 0.7685937714733765,
        "confusion_matrix": {
            "tp": 312,
            "fn": 173,
            "fp": 214
        }
    },
    "remove": {
        "precision": 0.6195219123505976,
        "recall": 0.6412371134020619,
        "f1": 0.6301925025329281,
        "edit_recall": 0.7763490106953248,
        "edit_precision": 0.7689679560080428,
        "edit_f1": 0.7726408559103657,
        "confusion_matrix": {
            "tp": 311,
            "fn": 174,
            "fp": 191
        }
    }
}