{"precision": 0.29545454545454547, "recall": 0.087248322147651, "f1": 0.13471502590673576, "edit_recall": 0.17579262717149738, "edit_precision": 0.5456444356949836, "edit_f1": 0.26591444712089224}