{"precision": 0.28160919540229884, "recall": 0.3288590604026846, "f1": 0.30340557275541796, "edit_recall": 0.5512383702972451, "edit_precision": 0.48118932215751015, "edit_f1": 0.5138374719877367}