{
    "raw": {
        "precision": 0.8477218225419664,
        "recall": 0.8366863905325443,
        "f1": 0.8421679571173316,
        "edit_precision": 0.8884987372253393,
        "edit_recall": 0.8814115579575761,
        "edit_f1": 0.8849409581406957,
        "confusion_matrix": {
            "tp": 707,
            "fn": 138,
            "fp": 127
        },
        "ote_precision": 0.8477218225419664,
        "ote_recall": 0.8366863905325443,
        "ote_f1": 0.8421679571173316,
        "ote_edit_precision": 0.8814115579575761,
        "ote_edit_recall": 0.8884987372253393,
        "ote_edit_f1": 0.8849409581406957
    },
    "editdistance": {
        "precision": 0.8513189448441247,
        "recall": 0.8402366863905325,
        "f1": 0.8457415128052413,
        "edit_precision": 0.8882403724885575,
        "edit_recall": 0.8812453139451781,
        "edit_f1": 0.8847290169270028,
        "confusion_matrix": {
            "tp": 710,
            "fn": 135,
            "fp": 124
        },
        "ote_precision": 0.8513189448441247,
        "ote_recall": 0.8402366863905325,
        "ote_f1": 0.8457415128052413,
        "ote_edit_precision": 0.8812453139451781,
        "ote_edit_recall": 0.8882403724885575,
        "ote_edit_f1": 0.8847290169270028
    },
    "cut": {
        "precision": 0.8489208633093526,
        "recall": 0.8378698224852071,
        "f1": 0.843359142346635,
        "edit_precision": 0.8876311959642306,
        "edit_recall": 0.8807029076335412,
        "edit_f1": 0.8841534793695878,
        "confusion_matrix": {
            "tp": 708,
            "fn": 137,
            "fp": 126
        },
        "ote_precision": 0.8489208633093526,
        "ote_recall": 0.8378698224852071,
        "ote_f1": 0.843359142346635,
        "ote_edit_precision": 0.8807029076335412,
        "ote_edit_recall": 0.8876311959642306,
        "ote_edit_f1": 0.8841534793695878
    },
    "remove": {
        "precision": 0.8580097087378641,
        "recall": 0.8366863905325443,
        "f1": 0.8472139005392452,
        "edit_precision": 0.8918749643876903,
        "edit_recall": 0.8746359404127277,
        "edit_f1": 0.8831713363195209,
        "confusion_matrix": {
            "tp": 707,
            "fn": 138,
            "fp": 117
        },
        "ote_precision": 0.8580097087378641,
        "ote_recall": 0.8366863905325443,
        "ote_f1": 0.8472139005392452,
        "ote_edit_precision": 0.8746359404127277,
        "ote_edit_recall": 0.8918749643876903,
        "ote_edit_f1": 0.8831713363195209
    }
}