{
    "raw": {
        "precision": 0.8,
        "recall": 0.8018867924528302,
        "f1": 0.800942285041225,
        "edit_recall": 0.8415960877070168,
        "edit_precision": 0.8411523440146386,
        "edit_f1": 0.8413741573528353,
        "confusion_matrix": {
            "tp": 680,
            "fn": 168,
            "fp": 170
        }
    },
    "editdistance": {
        "precision": 0.8035294117647059,
        "recall": 0.8054245283018868,
        "f1": 0.8044758539458187,
        "edit_recall": 0.84141948888655,
        "edit_precision": 0.8410055724855144,
        "edit_f1": 0.8412124797694146,
        "confusion_matrix": {
            "tp": 683,
            "fn": 165,
            "fp": 167
        }
    },
    "cut": {
        "precision": 0.8,
        "recall": 0.8018867924528302,
        "f1": 0.800942285041225,
        "edit_recall": 0.8409148645646394,
        "edit_precision": 0.8404906509211115,
        "edit_f1": 0.840702704228951,
        "confusion_matrix": {
            "tp": 680,
            "fn": 168,
            "fp": 170
        }
    },
    "remove": {
        "precision": 0.8076009501187649,
        "recall": 0.8018867924528302,
        "f1": 0.804733727810651,
        "edit_recall": 0.8360598940326431,
        "edit_precision": 0.8429946661045695,
        "edit_f1": 0.8395129591927898,
        "confusion_matrix": {
            "tp": 680,
            "fn": 168,
            "fp": 162
        }
    }
}