{"raw": {"precision": 0.6222222222222222, "recall": 0.6350515463917525, "f1": 0.6285714285714286, "edit_precision": 0.7662759979207103, "edit_recall": 0.7680974868622936, "edit_f1": 0.767185661226454, "confusion_matrix": {"tp": 308, "fn": 177, "fp": 187}, "aste_precision": 0.6222222222222222, "aste_recall": 0.6350515463917525, "aste_f1": 0.6285714285714286, "aste_edit_precision": 0.7680974868622936, "aste_edit_recall": 0.7662759979207103, "aste_edit_f1": 0.767185661226454, "aste_confusion_matrix": {"tp": 308, "fn": 177, "fp": 187}}, "editdistance": {"precision": 0.6282828282828283, "recall": 0.6412371134020619, "f1": 0.6346938775510204, "edit_precision": 0.7663004309275996, "edit_recall": 0.7680963791498457, "edit_f1": 0.7671973539970379, "confusion_matrix": {"tp": 311, "fn": 174, "fp": 184}, "aste_precision": 0.6282828282828283, "aste_recall": 0.6412371134020619, "aste_f1": 0.6346938775510204, "aste_edit_precision": 0.7680963791498457, "aste_edit_recall": 0.7663004309275996, "aste_edit_f1": 0.7671973539970379, "aste_confusion_matrix": {"tp": 311, "fn": 174, "fp": 184}}, "cut": {"precision": 0.6222222222222222, "recall": 0.6350515463917525, "f1": 0.6285714285714286, "edit_precision": 0.7650491776029812, "edit_recall": 0.7667404040825305, "edit_f1": 0.7658938572135423, "confusion_matrix": {"tp": 308, "fn": 177, "fp": 187}, "aste_precision": 0.6222222222222222, "aste_recall": 0.6350515463917525, "aste_f1": 0.6285714285714286, "aste_edit_precision": 0.7667404040825305, "aste_edit_recall": 0.7650491776029812, "aste_edit_f1": 0.7658938572135423, "aste_confusion_matrix": {"tp": 308, "fn": 177, "fp": 187}}, "remove": {"precision": 0.6470588235294118, "recall": 0.6350515463917525, "f1": 0.6409989594172737, "edit_precision": 0.7805087396980941, "edit_recall": 0.7560672582135085, "edit_f1": 0.7680936102571709, "confusion_matrix": {"tp": 308, "fn": 177, "fp": 168}, "aste_precision": 0.6470588235294118, "aste_recall": 0.6350515463917525, "aste_f1": 0.6409989594172737, "aste_edit_precision": 0.7560672582135085, "aste_edit_recall": 0.7805087396980941, "aste_edit_f1": 0.7680936102571709, "aste_confusion_matrix": {"tp": 308, "fn": 177, "fp": 168}}}