{"raw": {"precision": 0.2465277777777778, "recall": 0.21981424148606812, "f1": 0.2324058919803601, "edit_precision": 0.48485339413083156, "edit_recall": 0.4690677556136833, "edit_f1": 0.4768299632470404, "confusion_matrix": {"tp": 71, "fn": 252, "fp": 217}, "aste_precision": 0.2465277777777778, "aste_recall": 0.21981424148606812, "aste_f1": 0.2324058919803601, "aste_edit_precision": 0.4690677556136833, "aste_edit_recall": 0.48485339413083156, "aste_edit_f1": 0.4768299632470404, "aste_confusion_matrix": {"tp": 71, "fn": 252, "fp": 217}}, "editdistance": {"precision": 0.2534722222222222, "recall": 0.2260061919504644, "f1": 0.23895253682487724, "edit_precision": 0.4870248689672148, "edit_recall": 0.471260217897659, "edit_f1": 0.4790128720920647, "confusion_matrix": {"tp": 73, "fn": 250, "fp": 215}, "aste_precision": 0.2534722222222222, "aste_recall": 0.2260061919504644, "aste_f1": 0.23895253682487724, "aste_edit_precision": 0.471260217897659, "aste_edit_recall": 0.4870248689672148, "aste_edit_f1": 0.4790128720920647, "aste_confusion_matrix": {"tp": 73, "fn": 250, "fp": 215}}, "cut": {"precision": 0.25, "recall": 0.22291021671826625, "f1": 0.23567921440261863, "edit_precision": 0.48505113982240317, "edit_recall": 0.4698492229865295, "edit_f1": 0.4773291749180906, "confusion_matrix": {"tp": 72, "fn": 251, "fp": 216}, "aste_precision": 0.25, "aste_recall": 0.22291021671826625, "aste_f1": 0.23567921440261863, "aste_edit_precision": 0.4698492229865295, "aste_edit_recall": 0.48505113982240317, "aste_edit_f1": 0.4773291749180906, "aste_confusion_matrix": {"tp": 72, "fn": 251, "fp": 216}}, "remove": {"precision": 0.26296296296296295, "recall": 0.21981424148606812, "f1": 0.239460370994941, "edit_precision": 0.4946460330425561, "edit_recall": 0.44376752525017, "edit_f1": 0.46782752448177284, "confusion_matrix": {"tp": 71, "fn": 252, "fp": 199}, "aste_precision": 0.26296296296296295, "aste_recall": 0.21981424148606812, "aste_f1": 0.239460370994941, "aste_edit_precision": 0.44376752525017, "aste_edit_recall": 0.4946460330425561, "aste_edit_f1": 0.46782752448177284, "aste_confusion_matrix": {"tp": 71, "fn": 252, "fp": 199}}}