{"raw": {"precision": 0.614307731826355, "recall": 0.6157312049433573, "f1": 0.6150186447216149, "edit_precision": 0.7583056215153756, "edit_recall": 0.7705263291067291, "edit_f1": 0.7643671322403758, "confusion_matrix": {"tp": 4783, "fn": 2985, "fp": 3003}, "uabsa_precision": 0.6768525592055004, "uabsa_recall": 0.6965408805031447, "uabsa_f1": 0.6865555986051918, "uabsa_edit_precision": 0.7611987938967112, "uabsa_edit_recall": 0.7339427694432271, "uabsa_edit_f1": 0.7473223467099547, "uabsa_confusion_matrix": {"tp": 886, "fn": 386, "fp": 423}, "ate_precision": 0.6994404476418865, "ate_recall": 0.7016840417000801, "ate_f1": 0.7005604483586869, "ate_edit_precision": 0.7730633134964048, "ate_edit_recall": 0.7624448411295768, "ate_edit_f1": 0.7677173624459727, "ate_confusion_matrix": {"tp": 875, "fn": 372, "fp": 376}, "ote_precision": 0.696061140505585, "ote_recall": 0.6863768115942029, "ote_f1": 0.6911850554582605, "ote_edit_precision": 0.7884641595062566, "ote_edit_recall": 0.7899517953596396, "ote_edit_f1": 0.789207276394535, "ote_confusion_matrix": {"tp": 1184, "fn": 541, "fp": 517}, "aope_precision": 0.5260180995475113, "aope_recall": 0.5278093076049943, "aope_f1": 0.5269121813031162, "aope_edit_precision": 0.7747127965135204, "aope_edit_recall": 0.7635770381352327, "aope_edit_f1": 0.7691046111636433, "aope_confusion_matrix": {"tp": 930, "fn": 832, "fp": 838}, "aste_precision": 0.5167899829254411, "aste_recall": 0.5153234960272418, "aste_f1": 0.5160556976413755, "aste_edit_precision": 0.7537168468384391, "aste_edit_recall": 0.7375673194846897, "aste_edit_f1": 0.7455546393196597, "aste_confusion_matrix": {"tp": 908, "fn": 854, "fp": 849}}, "editdistance": {"precision": 0.6195735936295915, "recall": 0.6210092687950567, "f1": 0.6202906004886203, "edit_precision": 0.7590758540931981, "edit_recall": 0.7711269294868963, "edit_f1": 0.7650539378121487, "confusion_matrix": {"tp": 4824, "fn": 2944, "fp": 2962}, "uabsa_precision": 0.680672268907563, "uabsa_recall": 0.7004716981132075, "uabsa_f1": 0.6904300658659435, "uabsa_edit_precision": 0.7619368857315012, "uabsa_edit_recall": 0.7346822112254497, "uabsa_edit_f1": 0.7480613833695507, "uabsa_confusion_matrix": {"tp": 891, "fn": 381, "fp": 418}, "ate_precision": 0.7026378896882494, "ate_recall": 0.7048917401764234, "ate_f1": 0.7037630104083267, "ate_edit_precision": 0.7735081907255643, "ate_edit_recall": 0.7629666459079764, "ate_edit_f1": 0.7682012562643592, "ate_confusion_matrix": {"tp": 879, "fn": 368, "fp": 372}, "ote_precision": 0.7007642563198119, "ote_recall": 0.6910144927536231, "ote_f1": 0.6958552247518972, "ote_edit_precision": 0.789043446184704, "ote_edit_recall": 0.7908115269659907, "ote_edit_f1": 0.7899264972093288, "ote_confusion_matrix": {"tp": 1192, "fn": 533, "fp": 509}, "aope_precision": 0.5345022624434389, "aope_recall": 0.536322360953462, "aope_f1": 0.5354107648725213, "aope_edit_precision": 0.7753423007531506, "aope_edit_recall": 0.7644073907480553, "aope_edit_f1": 0.7698360172781962, "aope_confusion_matrix": {"tp": 945, "fn": 817, "fp": 823}, "aste_precision": 0.5219123505976095, "aste_recall": 0.5204313280363224, "aste_f1": 0.5211707871554419, "aste_edit_precision": 0.754320361619354, "aste_edit_recall": 0.7383902317774279, "aste_edit_f1": 0.7462702939396836, "aste_confusion_matrix": {"tp": 917, "fn": 845, "fp": 840}}, "cut": {"precision": 0.6144361674800924, "recall": 0.615859938208033, "f1": 0.6151472290086152, "edit_precision": 0.7567899736978814, "edit_recall": 0.7691535222906469, "edit_f1": 0.7629216618232468, "confusion_matrix": {"tp": 4784, "fn": 2984, "fp": 3002}, "uabsa_precision": 0.6768525592055004, "uabsa_recall": 0.6965408805031447, "uabsa_f1": 0.6865555986051918, "uabsa_edit_precision": 0.759932665065724, "uabsa_edit_recall": 0.7330333730506375, "uabsa_edit_f1": 0.7462406920753694, "uabsa_confusion_matrix": {"tp": 886, "fn": 386, "fp": 423}, "ate_precision": 0.6994404476418865, "ate_recall": 0.7016840417000801, "ate_f1": 0.7005604483586869, "ate_edit_precision": 0.7713355738476547, "ate_edit_recall": 0.7610081117252214, "ate_edit_f1": 0.766137041039645, "ate_confusion_matrix": {"tp": 875, "fn": 372, "fp": 376}, "ote_precision": 0.6966490299823633, "ote_recall": 0.6869565217391305, "ote_f1": 0.6917688266199651, "ote_edit_precision": 0.7868950975741159, "ote_edit_recall": 0.7883626446315738, "ote_edit_f1": 0.7876281875022162, "ote_confusion_matrix": {"tp": 1185, "fn": 540, "fp": 516}, "aope_precision": 0.5260180995475113, "aope_recall": 0.5278093076049943, "aope_f1": 0.5269121813031162, "aope_edit_precision": 0.773242408304599, "aope_edit_recall": 0.7616438558170044, "aope_edit_f1": 0.7673993091330213, "aope_confusion_matrix": {"tp": 930, "fn": 832, "fp": 838}, "aste_precision": 0.5167899829254411, "aste_recall": 0.5153234960272418, "aste_f1": 0.5160556976413755, "aste_edit_precision": 0.7528079363530499, "aste_edit_recall": 0.7360351203855457, "aste_edit_f1": 0.7443270498565336, "aste_confusion_matrix": {"tp": 908, "fn": 854, "fp": 849}}, "remove": {"precision": 0.6247387669801463, "recall": 0.6157312049433573, "f1": 0.6202022821576764, "edit_precision": 0.7617821996329347, "edit_recall": 0.7645936234847164, "edit_f1": 0.7631853223851912, "confusion_matrix": {"tp": 4783, "fn": 2985, "fp": 2873}, "uabsa_precision": 0.6852281515854601, "uabsa_recall": 0.6965408805031447, "uabsa_f1": 0.6908382066276803, "uabsa_edit_precision": 0.7571732155049772, "uabsa_edit_recall": 0.7384861537085816, "uabsa_edit_f1": 0.7477129446973555, "uabsa_confusion_matrix": {"tp": 886, "fn": 386, "fp": 407}, "ate_precision": 0.7067851373182552, "ate_recall": 0.7016840417000801, "ate_f1": 0.7042253521126759, "ate_edit_precision": 0.7684666372156278, "ate_edit_recall": 0.765602106361076, "ate_edit_f1": 0.76703169735246, "ate_confusion_matrix": {"tp": 875, "fn": 372, "fp": 363}, "ote_precision": 0.7035056446821153, "ote_recall": 0.6863768115942029, "ote_f1": 0.6948356807511737, "ote_edit_precision": 0.7846025346943468, "ote_edit_recall": 0.7918296654859035, "ote_edit_f1": 0.7881995337514421, "ote_confusion_matrix": {"tp": 1184, "fn": 541, "fp": 499}, "aope_precision": 0.5388180764774044, "aope_recall": 0.5278093076049943, "aope_f1": 0.533256880733945, "aope_edit_precision": 0.7653014363980393, "aope_edit_recall": 0.766484433690261, "aope_edit_f1": 0.765892478230107, "aope_confusion_matrix": {"tp": 930, "fn": 832, "fp": 796}, "aste_precision": 0.5291375291375291, "aste_recall": 0.5153234960272418, "aste_f1": 0.5221391604370328, "aste_edit_precision": 0.7469129042099731, "aste_edit_recall": 0.7423805690019696, "aste_edit_f1": 0.744639840026215, "aste_confusion_matrix": {"tp": 908, "fn": 854, "fp": 808}}}