{"raw": {"precision": 0.8497512437810946, "recall": 0.7455259711916193, "f1": 0.794233899093234, "edit_precision": 0.9231488511268596, "edit_recall": 0.8392971560761955, "edit_f1": 0.8792283022790093, "confusion_matrix": {"tp": 1708, "fn": 583, "fp": 302}, "aste_precision": 0.8497512437810946, "aste_recall": 0.7455259711916193, "aste_f1": 0.794233899093234, "aste_edit_precision": 0.8392971560761955, "aste_edit_recall": 0.9231488511268596, "aste_edit_f1": 0.8792283022790093, "aste_confusion_matrix": {"tp": 1708, "fn": 583, "fp": 302}}, "editdistance": {"precision": 0.8517412935323383, "recall": 0.7472719336534265, "f1": 0.7960939316438038, "edit_precision": 0.9234708159549293, "edit_recall": 0.8395205225701953, "edit_f1": 0.8794968926363314, "confusion_matrix": {"tp": 1712, "fn": 579, "fp": 298}, "aste_precision": 0.8517412935323383, "aste_recall": 0.7472719336534265, "aste_f1": 0.7960939316438038, "aste_edit_precision": 0.8395205225701953, "aste_edit_recall": 0.9234708159549293, "aste_edit_f1": 0.8794968926363314, "aste_confusion_matrix": {"tp": 1712, "fn": 579, "fp": 298}}, "cut": {"precision": 0.8497512437810946, "recall": 0.7455259711916193, "f1": 0.794233899093234, "edit_precision": 0.9226870439002508, "edit_recall": 0.8388515111942776, "edit_f1": 0.8787743179354613, "confusion_matrix": {"tp": 1708, "fn": 583, "fp": 302}, "aste_precision": 0.8497512437810946, "aste_recall": 0.7455259711916193, "aste_f1": 0.794233899093234, "aste_edit_precision": 0.8388515111942776, "aste_edit_recall": 0.9226870439002508, "aste_edit_f1": 0.8787743179354613, "aste_confusion_matrix": {"tp": 1708, "fn": 583, "fp": 302}}, "remove": {"precision": 0.8569994982438535, "recall": 0.7455259711916193, "f1": 0.7973856209150327, "edit_precision": 0.9263260005735866, "edit_recall": 0.8367337102635626, "edit_f1": 0.8792534780407533, "confusion_matrix": {"tp": 1708, "fn": 583, "fp": 285}, "aste_precision": 0.8569994982438535, "aste_recall": 0.7455259711916193, "aste_f1": 0.7973856209150327, "aste_edit_precision": 0.8367337102635626, "aste_edit_recall": 0.9263260005735866, "aste_edit_f1": 0.8792534780407533, "aste_confusion_matrix": {"tp": 1708, "fn": 583, "fp": 285}}}