{
    "raw": {
        "precision": 0.6372549019607843,
        "recall": 0.600739371534196,
        "f1": 0.6184586108468126,
        "edit_recall": 0.7260299325858354,
        "edit_precision": 0.7543679865163151,
        "edit_f1": 0.7399277333860677,
        "confusion_matrix": {
            "tp": 325,
            "fn": 216,
            "fp": 185
        }
    },
    "editdistance": {
        "precision": 0.6392156862745098,
        "recall": 0.6025878003696857,
        "f1": 0.6203615604186488,
        "edit_recall": 0.7262578264828607,
        "edit_precision": 0.7550424699849163,
        "edit_f1": 0.7403704764807956,
        "confusion_matrix": {
            "tp": 326,
            "fn": 215,
            "fp": 184
        }
    },
    "cut": {
        "precision": 0.6372549019607843,
        "recall": 0.600739371534196,
        "f1": 0.6184586108468126,
        "edit_recall": 0.7256744655020874,
        "edit_precision": 0.7539909126098294,
        "edit_f1": 0.739561742263303,
        "confusion_matrix": {
            "tp": 325,
            "fn": 216,
            "fp": 185
        }
    },
    "remove": {
        "precision": 0.6526104417670683,
        "recall": 0.600739371534196,
        "f1": 0.6256015399422522,
        "edit_recall": 0.7218304839547787,
        "edit_precision": 0.7659257648126074,
        "edit_f1": 0.7432246592090241,
        "confusion_matrix": {
            "tp": 325,
            "fn": 216,
            "fp": 173
        }
    }
}