{"raw": {"precision": 0.5148625911385306, "recall": 0.5209988649262202, "f1": 0.5179125528913964, "edit_recall": 0.7556078965040317, "edit_precision": 0.7324663924951753, "edit_f1": 0.7438572041526226}, "editdistance": {"precision": 0.5215928210880538, "recall": 0.5278093076049943, "f1": 0.5246826516220028, "edit_recall": 0.7564114508954108, "edit_precision": 0.7331593175812826, "edit_f1": 0.7446039018559383}, "cut": {"precision": 0.5215928210880538, "recall": 0.5278093076049943, "f1": 0.5246826516220028, "edit_recall": 0.7564114508954108, "edit_precision": 0.7331593175812826, "edit_f1": 0.7446039018559383}, "remove": {"precision": 0.5148625911385306, "recall": 0.5209988649262202, "f1": 0.5179125528913964, "edit_recall": 0.7556078965040317, "edit_precision": 0.7324663924951753, "edit_f1": 0.7438572041526226}}