{"global": 5.345510244369507, "concept": 1.1010363101959229, "sentiment_marker": 0.8082799911499023, "relation": 1.2418076992034912, "n_data": 492, "n_data_relation": 730}