{"raw": {"precision": 0.20249221183800623, "recall": 0.20123839009287925, "f1": 0.20186335403726705, "edit_recall": 0.5011489657151957, "edit_precision": 0.47271816912096243, "edit_f1": 0.48651856717519754}, "editdistance": {"precision": 0.205607476635514, "recall": 0.2043343653250774, "f1": 0.20496894409937888, "edit_recall": 0.501946054872217, "edit_precision": 0.47369329483209466, "edit_f1": 0.487410600305231}, "cut": {"precision": 0.205607476635514, "recall": 0.2043343653250774, "f1": 0.20496894409937888, "edit_recall": 0.501946054872217, "edit_precision": 0.47369329483209466, "edit_f1": 0.487410600305231}, "remove": {"precision": 0.20249221183800623, "recall": 0.20123839009287925, "f1": 0.20186335403726705, "edit_recall": 0.5011489657151957, "edit_precision": 0.47271816912096243, "edit_f1": 0.48651856717519754}}