{"raw": {"precision": 0.23003194888178913, "recall": 0.22291021671826625, "f1": 0.22641509433962262, "edit_recall": 0.5053741701612751, "edit_precision": 0.4837492775613308, "edit_f1": 0.49432533477304713}, "editdistance": {"precision": 0.23322683706070288, "recall": 0.2260061919504644, "f1": 0.229559748427673, "edit_recall": 0.5057424162217109, "edit_precision": 0.48367216207571684, "edit_f1": 0.494461135448964}, "cut": {"precision": 0.23322683706070288, "recall": 0.2260061919504644, "f1": 0.229559748427673, "edit_recall": 0.5057424162217109, "edit_precision": 0.48367216207571684, "edit_f1": 0.494461135448964}, "remove": {"precision": 0.23003194888178913, "recall": 0.22291021671826625, "f1": 0.22641509433962262, "edit_recall": 0.5053741701612751, "edit_precision": 0.4837492775613308, "edit_f1": 0.49432533477304713}}