{"raw": {"precision": 0.2435064935064935, "recall": 0.23219814241486067, "f1": 0.2377179080824089, "edit_recall": 0.5056081586608094, "edit_precision": 0.5055596081983788, "edit_f1": 0.5055838822640372}, "editdistance": {"precision": 0.24675324675324675, "recall": 0.23529411764705882, "f1": 0.2408874801901743, "edit_recall": 0.5053530478858851, "edit_precision": 0.5053732420285716, "edit_f1": 0.5053631447554905}, "cut": {"precision": 0.24675324675324675, "recall": 0.23529411764705882, "f1": 0.2408874801901743, "edit_recall": 0.5053530478858851, "edit_precision": 0.5053732420285716, "edit_f1": 0.5053631447554905}, "remove": {"precision": 0.2435064935064935, "recall": 0.23219814241486067, "f1": 0.2377179080824089, "edit_recall": 0.5056081586608094, "edit_precision": 0.5055596081983788, "edit_f1": 0.5055838822640372}}