{"raw": {"precision": 0.22483221476510068, "recall": 0.20743034055727555, "f1": 0.21578099838969406, "edit_recall": 0.4843727137693371, "edit_precision": 0.4976569307457444, "edit_f1": 0.49092497241356614}, "editdistance": {"precision": 0.22818791946308725, "recall": 0.21052631578947367, "f1": 0.21900161030595813, "edit_recall": 0.4848558928709372, "edit_precision": 0.49816141321331414, "edit_f1": 0.49141860535400994}, "cut": {"precision": 0.22818791946308725, "recall": 0.21052631578947367, "f1": 0.21900161030595813, "edit_recall": 0.4848558928709372, "edit_precision": 0.49816141321331414, "edit_f1": 0.49141860535400994}, "remove": {"precision": 0.22483221476510068, "recall": 0.20743034055727555, "f1": 0.21578099838969406, "edit_recall": 0.4843727137693371, "edit_precision": 0.4976569307457444, "edit_f1": 0.49092497241356614}}