{"raw": {"precision": 0.6918714555765595, "recall": 0.7120622568093385, "f1": 0.7018216682646212, "edit_precision": 0.8000039540147831, "edit_recall": 0.8252971892769019, "edit_f1": 0.8124537626567313, "confusion_matrix": {"tp": 366, "fn": 148, "fp": 163}, "aste_precision": 0.6918714555765595, "aste_recall": 0.7120622568093385, "aste_f1": 0.7018216682646212, "aste_edit_precision": 0.8252971892769019, "aste_edit_recall": 0.8000039540147831, "aste_edit_f1": 0.8124537626567313, "aste_confusion_matrix": {"tp": 366, "fn": 148, "fp": 163}}, "editdistance": {"precision": 0.6918714555765595, "recall": 0.7120622568093385, "f1": 0.7018216682646212, "edit_precision": 0.7986793898475911, "edit_recall": 0.8242029541238145, "edit_f1": 0.8112404635561045, "confusion_matrix": {"tp": 366, "fn": 148, "fp": 163}, "aste_precision": 0.6918714555765595, "aste_recall": 0.7120622568093385, "aste_f1": 0.7018216682646212, "aste_edit_precision": 0.8242029541238145, "aste_edit_recall": 0.7986793898475911, "aste_edit_f1": 0.8112404635561045, "aste_confusion_matrix": {"tp": 366, "fn": 148, "fp": 163}}, "cut": {"precision": 0.6918714555765595, "recall": 0.7120622568093385, "f1": 0.7018216682646212, "edit_precision": 0.8010475898055832, "edit_recall": 0.8253464064345821, "edit_f1": 0.8130154822970612, "confusion_matrix": {"tp": 366, "fn": 148, "fp": 163}, "aste_precision": 0.6918714555765595, "aste_recall": 0.7120622568093385, "aste_f1": 0.7018216682646212, "aste_edit_precision": 0.8253464064345821, "aste_edit_recall": 0.8010475898055832, "aste_edit_f1": 0.8130154822970612, "aste_confusion_matrix": {"tp": 366, "fn": 148, "fp": 163}}, "remove": {"precision": 0.7038461538461539, "recall": 0.7120622568093385, "f1": 0.7079303675048357, "edit_precision": 0.8025615206897182, "edit_recall": 0.8143839469312666, "edit_f1": 0.8084295135024994, "confusion_matrix": {"tp": 366, "fn": 148, "fp": 154}, "aste_precision": 0.7038461538461539, "aste_recall": 0.7120622568093385, "aste_f1": 0.7079303675048357, "aste_edit_precision": 0.8143839469312666, "aste_edit_recall": 0.8025615206897182, "aste_edit_f1": 0.8084295135024994, "aste_confusion_matrix": {"tp": 366, "fn": 148, "fp": 154}}}