{"recall": 0.2994350282485876, "precision": 0.3096774193548387, "f1_score": 0.30447010950870684}