{"raw": {"precision": 0.728051391862955, "recall": 0.6841046277665996, "f1": 0.7053941908713693, "edit_precision": 0.8286762152221265, "edit_recall": 0.8042038712601539, "edit_f1": 0.8162566569582309, "confusion_matrix": {"tp": 680, "fn": 314, "fp": 254}, "aste_precision": 0.728051391862955, "aste_recall": 0.6841046277665996, "aste_f1": 0.7053941908713693, "aste_edit_precision": 0.8042038712601539, "aste_edit_recall": 0.8286762152221265, "aste_edit_f1": 0.8162566569582309, "aste_confusion_matrix": {"tp": 680, "fn": 314, "fp": 254}}, "editdistance": {"precision": 0.7387580299785867, "recall": 0.6941649899396378, "f1": 0.7157676348547718, "edit_precision": 0.8296400495973634, "edit_recall": 0.8048294368693713, "edit_f1": 0.8170464354952801, "confusion_matrix": {"tp": 690, "fn": 304, "fp": 244}, "aste_precision": 0.7387580299785867, "aste_recall": 0.6941649899396378, "aste_f1": 0.7157676348547718, "aste_edit_precision": 0.8048294368693713, "aste_edit_recall": 0.8296400495973634, "aste_edit_f1": 0.8170464354952801, "aste_confusion_matrix": {"tp": 690, "fn": 304, "fp": 244}}, "cut": {"precision": 0.728051391862955, "recall": 0.6841046277665996, "f1": 0.7053941908713693, "edit_precision": 0.8271812322429357, "edit_recall": 0.8027530559568156, "edit_f1": 0.8147840889298036, "confusion_matrix": {"tp": 680, "fn": 314, "fp": 254}, "aste_precision": 0.728051391862955, "aste_recall": 0.6841046277665996, "aste_f1": 0.7053941908713693, "aste_edit_precision": 0.8027530559568156, "aste_edit_recall": 0.8271812322429357, "aste_edit_f1": 0.8147840889298036, "aste_confusion_matrix": {"tp": 680, "fn": 314, "fp": 254}}, "remove": {"precision": 0.7447973713033954, "recall": 0.6841046277665996, "f1": 0.713162034609334, "edit_precision": 0.8302256894769284, "edit_recall": 0.7911874002429388, "edit_f1": 0.810236588117886, "confusion_matrix": {"tp": 680, "fn": 314, "fp": 233}, "aste_precision": 0.7447973713033954, "aste_recall": 0.6841046277665996, "aste_f1": 0.713162034609334, "aste_edit_precision": 0.7911874002429388, "aste_edit_recall": 0.8302256894769284, "aste_edit_f1": 0.810236588117886, "aste_confusion_matrix": {"tp": 680, "fn": 314, "fp": 233}}}