{"recall": 0.7748246585455888, "precision": 0.8229533881707795, "f1_score": 0.7981641496436858}