{"recall": 0.7825765965300849, "precision": 0.83046875, "f1_score": 0.8058117018193481}