{"recall": 0.7788851974898486, "precision": 0.8288854003139717, "f1_score": 0.8031078184933654}