Dataset,Score
aste_data_v2_14lap,0.19305019305019303
aste_data_v2_14res,0.25109306683322924
aste_data_v2_15res,0.143928035982009
aste_data_v2_16res,0.24742268041237114
hotel_id_v2,0.2789551503203549
