{"global": 3.0523345470428467, "concept": 0.7687807083129883, "sentiment_marker": 0.6571216583251953, "relation": 0.5502603054046631, "n_data": 322, "n_data_relation": 321}