{"raw": {"precision": 0.2241977310309823, "recall": 0.21609907120743035, "f1": 0.2200372182396893, "edit_recall": 0.49392951761081993, "edit_precision": 0.48570734782864156, "edit_f1": 0.4896682301652479}, "editdistance": {"precision": 0.22803811485043468, "recall": 0.21981424148606812, "f1": 0.2238133537965245, "edit_recall": 0.49441710187442034, "edit_precision": 0.4860675708861952, "edit_f1": 0.4900908897523054}, "cut": {"precision": 0.22803811485043468, "recall": 0.21981424148606812, "f1": 0.2238133537965245, "edit_recall": 0.49441710187442034, "edit_precision": 0.4860675708861952, "edit_f1": 0.4900908897523054}, "remove": {"precision": 0.2241977310309823, "recall": 0.21609907120743035, "f1": 0.2200372182396893, "edit_recall": 0.49392951761081993, "edit_precision": 0.48570734782864156, "edit_f1": 0.4896682301652479}}