{"raw": {"precision": 0.6221069938029594, "recall": 0.6332389289392379, "f1": 0.6276236044657098, "edit_precision": 0.7589549645642547, "edit_recall": 0.7830811683132561, "edit_f1": 0.7708293310080714, "confusion_matrix": {"tp": 4919, "fn": 2849, "fp": 2988}, "aste_precision": 0.527363184079602, "aste_recall": 0.5414301929625426, "aste_f1": 0.5343041164939795, "aste_edit_precision": 0.7744363142141981, "aste_edit_recall": 0.7387570248686166, "aste_edit_f1": 0.756176032054007, "aste_confusion_matrix": {"tp": 954, "fn": 808, "fp": 855}, "aope_precision": 0.5390189520624303, "aope_recall": 0.5488081725312145, "aope_f1": 0.5438695163104612, "aope_edit_precision": 0.7874258083281391, "aope_edit_recall": 0.7624151144185993, "aope_edit_f1": 0.7747186552393798, "aope_confusion_matrix": {"tp": 967, "fn": 795, "fp": 827}, "uabsa_precision": 0.6999232540291634, "uabsa_recall": 0.7169811320754716, "uabsa_f1": 0.7083495145631067, "uabsa_edit_precision": 0.7775043816174193, "uabsa_edit_recall": 0.7510796475725621, "uabsa_edit_f1": 0.7640636115252191, "uabsa_confusion_matrix": {"tp": 912, "fn": 360, "fp": 391}, "ate_precision": 0.7046714172604909, "ate_recall": 0.7137129109863672, "ate_f1": 0.7091633466135457, "ate_edit_precision": 0.7815689301554428, "ate_edit_recall": 0.761151644397132, "ate_edit_f1": 0.7712251799974279, "ate_confusion_matrix": {"tp": 890, "fn": 357, "fp": 373}, "ote_precision": 0.6881472957422324, "ote_recall": 0.6933333333333334, "ote_f1": 0.6907305804215998, "ote_edit_precision": 0.7926790876617915, "ote_edit_recall": 0.7807142830233799, "ote_edit_f1": 0.7866511924122408, "ote_confusion_matrix": {"tp": 1196, "fn": 529, "fp": 542}}, "editdistance": {"precision": 0.626659921588466, "recall": 0.6378733264675592, "f1": 0.6322169059011165, "edit_precision": 0.7596143880128815, "edit_recall": 0.7837545440487972, "edit_f1": 0.7714956754178717, "confusion_matrix": {"tp": 4955, "fn": 2813, "fp": 2952}, "aste_precision": 0.5334438916528469, "aste_recall": 0.5476730987514189, "aste_f1": 0.5404648557826939, "aste_edit_precision": 0.7752557021424111, "aste_edit_recall": 0.739561466975623, "aste_edit_f1": 0.7569880458794602, "aste_confusion_matrix": {"tp": 965, "fn": 797, "fp": 844}, "aope_precision": 0.5457079152731327, "aope_recall": 0.5556186152099887, "aope_f1": 0.5506186726659169, "aope_edit_precision": 0.7884287627206844, "aope_edit_recall": 0.763137803557881, "aope_edit_f1": 0.7755771583653682, "aope_confusion_matrix": {"tp": 979, "fn": 783, "fp": 815}, "uabsa_precision": 0.7022256331542595, "uabsa_recall": 0.7193396226415094, "uabsa_f1": 0.7106796116504854, "uabsa_edit_precision": 0.778146442028596, "uabsa_edit_recall": 0.7516934525387411, "uabsa_edit_f1": 0.7646912433992179, "uabsa_confusion_matrix": {"tp": 915, "fn": 357, "fp": 388}, "ate_precision": 0.7070467141726049, "ate_recall": 0.7161186848436247, "ate_f1": 0.7115537848605578, "ate_edit_precision": 0.7818545781165646, "ate_edit_recall": 0.7614776606782677, "ate_edit_f1": 0.7715315991839942, "ate_confusion_matrix": {"tp": 893, "fn": 354, "fp": 370}, "ote_precision": 0.692174913693901, "ote_recall": 0.697391304347826, "ote_f1": 0.6947733179324285, "ote_edit_precision": 0.7931700509626443, "ote_edit_recall": 0.7814339462494113, "ote_edit_f1": 0.7872582618461554, "ote_confusion_matrix": {"tp": 1203, "fn": 522, "fp": 535}}, "cut": {"precision": 0.6224864044517516, "recall": 0.6336251287332647, "f1": 0.628006379585327, "edit_precision": 0.7579630190196971, "edit_recall": 0.7819799183633399, "edit_f1": 0.7697841853058552, "confusion_matrix": {"tp": 4922, "fn": 2846, "fp": 2985}, "aste_precision": 0.5279159756771697, "aste_recall": 0.5419977298524404, "aste_f1": 0.5348641837020442, "aste_edit_precision": 0.7732645449106658, "aste_edit_recall": 0.7377008929753222, "aste_edit_f1": 0.755064187417631, "aste_confusion_matrix": {"tp": 955, "fn": 807, "fp": 854}, "aope_precision": 0.5390189520624303, "aope_recall": 0.5488081725312145, "aope_f1": 0.5438695163104612, "aope_edit_precision": 0.7853808795872376, "aope_edit_recall": 0.7607434389505154, "aope_edit_f1": 0.7728658608619988, "aope_confusion_matrix": {"tp": 967, "fn": 795, "fp": 827}, "uabsa_precision": 0.7006907137375288, "uabsa_recall": 0.7177672955974843, "uabsa_f1": 0.709126213592233, "uabsa_edit_precision": 0.7774120983076585, "uabsa_edit_recall": 0.7508927136921274, "uabsa_edit_f1": 0.763922321740894, "uabsa_confusion_matrix": {"tp": 913, "fn": 359, "fp": 390}, "ate_precision": 0.7046714172604909, "ate_recall": 0.7137129109863672, "ate_f1": 0.7091633466135457, "ate_edit_precision": 0.7811625321527084, "ate_edit_recall": 0.7607624955119755, "ate_edit_f1": 0.7708275651521282, "ate_confusion_matrix": {"tp": 890, "fn": 357, "fp": 373}, "ote_precision": 0.6887226697353279, "ote_recall": 0.6939130434782609, "ote_f1": 0.6913081143517182, "ote_edit_precision": 0.791367478979339, "ote_edit_recall": 0.7794491995090291, "ote_edit_f1": 0.7853631253794863, "ote_confusion_matrix": {"tp": 1197, "fn": 528, "fp": 541}}, "remove": {"precision": 0.6330759330759331, "recall": 0.6332389289392379, "f1": 0.6331574205174412, "edit_precision": 0.7632769982444906, "edit_recall": 0.7778258539375706, "edit_f1": 0.7704827515046204, "confusion_matrix": {"tp": 4919, "fn": 2849, "fp": 2851}, "aste_precision": 0.5414301929625426, "aste_recall": 0.5414301929625426, "aste_f1": 0.5414301929625426, "aste_edit_precision": 0.7663201257363633, "aste_edit_recall": 0.7439123333276653, "aste_edit_f1": 0.7549499938119376, "aste_confusion_matrix": {"tp": 954, "fn": 808, "fp": 808}, "aope_precision": 0.5535203205495135, "aope_recall": 0.5488081725312145, "aope_f1": 0.5511541749786264, "aope_edit_precision": 0.7791809444775895, "aope_edit_recall": 0.7671853635649454, "aope_edit_f1": 0.7731366275415182, "aope_confusion_matrix": {"tp": 967, "fn": 795, "fp": 780}, "uabsa_precision": 0.7075252133436772, "uabsa_recall": 0.7169811320754716, "uabsa_f1": 0.7122217883639202, "uabsa_edit_precision": 0.7753250322848096, "uabsa_edit_recall": 0.7561754394580773, "uabsa_edit_f1": 0.7656305144243413, "uabsa_confusion_matrix": {"tp": 912, "fn": 360, "fp": 377}, "ate_precision": 0.712, "ate_recall": 0.7137129109863672, "ate_f1": 0.7128554265118142, "ate_edit_precision": 0.7792852193610897, "ate_edit_recall": 0.7663385173866002, "ate_edit_f1": 0.7727576452508329, "ate_confusion_matrix": {"tp": 890, "fn": 357, "fp": 360}, "ote_precision": 0.6945412311265969, "ote_recall": 0.6933333333333334, "ote_f1": 0.6939367565999419, "ote_edit_precision": 0.7889833264118958, "ote_edit_recall": 0.7822198761287278, "ote_edit_f1": 0.7855870441908523, "ote_confusion_matrix": {"tp": 1196, "fn": 529, "fp": 526}}}