{"recall": 0.7486157253599114, "precision": 0.8284313725490197, "f1_score": 0.7865037812681792}