{"recall": 0.5982423101067169, "precision": 0.5973477998794454, "f1_score": 0.5977947203681373}