{"raw": {"precision": 0.2440677966101695, "recall": 0.22291021671826625, "f1": 0.23300970873786406, "edit_precision": 0.47778533800439293, "edit_recall": 0.47812260824659797, "edit_f1": 0.4779539136264523, "confusion_matrix": {"tp": 72, "fn": 251, "fp": 223}, "aste_precision": 0.2440677966101695, "aste_recall": 0.22291021671826625, "aste_f1": 0.23300970873786406, "aste_edit_precision": 0.47812260824659797, "aste_edit_recall": 0.47778533800439293, "aste_edit_f1": 0.4779539136264523, "aste_confusion_matrix": {"tp": 72, "fn": 251, "fp": 223}}, "editdistance": {"precision": 0.2440677966101695, "recall": 0.22291021671826625, "f1": 0.23300970873786406, "edit_precision": 0.47792641158262567, "edit_recall": 0.4785075069850548, "edit_f1": 0.4782167827573389, "confusion_matrix": {"tp": 72, "fn": 251, "fp": 223}, "aste_precision": 0.2440677966101695, "aste_recall": 0.22291021671826625, "aste_f1": 0.23300970873786406, "aste_edit_precision": 0.4785075069850548, "aste_edit_recall": 0.47792641158262567, "aste_edit_f1": 0.4782167827573389, "aste_confusion_matrix": {"tp": 72, "fn": 251, "fp": 223}}, "cut": {"precision": 0.2440677966101695, "recall": 0.22291021671826625, "f1": 0.23300970873786406, "edit_precision": 0.47635594152042177, "edit_recall": 0.4764918792246939, "edit_f1": 0.4764239006758051, "confusion_matrix": {"tp": 72, "fn": 251, "fp": 223}, "aste_precision": 0.2440677966101695, "aste_recall": 0.22291021671826625, "aste_f1": 0.23300970873786406, "aste_edit_precision": 0.4764918792246939, "aste_edit_recall": 0.47635594152042177, "aste_edit_f1": 0.4764239006758051, "aste_confusion_matrix": {"tp": 72, "fn": 251, "fp": 223}}, "remove": {"precision": 0.2589928057553957, "recall": 0.22291021671826625, "f1": 0.23960066555740434, "edit_precision": 0.4894120243575808, "edit_recall": 0.46551463418426936, "edit_f1": 0.4771643087901441, "confusion_matrix": {"tp": 72, "fn": 251, "fp": 206}, "aste_precision": 0.2589928057553957, "aste_recall": 0.22291021671826625, "aste_f1": 0.23960066555740434, "aste_edit_precision": 0.46551463418426936, "aste_edit_recall": 0.4894120243575808, "aste_edit_f1": 0.4771643087901441, "aste_confusion_matrix": {"tp": 72, "fn": 251, "fp": 206}}}