{"raw": {"precision": 0.6993464052287581, "recall": 0.7430555555555556, "f1": 0.7205387205387205, "edit_recall": 0.7896867122203196, "edit_precision": 0.7512921266701581, "edit_f1": 0.7700111052197722, "confusion_matrix": {"tp": 321, "fn": 111, "fp": 138}}, "editdistance": {"precision": 0.6993464052287581, "recall": 0.7430555555555556, "f1": 0.7205387205387205, "edit_recall": 0.7890052359260983, "edit_precision": 0.751161224636142, "edit_f1": 0.769618290540129, "confusion_matrix": {"tp": 321, "fn": 111, "fp": 138}}, "cut": {"precision": 0.7015250544662309, "recall": 0.7453703703703703, "f1": 0.7227833894500562, "edit_recall": 0.7901584286846832, "edit_precision": 0.7516811711768496, "edit_f1": 0.7704396918360408, "confusion_matrix": {"tp": 322, "fn": 110, "fp": 137}}, "remove": {"precision": 0.7086092715231788, "recall": 0.7430555555555556, "f1": 0.7254237288135592, "edit_recall": 0.7849500953513499, "edit_precision": 0.7565441825894728, "edit_f1": 0.7704854137433436, "confusion_matrix": {"tp": 321, "fn": 111, "fp": 132}}}