{"raw": {"precision": 0.5953878406708596, "recall": 0.5855670103092784, "f1": 0.5904365904365905, "edit_precision": 0.7617932808659115, "edit_recall": 0.7401234252895831, "edit_f1": 0.75080202528714, "confusion_matrix": {"tp": 284, "fn": 201, "fp": 193}, "aste_precision": 0.5953878406708596, "aste_recall": 0.5855670103092784, "aste_f1": 0.5904365904365905, "aste_edit_precision": 0.7401234252895831, "aste_edit_recall": 0.7617932808659115, "aste_edit_f1": 0.75080202528714, "aste_confusion_matrix": {"tp": 284, "fn": 201, "fp": 193}}, "editdistance": {"precision": 0.6037735849056604, "recall": 0.5938144329896907, "f1": 0.5987525987525988, "edit_precision": 0.7614932780501853, "edit_recall": 0.7401004213748266, "edit_f1": 0.7506444601823328, "confusion_matrix": {"tp": 288, "fn": 197, "fp": 189}, "aste_precision": 0.6037735849056604, "aste_recall": 0.5938144329896907, "aste_f1": 0.5987525987525988, "aste_edit_precision": 0.7401004213748266, "aste_edit_recall": 0.7614932780501853, "aste_edit_f1": 0.7506444601823328, "aste_confusion_matrix": {"tp": 288, "fn": 197, "fp": 189}}, "cut": {"precision": 0.5953878406708596, "recall": 0.5855670103092784, "f1": 0.5904365904365905, "edit_precision": 0.7606233583123412, "edit_recall": 0.7389728004276179, "edit_f1": 0.7496417884065798, "confusion_matrix": {"tp": 284, "fn": 201, "fp": 193}, "aste_precision": 0.5953878406708596, "aste_recall": 0.5855670103092784, "aste_f1": 0.5904365904365905, "aste_edit_precision": 0.7389728004276179, "aste_edit_recall": 0.7606233583123412, "aste_edit_f1": 0.7496417884065798, "aste_confusion_matrix": {"tp": 284, "fn": 201, "fp": 193}}, "remove": {"precision": 0.6187363834422658, "recall": 0.5855670103092784, "f1": 0.6016949152542372, "edit_precision": 0.7730333447051326, "edit_recall": 0.7251043429973049, "edit_f1": 0.7483021622492654, "confusion_matrix": {"tp": 284, "fn": 201, "fp": 175}, "aste_precision": 0.6187363834422658, "aste_recall": 0.5855670103092784, "aste_f1": 0.6016949152542372, "aste_edit_precision": 0.7251043429973049, "aste_edit_recall": 0.7730333447051326, "aste_edit_f1": 0.7483021622492654, "aste_confusion_matrix": {"tp": 284, "fn": 201, "fp": 175}}}