{"raw": {"precision": 0.5953878406708596, "recall": 0.5855670103092784, "f1": 0.5904365904365905, "edit_precision": 0.7617932808659115, "edit_recall": 0.7401234252895831, "edit_f1": 0.75080202528714, "confusion_matrix": {"tp": 284, "fn": 201, "fp": 193}, "aste_precision": 0.5953878406708596, "aste_recall": 0.5855670103092784, "aste_f1": 0.5904365904365905, "aste_edit_precision": 0.7401234252895831, "aste_edit_recall": 0.7617932808659115, "aste_edit_f1": 0.75080202528714, "aste_confusion_matrix": {"tp": 284, "fn": 201, "fp": 193}}, "editdistance": {"precision": 0.6016771488469602, "recall": 0.5917525773195876, "f1": 0.5966735966735967, "edit_precision": 0.7608527003655825, "edit_recall": 0.7393272254985379, "edit_f1": 0.7499355327666303, "confusion_matrix": {"tp": 287, "fn": 198, "fp": 190}, "aste_precision": 0.6016771488469602, "aste_recall": 0.5917525773195876, "aste_f1": 0.5966735966735967, "aste_edit_precision": 0.7393272254985379, "aste_edit_recall": 0.7608527003655825, "aste_edit_f1": 0.7499355327666303, "aste_confusion_matrix": {"tp": 287, "fn": 198, "fp": 190}}, "cut": {"precision": 0.5953878406708596, "recall": 0.5855670103092784, "f1": 0.5904365904365905, "edit_precision": 0.7606233583123412, "edit_recall": 0.7389728004276179, "edit_f1": 0.7496417884065798, "confusion_matrix": {"tp": 284, "fn": 201, "fp": 193}, "aste_precision": 0.5953878406708596, "aste_recall": 0.5855670103092784, "aste_f1": 0.5904365904365905, "aste_edit_precision": 0.7389728004276179, "aste_edit_recall": 0.7606233583123412, "aste_edit_f1": 0.7496417884065798, "aste_confusion_matrix": {"tp": 284, "fn": 201, "fp": 193}}, "remove": {"precision": 0.6187363834422658, "recall": 0.5855670103092784, "f1": 0.6016949152542372, "edit_precision": 0.7730333447051326, "edit_recall": 0.7251043429973049, "edit_f1": 0.7483021622492654, "confusion_matrix": {"tp": 284, "fn": 201, "fp": 175}, "aste_precision": 0.6187363834422658, "aste_recall": 0.5855670103092784, "aste_f1": 0.6016949152542372, "aste_edit_precision": 0.7251043429973049, "aste_edit_recall": 0.7730333447051326, "aste_edit_f1": 0.7483021622492654, "aste_confusion_matrix": {"tp": 284, "fn": 201, "fp": 175}}}