{"precision": 0.30165289256198347, "recall": 0.041430192962542564, "f1": 0.07285429141716566, "edit_recall": 0.09214015305960348, "edit_precision": 0.5929923158715795, "edit_f1": 0.15949733876373662}