{"recall": 0.7729789590254706, "precision": 0.8195694716242662, "f1_score": 0.7955927051671733}