{"raw": {"precision": 0.8451581975071908, "recall": 0.7695329550414666, "f1": 0.8055745944710989, "edit_precision": 0.9167956459037545, "edit_recall": 0.8547711693496008, "edit_f1": 0.8846976355127801, "confusion_matrix": {"tp": 1763, "fn": 528, "fp": 323}, "aste_precision": 0.8451581975071908, "aste_recall": 0.7695329550414666, "aste_f1": 0.8055745944710989, "aste_edit_precision": 0.8547711693496008, "aste_edit_recall": 0.9167956459037545, "aste_edit_f1": 0.8846976355127801, "aste_confusion_matrix": {"tp": 1763, "fn": 528, "fp": 323}}, "editdistance": {"precision": 0.8465963566634708, "recall": 0.7708424268878219, "f1": 0.8069453963902216, "edit_precision": 0.9169596296640564, "edit_recall": 0.8549608606825488, "edit_f1": 0.8848755894632514, "confusion_matrix": {"tp": 1766, "fn": 525, "fp": 320}, "aste_precision": 0.8465963566634708, "aste_recall": 0.7708424268878219, "aste_f1": 0.8069453963902216, "aste_edit_precision": 0.8549608606825488, "aste_edit_recall": 0.9169596296640564, "aste_edit_f1": 0.8848755894632514, "aste_confusion_matrix": {"tp": 1766, "fn": 525, "fp": 320}}, "cut": {"precision": 0.8461169702780441, "recall": 0.7704059362723702, "f1": 0.8064884624171808, "edit_precision": 0.916521408312562, "edit_recall": 0.8547076975220305, "edit_f1": 0.8845359417909576, "confusion_matrix": {"tp": 1765, "fn": 526, "fp": 321}, "aste_precision": 0.8461169702780441, "aste_recall": 0.7704059362723702, "aste_f1": 0.8064884624171808, "aste_edit_precision": 0.8547076975220305, "aste_edit_recall": 0.916521408312562, "aste_edit_f1": 0.8845359417909576, "aste_confusion_matrix": {"tp": 1765, "fn": 526, "fp": 321}}, "remove": {"precision": 0.8541666666666666, "recall": 0.7695329550414666, "f1": 0.8096440872560274, "edit_precision": 0.9210658829331342, "edit_recall": 0.8515000254090499, "edit_f1": 0.8849178685316003, "confusion_matrix": {"tp": 1763, "fn": 528, "fp": 301}, "aste_precision": 0.8541666666666666, "aste_recall": 0.7695329550414666, "aste_f1": 0.8096440872560274, "aste_edit_precision": 0.8515000254090499, "aste_edit_recall": 0.9210658829331342, "aste_edit_f1": 0.8849178685316003, "aste_confusion_matrix": {"tp": 1763, "fn": 528, "fp": 301}}}