{"raw": {"precision": 0.7191919191919192, "recall": 0.716297786720322, "f1": 0.717741935483871, "edit_precision": 0.8295861516320625, "edit_recall": 0.8353935017390678, "edit_f1": 0.832479698839499, "confusion_matrix": {"tp": 712, "fn": 282, "fp": 278}, "aste_precision": 0.7191919191919192, "aste_recall": 0.716297786720322, "aste_f1": 0.717741935483871, "aste_edit_precision": 0.8353935017390678, "aste_edit_recall": 0.8295861516320625, "aste_edit_f1": 0.832479698839499, "aste_confusion_matrix": {"tp": 712, "fn": 282, "fp": 278}}, "editdistance": {"precision": 0.7242424242424242, "recall": 0.721327967806841, "f1": 0.722782258064516, "edit_precision": 0.8307922914890414, "edit_recall": 0.8357409466036151, "edit_f1": 0.833259271701888, "confusion_matrix": {"tp": 717, "fn": 277, "fp": 273}, "aste_precision": 0.7242424242424242, "aste_recall": 0.721327967806841, "aste_f1": 0.722782258064516, "aste_edit_precision": 0.8357409466036151, "aste_edit_recall": 0.8307922914890414, "aste_edit_f1": 0.833259271701888, "aste_confusion_matrix": {"tp": 717, "fn": 277, "fp": 273}}, "cut": {"precision": 0.7191919191919192, "recall": 0.716297786720322, "f1": 0.717741935483871, "edit_precision": 0.8287850677186598, "edit_recall": 0.8345064486513103, "edit_f1": 0.8316359179977857, "confusion_matrix": {"tp": 712, "fn": 282, "fp": 278}, "aste_precision": 0.7191919191919192, "aste_recall": 0.716297786720322, "aste_f1": 0.717741935483871, "aste_edit_precision": 0.8345064486513103, "aste_edit_recall": 0.8287850677186598, "aste_edit_f1": 0.8316359179977857, "aste_confusion_matrix": {"tp": 712, "fn": 282, "fp": 278}}, "remove": {"precision": 0.7378238341968912, "recall": 0.716297786720322, "f1": 0.7269014803471159, "edit_precision": 0.8400072138385263, "edit_recall": 0.827496685555028, "edit_f1": 0.8337050192764077, "confusion_matrix": {"tp": 712, "fn": 282, "fp": 253}, "aste_precision": 0.7378238341968912, "aste_recall": 0.716297786720322, "aste_f1": 0.7269014803471159, "aste_edit_precision": 0.827496685555028, "aste_edit_recall": 0.8400072138385263, "aste_edit_f1": 0.8337050192764077, "aste_confusion_matrix": {"tp": 712, "fn": 282, "fp": 253}}}