{
    "raw": {
        "precision": 0.7779527559055118,
        "recall": 0.8226477935054122,
        "f1": 0.7996762444354513,
        "edit_precision": 0.846856454376387,
        "edit_recall": 0.887389114430464,
        "edit_f1": 0.8666491212265924,
        "confusion_matrix": {
            "tp": 1976,
            "fn": 426,
            "fp": 564
        },
        "uabsa_precision": 0.7656903765690377,
        "uabsa_recall": 0.8097345132743363,
        "uabsa_f1": 0.7870967741935484,
        "uabsa_edit_precision": 0.8402594453537203,
        "uabsa_edit_recall": 0.7960746749757093,
        "uabsa_edit_f1": 0.8175705151470735,
        "uabsa_confusion_matrix": {
            "tp": 366,
            "fn": 86,
            "fp": 112
        },
        "ate_precision": 0.8243801652892562,
        "ate_recall": 0.8827433628318584,
        "ate_f1": 0.8525641025641025,
        "ate_edit_precision": 0.9135618767704151,
        "ate_edit_recall": 0.8597206243469604,
        "ate_edit_f1": 0.8858238736148845,
        "ate_confusion_matrix": {
            "tp": 399,
            "fn": 53,
            "fp": 85
        },
        "aste_precision": 0.7090239410681399,
        "aste_recall": 0.7490272373540856,
        "aste_f1": 0.7284768211920529,
        "aste_edit_precision": 0.8542788696650925,
        "aste_edit_recall": 0.8132259377723777,
        "aste_edit_f1": 0.8332470548857149,
        "aste_confusion_matrix": {
            "tp": 385,
            "fn": 129,
            "fp": 158
        },
        "ote_precision": 0.8459958932238193,
        "ote_recall": 0.8765957446808511,
        "ote_f1": 0.8610240334378265,
        "ote_edit_precision": 0.9111371479019575,
        "ote_edit_recall": 0.8857668422153173,
        "ote_edit_f1": 0.8982728946686964,
        "ote_confusion_matrix": {
            "tp": 412,
            "fn": 58,
            "fp": 75
        },
        "aope_precision": 0.7554744525547445,
        "aope_recall": 0.8054474708171206,
        "aope_f1": 0.7796610169491525,
        "aope_edit_precision": 0.9172132621402501,
        "aope_edit_recall": 0.8785342717599329,
        "aope_edit_f1": 0.8974572094249945,
        "aope_confusion_matrix": {
            "tp": 414,
            "fn": 100,
            "fp": 134
        }
    },
    "editdistance": {
        "precision": 0.7783464566929134,
        "recall": 0.8230641132389676,
        "f1": 0.8000809388911372,
        "edit_precision": 0.8455438647073066,
        "edit_recall": 0.8861739909653134,
        "edit_f1": 0.8653822892331061,
        "confusion_matrix": {
            "tp": 1977,
            "fn": 425,
            "fp": 563
        },
        "uabsa_precision": 0.7656903765690377,
        "uabsa_recall": 0.8097345132743363,
        "uabsa_f1": 0.7870967741935484,
        "uabsa_edit_precision": 0.8393253253930516,
        "uabsa_edit_recall": 0.7947277855796565,
        "uabsa_edit_f1": 0.8164179643261121,
        "uabsa_confusion_matrix": {
            "tp": 366,
            "fn": 86,
            "fp": 112
        },
        "ate_precision": 0.8243801652892562,
        "ate_recall": 0.8827433628318584,
        "ate_f1": 0.8525641025641025,
        "ate_edit_precision": 0.9115215621194809,
        "ate_edit_recall": 0.8573573740756522,
        "ate_edit_f1": 0.8836101973073458,
        "ate_confusion_matrix": {
            "tp": 399,
            "fn": 53,
            "fp": 85
        },
        "aste_precision": 0.7090239410681399,
        "aste_recall": 0.7490272373540856,
        "aste_f1": 0.7284768211920529,
        "aste_edit_precision": 0.8529878144708272,
        "aste_edit_recall": 0.8120676628571968,
        "aste_edit_f1": 0.8320249149350484,
        "aste_confusion_matrix": {
            "tp": 385,
            "fn": 129,
            "fp": 158
        },
        "ote_precision": 0.8480492813141683,
        "ote_recall": 0.8787234042553191,
        "ote_f1": 0.8631138975966562,
        "ote_edit_precision": 0.910396372719693,
        "ote_edit_recall": 0.8850519257149798,
        "ote_edit_f1": 0.8975452688244743,
        "ote_confusion_matrix": {
            "tp": 413,
            "fn": 57,
            "fp": 74
        },
        "aope_precision": 0.7554744525547445,
        "aope_recall": 0.8054474708171206,
        "aope_f1": 0.7796610169491525,
        "aope_edit_precision": 0.9161188741765719,
        "aope_edit_recall": 0.8774955055514837,
        "aope_edit_f1": 0.8963913355363613,
        "aope_confusion_matrix": {
            "tp": 414,
            "fn": 100,
            "fp": 134
        }
    },
    "cut": {
        "precision": 0.778740157480315,
        "recall": 0.8234804329725229,
        "f1": 0.8004856333468232,
        "edit_precision": 0.8464542348094015,
        "edit_recall": 0.886075945103321,
        "edit_f1": 0.8658120300487137,
        "confusion_matrix": {
            "tp": 1978,
            "fn": 424,
            "fp": 562
        },
        "uabsa_precision": 0.7677824267782427,
        "uabsa_recall": 0.8119469026548672,
        "uabsa_f1": 0.7892473118279569,
        "uabsa_edit_precision": 0.8402594453537203,
        "uabsa_edit_recall": 0.7975129594945377,
        "uabsa_edit_f1": 0.8183283526130379,
        "uabsa_confusion_matrix": {
            "tp": 367,
            "fn": 85,
            "fp": 111
        },
        "ate_precision": 0.8264462809917356,
        "ate_recall": 0.8849557522123894,
        "ate_f1": 0.8547008547008548,
        "ate_edit_precision": 0.9135618767704151,
        "ate_edit_recall": 0.8611410788924149,
        "ate_edit_f1": 0.886577280650586,
        "ate_confusion_matrix": {
            "tp": 400,
            "fn": 52,
            "fp": 84
        },
        "aste_precision": 0.7090239410681399,
        "aste_recall": 0.7490272373540856,
        "aste_f1": 0.7284768211920529,
        "aste_edit_precision": 0.852655796726358,
        "aste_edit_recall": 0.8125288908046127,
        "aste_edit_f1": 0.8321088632870406,
        "aste_confusion_matrix": {
            "tp": 385,
            "fn": 129,
            "fp": 158
        },
        "ote_precision": 0.8459958932238193,
        "ote_recall": 0.8765957446808511,
        "ote_f1": 0.8610240334378265,
        "ote_edit_precision": 0.9080637585253767,
        "ote_edit_recall": 0.8827458340532897,
        "ote_edit_f1": 0.8952258277093593,
        "ote_confusion_matrix": {
            "tp": 412,
            "fn": 58,
            "fp": 75
        },
        "aope_precision": 0.7554744525547445,
        "aope_recall": 0.8054474708171206,
        "aope_f1": 0.7796610169491525,
        "aope_edit_precision": 0.9155099932174965,
        "aope_edit_recall": 0.8775362604063953,
        "aope_edit_f1": 0.8961210166096312,
        "aope_confusion_matrix": {
            "tp": 414,
            "fn": 100,
            "fp": 134
        }
    },
    "remove": {
        "precision": 0.7897681854516387,
        "recall": 0.8226477935054122,
        "f1": 0.8058727569331159,
        "edit_precision": 0.849974955169649,
        "edit_recall": 0.8781971738606862,
        "edit_f1": 0.863855620563878,
        "confusion_matrix": {
            "tp": 1976,
            "fn": 426,
            "fp": 526
        },
        "uabsa_precision": 0.773784355179704,
        "uabsa_recall": 0.8097345132743363,
        "uabsa_f1": 0.7913513513513513,
        "uabsa_edit_precision": 0.8363017265729924,
        "uabsa_edit_recall": 0.8000471580327697,
        "uabsa_edit_f1": 0.8177728183728001,
        "uabsa_confusion_matrix": {
            "tp": 366,
            "fn": 86,
            "fp": 107
        },
        "ate_precision": 0.8364779874213837,
        "ate_recall": 0.8827433628318584,
        "ate_f1": 0.8589881593110872,
        "ate_edit_precision": 0.9053302239591163,
        "ate_edit_recall": 0.86388170883275,
        "ate_edit_f1": 0.8841204453076061,
        "ate_confusion_matrix": {
            "tp": 399,
            "fn": 53,
            "fp": 78
        },