{"recall": 0.7722406792174235, "precision": 0.8110296953335905, "f1_score": 0.7911600354014353}