{"raw": {"precision": 0.6462167689161554, "recall": 0.5841035120147874, "f1": 0.6135922330097087, "edit_precision": 0.7642508511625551, "edit_recall": 0.7255364481792185, "edit_f1": 0.7443906231653519, "confusion_matrix": {"tp": 316, "fn": 225, "fp": 173}, "aste_precision": 0.6462167689161554, "aste_recall": 0.5841035120147874, "aste_f1": 0.6135922330097087, "aste_edit_precision": 0.7255364481792185, "aste_edit_recall": 0.7642508511625551, "aste_edit_f1": 0.7443906231653519, "aste_confusion_matrix": {"tp": 316, "fn": 225, "fp": 173}}, "editdistance": {"precision": 0.656441717791411, "recall": 0.5933456561922366, "f1": 0.6233009708737863, "edit_precision": 0.7657441346343663, "edit_recall": 0.726808656151981, "edit_f1": 0.7457685502120817, "confusion_matrix": {"tp": 321, "fn": 220, "fp": 168}, "aste_precision": 0.656441717791411, "aste_recall": 0.5933456561922366, "aste_f1": 0.6233009708737863, "aste_edit_precision": 0.726808656151981, "aste_edit_recall": 0.7657441346343663, "aste_edit_f1": 0.7457685502120817, "aste_confusion_matrix": {"tp": 321, "fn": 220, "fp": 168}}, "cut": {"precision": 0.6523517382413088, "recall": 0.589648798521257, "f1": 0.6194174757281553, "edit_precision": 0.7635750869131713, "edit_recall": 0.725103878592305, "edit_f1": 0.7438423863659545, "confusion_matrix": {"tp": 319, "fn": 222, "fp": 170}, "aste_precision": 0.6523517382413088, "aste_recall": 0.589648798521257, "aste_f1": 0.6194174757281553, "aste_edit_precision": 0.725103878592305, "aste_edit_recall": 0.7635750869131713, "aste_edit_f1": 0.7438423863659545, "aste_confusion_matrix": {"tp": 319, "fn": 222, "fp": 170}}, "remove": {"precision": 0.6666666666666666, "recall": 0.5841035120147874, "f1": 0.6226600985221674, "edit_precision": 0.7665115303033515, "edit_recall": 0.712068836513825, "edit_f1": 0.7382878682914733, "confusion_matrix": {"tp": 316, "fn": 225, "fp": 158}, "aste_precision": 0.6666666666666666, "aste_recall": 0.5841035120147874, "aste_f1": 0.6226600985221674, "aste_edit_precision": 0.712068836513825, "aste_edit_recall": 0.7665115303033515, "aste_edit_f1": 0.7382878682914733, "aste_confusion_matrix": {"tp": 316, "fn": 225, "fp": 158}}}