{"raw": {"precision": 0.5199101306099164, "recall": 0.5298524404086266, "f1": 0.5248295989586056, "edit_recall": 0.7615073266097491, "edit_precision": 0.7312645536831701, "edit_f1": 0.746073624787934}, "editdistance": {"precision": 0.5249208793584, "recall": 0.5349602724177072, "f1": 0.5298883804298937, "edit_recall": 0.7619677367752032, "edit_precision": 0.7316533069720076, "edit_f1": 0.7464969868358067}, "cut": {"precision": 0.5249208793584, "recall": 0.5349602724177072, "f1": 0.5298883804298937, "edit_recall": 0.7619677367752032, "edit_precision": 0.7316533069720076, "edit_f1": 0.7464969868358067}, "remove": {"precision": 0.5199101306099164, "recall": 0.5298524404086266, "f1": 0.5248295989586056, "edit_recall": 0.7615073266097491, "edit_precision": 0.7312645536831701, "edit_f1": 0.746073624787934}}