{
    "raw": {
        "precision": 0.819672131147541,
        "recall": 0.8849557522123894,
        "f1": 0.851063829787234,
        "edit_precision": 0.8585945969662284,
        "edit_recall": 0.9161986342226875,
        "edit_f1": 0.8864617953996513,
        "confusion_matrix": {
            "tp": 400,
            "fn": 52,
            "fp": 88
        },
        "ate_precision": 0.819672131147541,
        "ate_recall": 0.8849557522123894,
        "ate_f1": 0.851063829787234,
        "ate_edit_precision": 0.9161986342226875,
        "ate_edit_recall": 0.8585945969662284,
        "ate_edit_f1": 0.8864617953996513
    },
    "editdistance": {
        "precision": 0.819672131147541,
        "recall": 0.8849557522123894,
        "f1": 0.851063829787234,
        "edit_precision": 0.8571490252337715,
        "edit_recall": 0.9147114169168862,
        "edit_f1": 0.8849952069914153,
        "confusion_matrix": {
            "tp": 400,
            "fn": 52,
            "fp": 88
        },
        "ate_precision": 0.819672131147541,
        "ate_recall": 0.8849557522123894,
        "ate_f1": 0.851063829787234,
        "ate_edit_precision": 0.9147114169168862,
        "ate_edit_recall": 0.8571490252337715,
        "ate_edit_f1": 0.8849952069914153
    },
    "cut": {
        "precision": 0.819672131147541,
        "recall": 0.8849557522123894,
        "f1": 0.851063829787234,
        "edit_precision": 0.8585945969662284,
        "edit_recall": 0.9161986342226875,
        "edit_f1": 0.8864617953996513,
        "confusion_matrix": {
            "tp": 400,
            "fn": 52,
            "fp": 88
        },
        "ate_precision": 0.819672131147541,
        "ate_recall": 0.8849557522123894,
        "ate_f1": 0.851063829787234,
        "ate_edit_precision": 0.9161986342226875,
        "ate_edit_recall": 0.8585945969662284,
        "ate_edit_f1": 0.8864617953996513
    },
    "remove": {
        "precision": 0.8298755186721992,
        "recall": 0.8849557522123894,
        "f1": 0.8565310492505354,
        "edit_precision": 0.8626295482630673,
        "edit_recall": 0.9100285260614289,
        "edit_f1": 0.885695338219155,
        "confusion_matrix": {
            "tp": 400,
            "fn": 52,
            "fp": 82
        },
        "ate_precision": 0.8298755186721992,
        "ate_recall": 0.8849557522123894,
        "ate_f1": 0.8565310492505354,
        "ate_edit_precision": 0.9100285260614289,
        "ate_edit_recall": 0.8626295482630673,
        "ate_edit_f1": 0.885695338219155
    }
}