{"raw": {"precision": 0.8880776050902264, "recall": 0.7958496915311273, "f1": 0.8394380083805768, "edit_precision": 0.93668326779921, "edit_recall": 0.8613745142208954, "edit_f1": 0.8974517980984034, "confusion_matrix": {"tp": 8514, "fn": 2184, "fp": 1073}, "ote_precision": 0.8988002086593636, "ote_recall": 0.8142722117202268, "ote_f1": 0.8544507810562857, "ote_edit_precision": 0.8652040278251999, "ote_edit_recall": 0.9328596390318958, "ote_edit_f1": 0.8977589970401255, "ote_confusion_matrix": {"tp": 1723, "fn": 393, "fp": 194}, "aste_precision": 0.8542274052478134, "aste_recall": 0.7673505019642077, "aste_f1": 0.808461715336859, "aste_edit_precision": 0.8573643048761422, "aste_edit_recall": 0.9280225511064754, "aste_edit_f1": 0.8912952470470453, "aste_confusion_matrix": {"tp": 1758, "fn": 533, "fp": 300}, "aope_precision": 0.8617332035053554, "aope_recall": 0.772588389349629, "aope_f1": 0.8147295742232451, "aope_edit_precision": 0.8689795759594848, "aope_edit_recall": 0.9390242127503304, "aope_edit_f1": 0.902645079957228, "aope_confusion_matrix": {"tp": 1770, "fn": 521, "fp": 284}, "ate_precision": 0.9256948383437322, "ate_recall": 0.8213387015601409, "ate_f1": 0.8704, "ate_edit_precision": 0.8654673348361888, "ate_edit_recall": 0.9514985910757261, "ate_edit_f1": 0.9064462222156383, "ate_confusion_matrix": {"tp": 1632, "fn": 355, "fp": 131}, "uabsa_precision": 0.9086350974930362, "uabsa_recall": 0.8102334823646299, "uabsa_f1": 0.8566176470588236, "uabsa_edit_precision": 0.8492177868569747, "uabsa_edit_recall": 0.9334665187376437, "uabsa_edit_f1": 0.8893513772008602, "uabsa_confusion_matrix": {"tp": 1631, "fn": 382, "fp": 164}}, "editdistance": {"precision": 0.8892249921769062, "recall": 0.7968779211067489, "f1": 0.8405225536110426, "edit_precision": 0.9367656955672196, "edit_recall": 0.8613058080597137, "edit_f1": 0.8974523346325705, "confusion_matrix": {"tp": 8525, "fn": 2173, "fp": 1062}, "ote_precision": 0.9003651538862807, "ote_recall": 0.8156899810964083, "ote_f1": 0.8559385073146542, "ote_edit_precision": 0.8649589233187363, "ote_edit_recall": 0.9332363345464756, "ote_edit_f1": 0.8978013834710601, "ote_confusion_matrix": {"tp": 1726, "fn": 390, "fp": 191}, "aste_precision": 0.8561710398445093, "aste_recall": 0.7690964644260149, "aste_f1": 0.810301218670959, "aste_edit_precision": 0.8573683572040546, "aste_edit_recall": 0.9280718850137861, "aste_edit_f1": 0.8913201893927707, "aste_confusion_matrix": {"tp": 1762, "fn": 529, "fp": 296}, "aope_precision": 0.8636806231742941, "aope_recall": 0.7743343518114361, "aope_f1": 0.8165707710011508, "aope_edit_precision": 0.868881076937271, "aope_edit_recall": 0.9389693996356976, "aope_edit_f1": 0.902566615700619, "aope_confusion_matrix": {"tp": 1774, "fn": 517, "fp": 280}, "ate_precision": 0.9256948383437322, "ate_recall": 0.8213387015601409, "ate_f1": 0.8704, "ate_edit_precision": 0.8654673348361888, "ate_edit_recall": 0.9514985910757261, "ate_edit_f1": 0.9064462222156383, "ate_confusion_matrix": {"tp": 1632, "fn": 355, "fp": 131}, "uabsa_precision": 0.9086350974930362, "uabsa_recall": 0.8102334823646299, "uabsa_f1": 0.8566176470588236, "uabsa_edit_precision": 0.8492177868569747, "uabsa_edit_recall": 0.9335106227302157, "uabsa_edit_f1": 0.8893713936224312, "uabsa_confusion_matrix": {"tp": 1631, "fn": 382, "fp": 164}}, "cut": {"precision": 0.8887034525920517, "recall": 0.7964105440269209, "f1": 0.8400295785062855, "edit_precision": 0.9364752292156621, "edit_recall": 0.8611916259181974, "edit_f1": 0.8972570451273069, "confusion_matrix": {"tp": 8520, "fn": 2178, "fp": 1067}, "ote_precision": 0.8993218570683359, "ote_recall": 0.8147448015122873, "ote_f1": 0.8549466898090751, "ote_edit_precision": 0.8643553334672399, "ote_edit_recall": 0.9320434941235561, "ote_edit_f1": 0.896924171621259, "ote_confusion_matrix": {"tp": 1724, "fn": 392, "fp": 193}, "aste_precision": 0.8556851311953353, "aste_recall": 0.7686599738105631, "aste_f1": 0.8098413428374339, "aste_edit_precision": 0.8573955703644663, "aste_edit_recall": 0.9279327045246338, "aste_edit_f1": 0.8912706997878708, "aste_confusion_matrix": {"tp": 1761, "fn": 530, "fp": 297}, "aope_precision": 0.8627069133398247, "aope_recall": 0.7734613705805325, "aope_f1": 0.8156501726121979, "aope_edit_precision": 0.8688126920509002, "aope_edit_recall": 0.9387933566099096, "aope_edit_f1": 0.9024483891720004, "aope_confusion_matrix": {"tp": 1772, "fn": 519, "fp": 282}, "ate_precision": 0.9256948383437322, "ate_recall": 0.8213387015601409, "ate_f1": 0.8704, "ate_edit_precision": 0.8654673348361888, "ate_edit_recall": 0.9514985910757261, "ate_edit_f1": 0.9064462222156383, "ate_confusion_matrix": {"tp": 1632, "fn": 355, "fp": 131}, "uabsa_precision": 0.9086350974930362, "uabsa_recall": 0.8102334823646299, "uabsa_f1": 0.8566176470588236, "uabsa_edit_precision": 0.8492923025052609, "uabsa_edit_recall": 0.9335941881898258, "uabsa_edit_f1": 0.8894501829829273, "uabsa_confusion_matrix": {"tp": 1631, "fn": 382, "fp": 164}}, "remove": {"precision": 0.8938582677165354, "recall": 0.7958496915311273, "f1": 0.8420115709835336, "edit_precision": 0.9393796915822685, "edit_recall": 0.8587976375753513, "edit_f1": 0.8972830953163458, "confusion_matrix": {"tp": 8514, "fn": 2184, "fp": 1011}, "ote_precision": 0.904936974789916, "ote_recall": 0.8142722117202268, "ote_f1": 0.8572139303482587, "ote_edit_precision": 0.8622931782848297, "ote_edit_recall": 0.9358086310462175, "ote_edit_f1": 0.8975480637900333, "ote_confusion_matrix": {"tp": 1723, "fn": 393, "fp": 181}, "aste_precision": 0.8651574803149606, "aste_recall": 0.7673505019642077, "aste_f1": 0.813324080499653, "aste_edit_precision": 0.8523298465202024, "aste_edit_recall": 0.9332777491916123, "aste_edit_f1": 0.89096897060645, "aste_confusion_matrix": {"tp": 1758, "fn": 533, "fp": 274}, "aope_precision": 0.8710629921259843, "aope_recall": 0.772588389349629, "aope_f1": 0.8188757807078417, "aope_edit_precision": 0.8646696132213165, "aope_edit_recall": 0.943166646285028, "aope_edit_f1": 0.902213942173295, "aope_confusion_matrix": {"tp": 1770, "fn": 521, "fp": 262}, "ate_precision": 0.9256948383437322, "ate_recall": 0.8213387015601409, "ate_f1": 0.8704, "ate_edit_precision": 0.8654673348361888, "ate_edit_recall": 0.9514985910757261, "ate_edit_f1": 0.9064462222156383, "ate_confusion_matrix": {"tp": 1632, "fn": 355, "fp": 131}, "uabsa_precision": 0.9091415830546266, "uabsa_recall": 0.8102334823646299, "uabsa_f1": 0.8568426582610978, "uabsa_edit_precision": 0.8492177868569747, "uabsa_edit_recall": 0.9338823306209981, "uabsa_edit_f1": 0.8895400524301682, "uabsa_confusion_matrix": {"tp": 1631, "fn": 382, "fp": 163}}}