{"raw": {"precision": 0.8508089289371288, "recall": 0.7766872312581791, "f1": 0.8120602032838155, "edit_precision": 0.912840779514386, "edit_recall": 0.8468962887088411, "edit_f1": 0.8786329302404077, "confusion_matrix": {"tp": 8309, "fn": 2389, "fp": 1457}, "ote_precision": 0.8804347826086957, "ote_recall": 0.803875236294896, "ote_f1": 0.8404150197628459, "ote_edit_precision": 0.8540965813643921, "ote_edit_recall": 0.9184386664613562, "ote_edit_f1": 0.8850998322089566, "ote_confusion_matrix": {"tp": 1701, "fn": 415, "fp": 231}, "aste_precision": 0.8015087223008015, "aste_recall": 0.7420340462680053, "aste_f1": 0.770625566636446, "aste_edit_precision": 0.8378347482439668, "aste_edit_recall": 0.8950220625977572, "aste_edit_f1": 0.8654847645780244, "aste_confusion_matrix": {"tp": 1700, "fn": 591, "fp": 421}, "aope_precision": 0.8202830188679245, "aope_recall": 0.7590571802706242, "aope_f1": 0.7884833371117661, "aope_edit_precision": 0.8624380572959987, "aope_edit_recall": 0.917224496131255, "aope_edit_f1": 0.8889879837324746, "aope_confusion_matrix": {"tp": 1739, "fn": 552, "fp": 381}, "ate_precision": 0.895329206527856, "ate_recall": 0.8007045797684952, "ate_f1": 0.8453772582359194, "ate_edit_precision": 0.8504276359988179, "ate_edit_recall": 0.9306092407197816, "ate_edit_f1": 0.8887135656417079, "ate_confusion_matrix": {"tp": 1591, "fn": 396, "fp": 186}, "uabsa_precision": 0.8689427312775331, "uabsa_recall": 0.7839046199701938, "uabsa_f1": 0.824236092974667, "uabsa_edit_precision": 0.828466676710587, "uabsa_edit_recall": 0.9051922917439436, "uabsa_edit_f1": 0.8651316820327846, "uabsa_confusion_matrix": {"tp": 1578, "fn": 435, "fp": 238}}, "editdistance": {"precision": 0.8508089289371288, "recall": 0.7766872312581791, "f1": 0.8120602032838155, "edit_precision": 0.9127267169835201, "edit_recall": 0.8468255592177084, "edit_f1": 0.8785420279654352, "confusion_matrix": {"tp": 8309, "fn": 2389, "fp": 1457}, "ote_precision": 0.8804347826086957, "ote_recall": 0.803875236294896, "ote_f1": 0.8404150197628459, "ote_edit_precision": 0.854049864492235, "ote_edit_recall": 0.9184426479870769, "ote_edit_f1": 0.8850765952856545, "ote_confusion_matrix": {"tp": 1701, "fn": 415, "fp": 231}, "aste_precision": 0.8015087223008015, "aste_recall": 0.7420340462680053, "aste_f1": 0.770625566636446, "aste_edit_precision": 0.8377931199723079, "aste_edit_recall": 0.8949328969351592, "aste_edit_f1": 0.8654208646642637, "aste_confusion_matrix": {"tp": 1700, "fn": 591, "fp": 421}, "aope_precision": 0.8202830188679245, "aope_recall": 0.7590571802706242, "aope_f1": 0.7884833371117661, "aope_edit_precision": 0.862410802462178, "aope_edit_recall": 0.9171384081058981, "aope_edit_f1": 0.8889330688989503, "aope_confusion_matrix": {"tp": 1739, "fn": 552, "fp": 381}, "ate_precision": 0.895329206527856, "ate_recall": 0.8007045797684952, "ate_f1": 0.8453772582359194, "ate_edit_precision": 0.8503018181830152, "ate_edit_recall": 0.9303982108942329, "ate_edit_f1": 0.8885486352999563, "ate_confusion_matrix": {"tp": 1591, "fn": 396, "fp": 186}, "uabsa_precision": 0.8689427312775331, "uabsa_recall": 0.7839046199701938, "uabsa_f1": 0.824236092974667, "uabsa_edit_precision": 0.8283424839634436, "uabsa_edit_recall": 0.9049857939465867, "uabsa_edit_f1": 0.8649696541190973, "uabsa_confusion_matrix": {"tp": 1578, "fn": 435, "fp": 238}}, "cut": {"precision": 0.8510137210731108, "recall": 0.7768741820901103, "f1": 0.8122556684910086, "edit_precision": 0.9126814868047469, "edit_recall": 0.846813911408575, "edit_f1": 0.8785148065702622, "confusion_matrix": {"tp": 8311, "fn": 2387, "fp": 1455}, "ote_precision": 0.8804347826086957, "ote_recall": 0.803875236294896, "ote_f1": 0.8404150197628459, "ote_edit_precision": 0.853999055243336, "ote_edit_recall": 0.9183015634887145, "ote_edit_f1": 0.8849837994289004, "ote_confusion_matrix": {"tp": 1701, "fn": 415, "fp": 231}, "aste_precision": 0.801980198019802, "aste_recall": 0.742470536883457, "aste_f1": 0.771078875793291, "aste_edit_precision": 0.8377776609296773, "aste_edit_recall": 0.8948376195502777, "aste_edit_f1": 0.8653680667193968, "aste_confusion_matrix": {"tp": 1701, "fn": 590, "fp": 420}, "aope_precision": 0.8207547169811321, "aope_recall": 0.759493670886076, "aope_f1": 0.7889367490364996, "aope_edit_precision": 0.8623642379817017, "aope_edit_recall": 0.9170163675358995, "aope_edit_f1": 0.8888510064172684, "aope_confusion_matrix": {"tp": 1740, "fn": 551, "fp": 380}, "ate_precision": 0.895329206527856, "ate_recall": 0.8007045797684952, "ate_f1": 0.8453772582359194, "ate_edit_precision": 0.8503332726369659, "ate_edit_recall": 0.9304802780486129, "ate_edit_f1": 0.8886032337889919, "ate_confusion_matrix": {"tp": 1591, "fn": 396, "fp": 186}, "uabsa_precision": 0.8689427312775331, "uabsa_recall": 0.7839046199701938, "uabsa_f1": 0.824236092974667, "uabsa_edit_precision": 0.8283735321502294, "uabsa_edit_recall": 0.9050660986455589, "uabsa_edit_f1": 0.8650232608565224, "uabsa_confusion_matrix": {"tp": 1578, "fn": 435, "fp": 238}}, "remove": {"precision": 0.852379975379565, "recall": 0.7766872312581791, "f1": 0.812775114936907, "edit_precision": 0.9132480255835754, "edit_recall": 0.8462963928865845, "edit_f1": 0.8784984360146546, "confusion_matrix": {"tp": 8309, "fn": 2389, "fp": 1439}, "ote_precision": 0.8813471502590674, "ote_recall": 0.803875236294896, "ote_f1": 0.8408304498269896, "ote_edit_precision": 0.8534893789513992, "ote_edit_recall": 0.9188563390531456, "ote_edit_f1": 0.8849674397013039, "ote_confusion_matrix": {"tp": 1701, "fn": 415, "fp": 229}, "aste_precision": 0.8034026465028355, "aste_recall": 0.7420340462680053, "aste_f1": 0.7714998865441345, "aste_edit_precision": 0.8371026593707823, "aste_edit_recall": 0.8952438599871484, "aste_edit_f1": 0.8651975890578343, "aste_confusion_matrix": {"tp": 1700, "fn": 591, "fp": 416}, "aope_precision": 0.8230004732607666, "aope_recall": 0.7590571802706242, "aope_f1": 0.7897366030881017, "aope_edit_precision": 0.8613116366970711, "aope_edit_recall": 0.9176366250436665, "aope_edit_f1": 0.8885824511120323, "aope_confusion_matrix": {"tp": 1739, "fn": 552, "fp": 374}, "ate_precision": 0.8963380281690141, "ate_recall": 0.8007045797684952, "ate_f1": 0.845826687931951, "ate_edit_precision": 0.8502074548211632, "ate_edit_recall": 0.9311296454980573, "ate_edit_f1": 0.8888304924043504, "ate_confusion_matrix": {"tp": 1591, "fn": 396, "fp": 184}, "uabsa_precision": 0.8699007717750827, "uabsa_recall": 0.7839046199701938, "uabsa_f1": 0.8246668408675204, "uabsa_edit_precision": 0.8282493394030859, "uabsa_edit_recall": 0.9056734850093724, "uabsa_edit_f1": 0.8652328178770973, "uabsa_confusion_matrix": {"tp": 1578, "fn": 435, "fp": 236}}}