{"recall": 0.7112366603892027, "precision": 0.7070142768466791, "f1_score": 0.709119183227143}