{"raw": {"precision": 0.5110231769361221, "recall": 0.5130533484676504, "f1": 0.5120362503540073, "edit_precision": 0.7275350847416209, "edit_recall": 0.7515287224414134, "edit_f1": 0.7393372890497805, "confusion_matrix": {"tp": 904, "fn": 858, "fp": 865}, "aste_precision": 0.5110231769361221, "aste_recall": 0.5130533484676504, "aste_f1": 0.5120362503540073, "aste_edit_precision": 0.7515287224414134, "aste_edit_recall": 0.7275350847416209, "aste_edit_f1": 0.7393372890497805, "aste_confusion_matrix": {"tp": 904, "fn": 858, "fp": 865}}, "editdistance": {"precision": 0.5183719615602035, "recall": 0.5204313280363224, "f1": 0.519399603511753, "edit_precision": 0.7279233835842681, "edit_recall": 0.7519435296717707, "edit_f1": 0.7397385176734093, "confusion_matrix": {"tp": 917, "fn": 845, "fp": 852}, "aste_precision": 0.5183719615602035, "aste_recall": 0.5204313280363224, "aste_f1": 0.519399603511753, "aste_edit_precision": 0.7519435296717707, "aste_edit_recall": 0.7279233835842681, "aste_edit_f1": 0.7397385176734093, "aste_confusion_matrix": {"tp": 917, "fn": 845, "fp": 852}}, "cut": {"precision": 0.5110231769361221, "recall": 0.5130533484676504, "f1": 0.5120362503540073, "edit_precision": 0.7266447912112082, "edit_recall": 0.7504283037101598, "edit_f1": 0.7383450689655666, "confusion_matrix": {"tp": 904, "fn": 858, "fp": 865}, "aste_precision": 0.5110231769361221, "aste_recall": 0.5130533484676504, "aste_f1": 0.5120362503540073, "aste_edit_precision": 0.7504283037101598, "aste_edit_recall": 0.7266447912112082, "aste_edit_f1": 0.7383450689655666, "aste_confusion_matrix": {"tp": 904, "fn": 858, "fp": 865}}, "remove": {"precision": 0.5243619489559165, "recall": 0.5130533484676504, "f1": 0.5186460126219162, "edit_precision": 0.7320281403054663, "edit_recall": 0.7432210938733077, "edit_f1": 0.737582155718566, "confusion_matrix": {"tp": 904, "fn": 858, "fp": 820}, "aste_precision": 0.5243619489559165, "aste_recall": 0.5130533484676504, "aste_f1": 0.5186460126219162, "aste_edit_precision": 0.7432210938733077, "aste_edit_recall": 0.7320281403054663, "aste_edit_f1": 0.737582155718566, "aste_confusion_matrix": {"tp": 904, "fn": 858, "fp": 820}}}