{"recall": 0.15356220007382798, "precision": 0.17027358105349122, "f1_score": 0.16148669940054095}