{"aos(ao)": {"rest15-aos": 0.4876946125053978, "rest15-cs": 0.6831148804934463, "rest16-aos": 0.5968712394705173, "rest16-cs": 0.767511177347243}, "acos(aos)": {"rest15-aos": 0.5072639225181598, "rest15-cs": 0.6996996996996996, "rest16-aos": 0.6004962779156328, "rest16-cs": 0.784431137724551}, "acos(aos)-aos(ao)": {"rest15-aos": 0.48756218905472637, "rest15-cs": 0.6997742663656885, "rest16-aos": 0.5829863176680548, "rest16-cs": 0.788546255506608}, "as(a)": {"rest15-aos": 0.49778181936280086, "rest15-cs": 0.7051762940735183, "rest16-aos": 0.5965801139962001, "rest16-cs": 0.7635285396590067}, "ao(a)": {"rest15-aos": 0.5050761421319797, "rest15-cs": 0.7116843702579666, "rest16-aos": 0.5869297163995069, "rest16-cs": 0.7752053771471248}, "as(a)-ao(a)": {"rest15-aos": 0.5072372561359346, "rest15-cs": 0.6927710843373494, "rest16-aos": 0.596426370918053, "rest16-cs": 0.7786032689450223}, "aos(ao)-as(a)": {"rest15-aos": 0.49588719153936545, "rest15-cs": 0.6915460776846917, "rest16-aos": 0.5892857142857142, "rest16-cs": 0.7964338781575037}, "aos(ao)-ao(a)": {"rest16-aos": 0.5700541190619361, "rest16-cs": 0.753903345724907}, "aos(ao)-as(a)-ao(a)": {"rest15-aos": 0.5009600419746768, "rest15-cs": 0.6959876543209876, "rest16-aos": 0.6066291432145091, "rest16-cs": 0.7594158339738662}, "acos(aos)-as(a)": {"rest15-aos": 0.5083014048531289, "rest15-cs": 0.689240030097818, "rest16-aos": 0.5919379311423612, "rest16-cs": 0.7757575757575759}, "acos(aos)-ao(a)": {"rest15-aos": 0.523660596484051, "rest15-cs": 0.680523479599692, "rest16-aos": 0.5699220566115136, "rest16-cs": 0.7684049079754602}, "acos(aos)-as(a)-ao(a)": {"rest15-aos": 0.49703727358206046, "rest15-cs": 0.6890881913303438, "rest16-aos": 0.5988409529942047, "rest16-cs": 0.767816091954023}, "acos(aos)-aos(ao)-as(a)": {"rest15-aos": 0.5216268560361523, "rest15-cs": 0.7056110684089162, "rest16-aos": 0.5930521091811415, "rest16-cs": 0.770864946889226}, "acos(aos)-aos(ao)-ao(a)": {"rest15-aos": 0.5056548104322439, "rest15-cs": 0.686408504176158, "rest16-aos": 0.5802615933412604, "rest16-cs": 0.7708812260536398}, "acos(aos)-aos(ao)-as(a)-ao(a)": {"rest15-aos": 0.4981421851792019, "rest15-cs": 0.6974981046247157, "rest16-aos": 0.5421515862062379, "rest16-cs": 0.7896296296296296}}