{"raw": {"precision": 0.7267987486965589, "recall": 0.7012072434607646, "f1": 0.7137736815156169, "edit_precision": 0.839805875461693, "edit_recall": 0.8247846652467725, "edit_f1": 0.83222749490111, "confusion_matrix": {"tp": 697, "fn": 297, "fp": 262}, "aste_precision": 0.7267987486965589, "aste_recall": 0.7012072434607646, "aste_f1": 0.7137736815156169, "aste_edit_precision": 0.8247846652467725, "aste_edit_recall": 0.839805875461693, "aste_edit_f1": 0.83222749490111, "aste_confusion_matrix": {"tp": 697, "fn": 297, "fp": 262}}, "editdistance": {"precision": 0.735140771637122, "recall": 0.7092555331991952, "f1": 0.7219662058371735, "edit_precision": 0.8408406971078853, "edit_recall": 0.8256542140413715, "edit_f1": 0.8331782596633819, "confusion_matrix": {"tp": 705, "fn": 289, "fp": 254}, "aste_precision": 0.735140771637122, "aste_recall": 0.7092555331991952, "aste_f1": 0.7219662058371735, "aste_edit_precision": 0.8256542140413715, "aste_edit_recall": 0.8408406971078853, "aste_edit_f1": 0.8331782596633819, "aste_confusion_matrix": {"tp": 705, "fn": 289, "fp": 254}}, "cut": {"precision": 0.7278415015641293, "recall": 0.7022132796780685, "f1": 0.7147977470558116, "edit_precision": 0.8390955024925134, "edit_recall": 0.8241491212133412, "edit_f1": 0.831555155672123, "confusion_matrix": {"tp": 698, "fn": 296, "fp": 261}, "aste_precision": 0.7278415015641293, "aste_recall": 0.7022132796780685, "aste_f1": 0.7147977470558116, "aste_edit_precision": 0.8241491212133412, "aste_edit_recall": 0.8390955024925134, "aste_edit_f1": 0.831555155672123, "aste_confusion_matrix": {"tp": 698, "fn": 296, "fp": 261}}, "remove": {"precision": 0.7430703624733476, "recall": 0.7012072434607646, "f1": 0.7215320910973085, "edit_precision": 0.8433960950261413, "edit_recall": 0.8135805049983468, "edit_f1": 0.82822004957084, "confusion_matrix": {"tp": 697, "fn": 297, "fp": 241}, "aste_precision": 0.7430703624733476, "aste_recall": 0.7012072434607646, "aste_f1": 0.7215320910973085, "aste_edit_precision": 0.8135805049983468, "aste_edit_recall": 0.8433960950261413, "aste_edit_f1": 0.82822004957084, "aste_confusion_matrix": {"tp": 697, "fn": 297, "fp": 241}}}