{"precision": 0.3203169213355971, "recall": 0.24705368834570057, "f1": 0.2789551503203549, "edit_precision": 0.7199210073450116, "edit_recall": 0.4424753842724645, "edit_f1": 0.54808725606511, "confusion_matrix": {"tp": 566, "fn": 1725, "fp": 1201}, "aste_precision": 0.3203169213355971, "aste_recall": 0.24705368834570057, "aste_f1": 0.2789551503203549, "aste_edit_precision": 0.4424753842724645, "aste_edit_recall": 0.7199210073450116, "aste_edit_f1": 0.54808725606511, "aste_confusion_matrix": {"tp": 566, "fn": 1725, "fp": 1201}}