{"global": 15.039531469345093, "concept": 1.9784250259399414, "sentiment_marker": 1.6822516918182373, "relation": 2.9710793495178223, "n_data": 1000, "n_data_relation": 1767}