{"raw": {"precision": 0.5323464912280702, "recall": 0.5510783200908059, "f1": 0.5415504740658116, "edit_recall": 0.7743702829821192, "edit_precision": 0.7389147503744382, "edit_f1": 0.7562271637326059}, "editdistance": {"precision": 0.5367324561403509, "recall": 0.5556186152099887, "f1": 0.5460122699386503, "edit_recall": 0.7746063973552934, "edit_precision": 0.7390292257039627, "edit_f1": 0.7563997006172573}, "cut": {"precision": 0.5367324561403509, "recall": 0.5556186152099887, "f1": 0.5460122699386503, "edit_recall": 0.7746063973552934, "edit_precision": 0.7390292257039627, "edit_f1": 0.7563997006172573}, "remove": {"precision": 0.5323464912280702, "recall": 0.5510783200908059, "f1": 0.5415504740658116, "edit_recall": 0.7743702829821192, "edit_precision": 0.7389147503744382, "edit_f1": 0.7562271637326059}}