{"raw": {"precision": 0.48608745031232253, "recall": 0.4858115777525539, "f1": 0.48594947487936413, "edit_recall": 0.7358393416940052, "edit_precision": 0.7001400682299512, "edit_f1": 0.7175459527336894}, "editdistance": {"precision": 0.49176604202157864, "recall": 0.49148694665153236, "f1": 0.49162645472608574, "edit_recall": 0.7363754861552251, "edit_precision": 0.7008361654212987, "edit_f1": 0.7181664182323728}, "cut": {"precision": 0.49176604202157864, "recall": 0.49148694665153236, "f1": 0.49162645472608574, "edit_recall": 0.7363754861552251, "edit_precision": 0.7008361654212987, "edit_f1": 0.7181664182323728}, "remove": {"precision": 0.48608745031232253, "recall": 0.4858115777525539, "f1": 0.48594947487936413, "edit_recall": 0.7358393416940052, "edit_precision": 0.7001400682299512, "edit_f1": 0.7175459527336894}}