{"recall": 0.4433370247323736, "precision": 0.473808586057503, "f1_score": 0.458066606576197}