{
    "precision": 0.3177966101694915,
    "recall": 0.13863216266173753,
    "f1": 0.19305019305019303,
    "edit_precision": 0.579817171470911,
    "edit_recall": 0.2658334985027685,
    "edit_f1": 0.36453545809616467,
    "confusion_matrix": {
        "tp": 75,
        "fn": 466,
        "fp": 161
    },
    "aste_precision": 0.3177966101694915,
    "aste_recall": 0.13863216266173753,
    "aste_f1": 0.19305019305019303,
    "aste_edit_precision": 0.2658334985027685,
    "aste_edit_recall": 0.579817171470911,
    "aste_edit_f1": 0.36453545809616467,
    "aste_confusion_matrix": {
        "tp": 75,
        "fn": 466,
        "fp": 161
    }
}