{"raw": {"precision": 0.6823308270676691, "recall": 0.7062256809338522, "f1": 0.6940726577437859, "edit_precision": 0.7897140877401757, "edit_recall": 0.8142781410371811, "edit_f1": 0.8018080234791488, "confusion_matrix": {"tp": 363, "fn": 151, "fp": 169}, "aste_precision": 0.6823308270676691, "aste_recall": 0.7062256809338522, "aste_f1": 0.6940726577437859, "aste_edit_precision": 0.8142781410371811, "aste_edit_recall": 0.7897140877401757, "aste_edit_f1": 0.8018080234791488, "aste_confusion_matrix": {"tp": 363, "fn": 151, "fp": 169}}, "editdistance": {"precision": 0.6860902255639098, "recall": 0.7101167315175098, "f1": 0.6978967495219885, "edit_precision": 0.7900270788426406, "edit_recall": 0.8145136599497429, "edit_f1": 0.8020835269434518, "confusion_matrix": {"tp": 365, "fn": 149, "fp": 167}, "aste_precision": 0.6860902255639098, "aste_recall": 0.7101167315175098, "aste_f1": 0.6978967495219885, "aste_edit_precision": 0.8145136599497429, "aste_edit_recall": 0.7900270788426406, "aste_edit_f1": 0.8020835269434518, "aste_confusion_matrix": {"tp": 365, "fn": 149, "fp": 167}}, "cut": {"precision": 0.6823308270676691, "recall": 0.7062256809338522, "f1": 0.6940726577437859, "edit_precision": 0.7896719150006347, "edit_recall": 0.8142344914312746, "edit_f1": 0.8017651248597327, "confusion_matrix": {"tp": 363, "fn": 151, "fp": 169}, "aste_precision": 0.6823308270676691, "aste_recall": 0.7062256809338522, "aste_f1": 0.6940726577437859, "aste_edit_precision": 0.8142344914312746, "aste_edit_recall": 0.7896719150006347, "aste_edit_f1": 0.8017651248597327, "aste_confusion_matrix": {"tp": 363, "fn": 151, "fp": 169}}, "remove": {"precision": 0.6994219653179191, "recall": 0.7062256809338522, "f1": 0.7028073572120038, "edit_precision": 0.7959384232021589, "edit_recall": 0.8019977995131625, "edit_f1": 0.7989566227760901, "confusion_matrix": {"tp": 363, "fn": 151, "fp": 156}, "aste_precision": 0.6994219653179191, "aste_recall": 0.7062256809338522, "aste_f1": 0.7028073572120038, "aste_edit_precision": 0.8019977995131625, "aste_edit_recall": 0.7959384232021589, "aste_edit_f1": 0.7989566227760901, "aste_confusion_matrix": {"tp": 363, "fn": 151, "fp": 156}}}