{
    "raw": {
        "precision": 0.7745454545454545,
        "recall": 0.7995142415544271,
        "f1": 0.7868318122555411,
        "edit_precision": 0.8564627235730051,
        "edit_recall": 0.8804176197900522,
        "edit_f1": 0.8682749798031812,
        "confusion_matrix": {
            "tp": 3621,
            "fn": 908,
            "fp": 1054
        },
        "uabsa_precision": 0.7972190034762456,
        "uabsa_recall": 0.8113207547169812,
        "uabsa_f1": 0.804208065458796,
        "uabsa_edit_precision": 0.8479176075069159,
        "uabsa_edit_recall": 0.834347150686266,
        "uabsa_edit_f1": 0.8410776441633931,
        "uabsa_confusion_matrix": {
            "tp": 688,
            "fn": 160,
            "fp": 175
        },
        "ote_precision": 0.8212290502793296,
        "ote_recall": 0.8698224852071006,
        "ote_f1": 0.8448275862068966,
        "ote_edit_precision": 0.9118215190148524,
        "ote_edit_recall": 0.868488583395988,
        "ote_edit_f1": 0.8896276870943011,
        "ote_confusion_matrix": {
            "tp": 735,
            "fn": 110,
            "fp": 160
        },
        "aope_precision": 0.7416502946954814,
        "aope_recall": 0.7595573440643864,
        "aope_f1": 0.7504970178926442,
        "aope_edit_precision": 0.9003223166603196,
        "aope_edit_recall": 0.8776425500728564,
        "aope_edit_f1": 0.8888377815171375,
        "aope_confusion_matrix": {
            "tp": 755,
            "fn": 239,
            "fp": 263
        },
        "ate_precision": 0.8432494279176201,
        "ate_recall": 0.8691037735849056,
        "ate_f1": 0.8559814169570268,
        "ate_edit_precision": 0.9102634271189299,
        "ate_edit_recall": 0.8858910778155406,
        "ate_edit_f1": 0.8979118960324367,
        "ate_confusion_matrix": {
            "tp": 737,
            "fn": 111,
            "fp": 137
        },
        "aste_precision": 0.688780487804878,
        "aste_recall": 0.710261569416499,
        "aste_f1": 0.6993561168895492,
        "aste_edit_precision": 0.8360808011454008,
        "aste_edit_recall": 0.8184540893045831,
        "aste_edit_f1": 0.8271735514751192,
        "aste_confusion_matrix": {
            "tp": 706,
            "fn": 288,
            "fp": 319
        }
    },
    "editdistance": {
        "precision": 0.7781818181818182,
        "recall": 0.8032678295429455,
        "f1": 0.7905258583224686,
        "edit_precision": 0.8565291335636998,
        "edit_recall": 0.8804289967499833,
        "edit_f1": 0.868314638781112,
        "confusion_matrix": {
            "tp": 3638,
            "fn": 891,
            "fp": 1037
        },
        "uabsa_precision": 0.7995365005793743,
        "uabsa_recall": 0.8136792452830188,
        "uabsa_f1": 0.8065458796025716,
        "uabsa_edit_precision": 0.84782149685656,
        "uabsa_edit_recall": 0.8343782165690121,
        "uabsa_edit_f1": 0.8410461408003866,
        "uabsa_confusion_matrix": {
            "tp": 690,
            "fn": 158,
            "fp": 173
        },
        "ote_precision": 0.8256983240223463,
        "ote_recall": 0.8745562130177514,
        "ote_f1": 0.8494252873563217,
        "ote_edit_precision": 0.912515141631552,
        "ote_edit_recall": 0.8690937975486883,
        "ote_edit_f1": 0.890275337444311,
        "ote_confusion_matrix": {
            "tp": 739,
            "fn": 106,
            "fp": 156
        },
        "aope_precision": 0.7465618860510805,
        "aope_recall": 0.7645875251509054,
        "aope_f1": 0.7554671968190856,
        "aope_edit_precision": 0.9000267766313792,
        "aope_edit_recall": 0.8774598000571004,
        "aope_edit_f1": 0.8886000331325316,
        "aope_confusion_matrix": {
            "tp": 760,
            "fn": 234,
            "fp": 258
        },
        "ate_precision": 0.8455377574370709,
        "ate_recall": 0.8714622641509434,
        "ate_f1": 0.8583042973286876,
        "ate_edit_precision": 0.9101668953095443,
        "ate_edit_recall": 0.8857516510714228,
        "ate_edit_f1": 0.8977933123922035,
        "ate_confusion_matrix": {
            "tp": 739,
            "fn": 109,
            "fp": 135
        },
        "aste_precision": 0.6926829268292682,
        "aste_recall": 0.7142857142857143,
        "aste_f1": 0.703318474492323,
        "aste_edit_precision": 0.8360028763315606,
        "aste_edit_recall": 0.8185027611810886,
        "aste_edit_f1": 0.8271602672341851,
        "aste_confusion_matrix": {
            "tp": 710,
            "fn": 284,
            "fp": 315
        }
    },
    "cut": {
        "precision": 0.7745454545454545,
        "recall": 0.7995142415544271,
        "f1": 0.7868318122555411,
        "edit_precision": 0.8553570555386175,
        "edit_recall": 0.8791717885006941,
        "edit_f1": 0.8671009362673133,
        "confusion_matrix": {
            "tp": 3621,
            "fn": 908,
            "fp": 1054
        },
        "uabsa_precision": 0.7972190034762456,
        "uabsa_recall": 0.8113207547169812,
        "uabsa_f1": 0.804208065458796,
        "uabsa_edit_precision": 0.8467597727293183,
        "uabsa_edit_recall": 0.8333516630893197,
        "uabsa_edit_f1": 0.8400022162783303,
        "uabsa_confusion_matrix": {
            "tp": 688,
            "fn": 160,
            "fp": 175
        },
        "ote_precision": 0.8212290502793296,
        "ote_recall": 0.8698224852071006,
        "ote_f1": 0.8448275862068966,
        "ote_edit_precision": 0.9101560125755903,
        "ote_edit_recall": 0.8669818466230667,
        "ote_edit_f1": 0.8880444884041653,
        "ote_confusion_matrix": {
            "tp": 735,
            "fn": 110,
            "fp": 160
        },
        "aope_precision": 0.7416502946954814,
        "aope_recall": 0.7595573440643864,
        "aope_f1": 0.7504970178926442,
        "aope_edit_precision": 0.8991841736999935,
        "aope_edit_recall": 0.8766454340585497,
        "aope_edit_f1": 0.8877717736069962,
        "aope_confusion_matrix": {
            "tp": 755,
            "fn": 239,
            "fp": 263
        },
        "ate_precision": 0.8432494279176201,
        "ate_recall": 0.8691037735849056,
        "ate_f1": 0.8559814169570268,
        "ate_edit_precision": 0.9090466878833228,
        "ate_edit_recall": 0.8847467663680255,
        "ate_edit_f1": 0.8967321356605168,
        "ate_confusion_matrix": {
            "tp": 737,
            "fn": 111,
            "fp": 137
        },
        "aste_precision": 0.688780487804878,
        "aste_recall": 0.710261569416499,
        "aste_f1": 0.6993561168895492,
        "aste_edit_precision": 0.8349841571790386,
        "aste_edit_recall": 0.8175309960898115,
        "aste_edit_f1": 0.8261654102081735,
        "aste_confusion_matrix": {
            "tp": 706,
            "fn": 288,
            "fp": 319
        }
    },
    "remove": {
        "precision": 0.7844454072790294,
        "recall": 0.7995142415544271,
        "f1": 0.7919081465281576,
        "edit_precision": 0.8599026666001941,
        "edit_recall": 0.8745567138813011,
        "edit_f1": 0.8671677859078663,
        "confusion_matrix": {
            "tp": 3621,
            "fn": 908,
            "fp": 995
        },
        "uabsa_precision": 0.8056206088992974,
        "uabsa_recall": 0.8113207547169812,
        "uabsa_f1": 0.8084606345475911,
        "uabsa_edit_precision": 0.8443524931447705,
        "uabsa_edit_recall": 0.8390895359473098,
        "uabsa_edit_f1": 0.8417127877351421,
        "uabsa_confusion_matrix": {
            "tp": 688,
            "fn": 160,
            "fp": 166
        },
        "ote_precision": 0.831447963800905,
        "ote_recall": 0.8698224852071006,
        "ote_f1": 0.8502024291497976,
        "ote_edit_precision": 0.9051384157932877,
        "ote_edit_recall": 0.8714540019173811,
        "ote_edit_f1": 0.8879768785106668,
        "ote_confusion_matrix": {
            "tp": 735,
            "fn": 110,
            "fp": 149
        },