{"raw": {"precision": 0.7208717518860017, "recall": 0.7510917030567685, "f1": 0.7356715141146278, "edit_precision": 0.8139219570772869, "edit_recall": 0.8380431307723248, "edit_f1": 0.8258064412260546, "confusion_matrix": {"tp": 1720, "fn": 570, "fp": 666}, "ate_precision": 0.8126410835214447, "ate_recall": 0.8333333333333334, "ate_f1": 0.8228571428571428, "ate_edit_precision": 0.8807652989390652, "ate_edit_recall": 0.8597492536782, "ate_edit_f1": 0.8701303959680624, "ate_confusion_matrix": {"tp": 360, "fn": 72, "fp": 83}, "ote_precision": 0.7740585774058577, "ote_recall": 0.8114035087719298, "ote_f1": 0.7922912205567451, "ote_edit_precision": 0.8704768925114077, "ote_edit_recall": 0.8317526431715326, "ote_edit_f1": 0.850674296255382, "ote_confusion_matrix": {"tp": 370, "fn": 86, "fp": 108}, "aope_precision": 0.692156862745098, "aope_recall": 0.7278350515463917, "aope_f1": 0.7095477386934673, "aope_edit_precision": 0.8752293728715781, "aope_edit_recall": 0.8523395004650307, "aope_edit_f1": 0.8636327940140304, "aope_confusion_matrix": {"tp": 353, "fn": 132, "fp": 157}, "aste_precision": 0.6186770428015564, "aste_recall": 0.6556701030927835, "aste_f1": 0.6366366366366367, "aste_edit_precision": 0.78284700030358, "aste_edit_recall": 0.7591192202853037, "aste_edit_f1": 0.7708005487256221, "aste_confusion_matrix": {"tp": 318, "fn": 167, "fp": 196}, "uabsa_precision": 0.7233560090702947, "uabsa_recall": 0.7384259259259259, "uabsa_f1": 0.7308132875143184, "uabsa_edit_precision": 0.7813047600735965, "uabsa_edit_recall": 0.7680060823291622, "uabsa_edit_f1": 0.7745983458795943, "uabsa_confusion_matrix": {"tp": 319, "fn": 113, "fp": 122}}, "editdistance": {"precision": 0.7229673093042749, "recall": 0.7532751091703057, "f1": 0.7378100940975193, "edit_precision": 0.8135085037866919, "edit_recall": 0.8375224358144316, "edit_f1": 0.8253408307560711, "confusion_matrix": {"tp": 1725, "fn": 565, "fp": 661}, "ate_precision": 0.8126410835214447, "ate_recall": 0.8333333333333334, "ate_f1": 0.8228571428571428, "ate_edit_precision": 0.8799707295681072, "ate_edit_recall": 0.8588615472035862, "ate_edit_f1": 0.8692880071146334, "ate_confusion_matrix": {"tp": 360, "fn": 72, "fp": 83}, "ote_precision": 0.7761506276150628, "ote_recall": 0.8135964912280702, "ote_f1": 0.7944325481798715, "ote_edit_precision": 0.870391362179167, "ote_edit_recall": 0.8316220932581868, "ote_edit_f1": 0.8505651753302791, "ote_confusion_matrix": {"tp": 371, "fn": 85, "fp": 107}, "aope_precision": 0.696078431372549, "aope_recall": 0.7319587628865979, "aope_f1": 0.71356783919598, "aope_edit_precision": 0.8748248735907902, "aope_edit_recall": 0.8526005019907379, "aope_edit_f1": 0.86356972280368, "aope_confusion_matrix": {"tp": 355, "fn": 130, "fp": 155}, "aste_precision": 0.622568093385214, "aste_recall": 0.6597938144329897, "aste_f1": 0.6406406406406406, "aste_edit_precision": 0.7831105152296017, "aste_edit_recall": 0.7593678676376784, "aste_edit_f1": 0.7710564617043499, "aste_confusion_matrix": {"tp": 320, "fn": 165, "fp": 194}, "uabsa_precision": 0.7233560090702947, "uabsa_recall": 0.7384259259259259, "uabsa_f1": 0.7308132875143184, "uabsa_edit_precision": 0.7795877271065634, "uabsa_edit_recall": 0.7662107121664451, "uabsa_edit_f1": 0.772841338698032, "uabsa_confusion_matrix": {"tp": 319, "fn": 113, "fp": 122}}, "cut": {"precision": 0.7208717518860017, "recall": 0.7510917030567685, "f1": 0.7356715141146278, "edit_precision": 0.8117399494000556, "edit_recall": 0.8357904212668863, "edit_f1": 0.8235896422274634, "confusion_matrix": {"tp": 1720, "fn": 570, "fp": 666}, "ate_precision": 0.8126410835214447, "ate_recall": 0.8333333333333334, "ate_f1": 0.8228571428571428, "ate_edit_precision": 0.8795711484393592, "ate_edit_recall": 0.8585847547710376, "ate_edit_f1": 0.8689512573545882, "ate_confusion_matrix": {"tp": 360, "fn": 72, "fp": 83}, "ote_precision": 0.7740585774058577, "ote_recall": 0.8114035087719298, "ote_f1": 0.7922912205567451, "ote_edit_precision": 0.866965228736586, "ote_edit_recall": 0.8284361590004894, "ote_edit_f1": 0.8472628951190894, "ote_confusion_matrix": {"tp": 370, "fn": 86, "fp": 108}, "aope_precision": 0.692156862745098, "aope_recall": 0.7278350515463917, "aope_f1": 0.7095477386934673, "aope_edit_precision": 0.8725717598660271, "aope_edit_recall": 0.8496874473166541, "aope_edit_f1": 0.860977567312866, "aope_confusion_matrix": {"tp": 353, "fn": 132, "fp": 157}, "aste_precision": 0.6186770428015564, "aste_recall": 0.6556701030927835, "aste_f1": 0.6366366366366367, "aste_edit_precision": 0.7816804898381007, "aste_edit_recall": 0.7580185246126236, "aste_edit_f1": 0.7696676896775567, "aste_confusion_matrix": {"tp": 318, "fn": 167, "fp": 196}, "uabsa_precision": 0.7233560090702947, "uabsa_recall": 0.7384259259259259, "uabsa_f1": 0.7308132875143184, "uabsa_edit_precision": 0.7785575073263437, "uabsa_edit_recall": 0.7653148959645065, "uabsa_edit_f1": 0.7718794071994247, "uabsa_confusion_matrix": {"tp": 319, "fn": 113, "fp": 122}}, "remove": {"precision": 0.735356990166738, "recall": 0.7510917030567685, "f1": 0.7431410671851372, "edit_precision": 0.819830005193819, "edit_recall": 0.829714140796673, "edit_f1": 0.8247424599240065, "confusion_matrix": {"tp": 1720, "fn": 570, "fp": 619}, "ate_precision": 0.8200455580865603, "ate_recall": 0.8333333333333334, "ate_f1": 0.8266360505166476, "ate_edit_precision": 0.8783586263935038, "ate_edit_recall": 0.8646451864231438, "ate_edit_f1": 0.8714479597575943, "ate_confusion_matrix": {"tp": 360, "fn": 72, "fp": 79}, "ote_precision": 0.7939914163090128, "ote_recall": 0.8114035087719298, "ote_f1": 0.8026030368763558, "ote_edit_precision": 0.8591246336591489, "ote_edit_recall": 0.8401803572421656, "ote_edit_f1": 0.8495468976883708, "ote_confusion_matrix": {"tp": 370, "fn": 86, "fp": 96}, "aope_precision": 0.7131313131313132, "aope_recall": 0.7278350515463917, "aope_f1": 0.7204081632653062, "aope_edit_precision": 0.8613294746297102, "aope_edit_recall": 0.8588462269346917, "aope_edit_f1": 0.8600860583725334, "aope_confusion_matrix": {"tp": 353, "fn": 132, "fp": 142}, "aste_precision": 0.6334661354581673, "aste_recall": 0.6556701030927835, "aste_f1": 0.6443768996960486, "aste_edit_precision": 0.7740552983056925, "aste_edit_recall": 0.7664565389353575, "aste_edit_f1": 0.7702371777246186, "aste_confusion_matrix": {"tp": 318, "fn": 167, "fp": 184}, "uabsa_precision": 0.7299771167048055, "uabsa_recall": 0.7384259259259259, "uabsa_f1": 0.7341772151898736, "uabsa_edit_precision": 0.7770185370373733, "uabsa_edit_recall": 0.7702266223238265, "uabsa_edit_f1": 0.7736076725066472, "uabsa_confusion_matrix": {"tp": 319, "fn": 113, "fp": 118}}}