{
    "raw": {
        "precision": 0.7158469945355191,
        "recall": 0.7645914396887159,
        "f1": 0.7394167450611476,
        "edit_recall": 0.8576993161210865,
        "edit_precision": 0.8145040539980906,
        "edit_f1": 0.835543789200982,
        "confusion_matrix": {
            "tp": 393,
            "fn": 121,
            "fp": 156
        }
    },
    "editdistance": {
        "precision": 0.7158469945355191,
        "recall": 0.7645914396887159,
        "f1": 0.7394167450611476,
        "edit_recall": 0.8565438581441305,
        "edit_precision": 0.8132247460754343,
        "edit_f1": 0.8343223842890501,
        "confusion_matrix": {
            "tp": 393,
            "fn": 121,
            "fp": 156
        }
    },
    "cut": {
        "precision": 0.7158469945355191,
        "recall": 0.7645914396887159,
        "f1": 0.7394167450611476,
        "edit_recall": 0.8572995659037292,
        "edit_precision": 0.815177015736626,
        "edit_f1": 0.8357078471499769,
        "confusion_matrix": {
            "tp": 393,
            "fn": 121,
            "fp": 156
        }
    },
    "remove": {
        "precision": 0.7359550561797753,
        "recall": 0.7645914396887159,
        "f1": 0.75,
        "edit_recall": 0.8456785358853257,
        "edit_precision": 0.8247947237197725,
        "edit_f1": 0.8351060878713753,
        "confusion_matrix": {
            "tp": 393,
            "fn": 121,
            "fp": 141
        }
    }
}