{"raw": {"precision": 0.5834932821497121, "recall": 0.6268041237113402, "f1": 0.6043737574552684, "edit_precision": 0.7506007296394167, "edit_recall": 0.7851954315987462, "edit_f1": 0.7675084477257781, "confusion_matrix": {"tp": 304, "fn": 181, "fp": 217}, "aste_precision": 0.5834932821497121, "aste_recall": 0.6268041237113402, "aste_f1": 0.6043737574552684, "aste_edit_precision": 0.7851954315987462, "aste_edit_recall": 0.7506007296394167, "aste_edit_f1": 0.7675084477257781, "aste_confusion_matrix": {"tp": 304, "fn": 181, "fp": 217}}, "editdistance": {"precision": 0.5930902111324377, "recall": 0.6371134020618556, "f1": 0.614314115308151, "edit_precision": 0.7508264377107143, "edit_recall": 0.785352095095616, "edit_f1": 0.7677012838241867, "confusion_matrix": {"tp": 309, "fn": 176, "fp": 212}, "aste_precision": 0.5930902111324377, "aste_recall": 0.6371134020618556, "aste_f1": 0.614314115308151, "aste_edit_precision": 0.785352095095616, "aste_edit_recall": 0.7508264377107143, "aste_edit_f1": 0.7677012838241867, "aste_confusion_matrix": {"tp": 309, "fn": 176, "fp": 212}}, "cut": {"precision": 0.5854126679462572, "recall": 0.6288659793814433, "f1": 0.606361829025845, "edit_precision": 0.7489781194707413, "edit_recall": 0.7833978958012106, "edit_f1": 0.765801444223722, "confusion_matrix": {"tp": 305, "fn": 180, "fp": 216}, "aste_precision": 0.5854126679462572, "aste_recall": 0.6288659793814433, "aste_f1": 0.606361829025845, "aste_edit_precision": 0.7833978958012106, "aste_edit_recall": 0.7489781194707413, "aste_edit_f1": 0.765801444223722, "aste_confusion_matrix": {"tp": 305, "fn": 180, "fp": 216}}, "remove": {"precision": 0.6166328600405679, "recall": 0.6268041237113402, "f1": 0.6216768916155418, "edit_precision": 0.7670627876373788, "edit_recall": 0.76759381557445, "edit_f1": 0.7673282097317226, "confusion_matrix": {"tp": 304, "fn": 181, "fp": 189}, "aste_precision": 0.6166328600405679, "aste_recall": 0.6268041237113402, "aste_f1": 0.6216768916155418, "aste_edit_precision": 0.76759381557445, "aste_edit_recall": 0.7670627876373788, "aste_edit_f1": 0.7673282097317226, "aste_confusion_matrix": {"tp": 304, "fn": 181, "fp": 189}}}