{"raw": {"precision": 0.24671052631578946, "recall": 0.23219814241486067, "f1": 0.23923444976076555, "edit_precision": 0.48810105258185826, "edit_recall": 0.4978143020216162, "edit_f1": 0.492909829779007, "confusion_matrix": {"tp": 75, "fn": 248, "fp": 229}, "aste_precision": 0.24671052631578946, "aste_recall": 0.23219814241486067, "aste_f1": 0.23923444976076555, "aste_edit_precision": 0.4978143020216162, "aste_edit_recall": 0.48810105258185826, "aste_edit_f1": 0.492909829779007, "aste_confusion_matrix": {"tp": 75, "fn": 248, "fp": 229}}, "editdistance": {"precision": 0.2532894736842105, "recall": 0.23839009287925697, "f1": 0.2456140350877193, "edit_precision": 0.48981321301409725, "edit_recall": 0.4998261101087088, "edit_f1": 0.49476900769898835, "confusion_matrix": {"tp": 77, "fn": 246, "fp": 227}, "aste_precision": 0.2532894736842105, "aste_recall": 0.23839009287925697, "aste_f1": 0.2456140350877193, "aste_edit_precision": 0.4998261101087088, "aste_edit_recall": 0.48981321301409725, "aste_edit_f1": 0.49476900769898835, "aste_confusion_matrix": {"tp": 77, "fn": 246, "fp": 227}}, "cut": {"precision": 0.24671052631578946, "recall": 0.23219814241486067, "f1": 0.23923444976076555, "edit_precision": 0.48538574800559364, "edit_recall": 0.49670200190550223, "edit_f1": 0.4909786783362343, "confusion_matrix": {"tp": 75, "fn": 248, "fp": 229}, "aste_precision": 0.24671052631578946, "aste_recall": 0.23219814241486067, "aste_f1": 0.23923444976076555, "aste_edit_precision": 0.49670200190550223, "aste_edit_recall": 0.48538574800559364, "aste_edit_f1": 0.4909786783362343, "aste_confusion_matrix": {"tp": 75, "fn": 248, "fp": 229}}, "remove": {"precision": 0.25773195876288657, "recall": 0.23219814241486067, "f1": 0.24429967426710095, "edit_precision": 0.4911826713687423, "edit_recall": 0.487317635253741, "edit_f1": 0.48924251994410356, "confusion_matrix": {"tp": 75, "fn": 248, "fp": 216}, "aste_precision": 0.25773195876288657, "aste_recall": 0.23219814241486067, "aste_f1": 0.24429967426710095, "aste_edit_precision": 0.487317635253741, "aste_edit_recall": 0.4911826713687423, "aste_edit_f1": 0.48924251994410356, "aste_confusion_matrix": {"tp": 75, "fn": 248, "fp": 216}}}