{"recall": 0.019933554817275746, "precision": 0.5094339622641509, "f1_score": 0.03836589698046181}