{"recall": 0.746031746031746, "precision": 0.809656823623304, "f1_score": 0.7765432048499852}