{"recall": 0.6437799926172019, "precision": 0.6908323743766782, "f1_score": 0.6664767566596081}