{
    "raw": {
        "precision": 0.8480565371024735,
        "recall": 0.8490566037735849,
        "f1": 0.8485562757807897,
        "edit_precision": 0.8939109070663638,
        "edit_recall": 0.8953996248892752,
        "edit_f1": 0.8946546466664376,
        "confusion_matrix": {
            "tp": 720,
            "fn": 128,
            "fp": 129
        },
        "ate_precision": 0.8480565371024735,
        "ate_recall": 0.8490566037735849,
        "ate_f1": 0.8485562757807897,
        "ate_edit_precision": 0.8953996248892752,
        "ate_edit_recall": 0.8939109070663638,
        "ate_edit_f1": 0.8946546466664376
    },
    "editdistance": {
        "precision": 0.8515901060070671,
        "recall": 0.8525943396226415,
        "f1": 0.8520919269298762,
        "edit_precision": 0.8936376702913603,
        "edit_recall": 0.8951732357124143,
        "edit_f1": 0.8944047939156882,
        "confusion_matrix": {
            "tp": 723,
            "fn": 125,
            "fp": 126
        },
        "ate_precision": 0.8515901060070671,
        "ate_recall": 0.8525943396226415,
        "ate_f1": 0.8520919269298762,
        "ate_edit_precision": 0.8951732357124143,
        "ate_edit_recall": 0.8936376702913603,
        "ate_edit_f1": 0.8944047939156882
    },
    "cut": {
        "precision": 0.8480565371024735,
        "recall": 0.8490566037735849,
        "f1": 0.8485562757807897,
        "edit_precision": 0.8930891435507736,
        "edit_recall": 0.8945395495456399,
        "edit_f1": 0.8938137581492964,
        "confusion_matrix": {
            "tp": 720,
            "fn": 128,
            "fp": 129
        },
        "ate_precision": 0.8480565371024735,
        "ate_recall": 0.8490566037735849,
        "ate_f1": 0.8485562757807897,
        "ate_edit_precision": 0.8945395495456399,
        "ate_edit_recall": 0.8930891435507736,
        "ate_edit_f1": 0.8938137581492964
    },
    "remove": {
        "precision": 0.8581644815256257,
        "recall": 0.8490566037735849,
        "f1": 0.8535862477771191,
        "edit_precision": 0.8979995028559642,
        "edit_recall": 0.890264000247546,
        "edit_f1": 0.894115020795773,
        "confusion_matrix": {
            "tp": 720,
            "fn": 128,
            "fp": 119
        },
        "ate_precision": 0.8581644815256257,
        "ate_recall": 0.8490566037735849,
        "ate_f1": 0.8535862477771191,
        "ate_edit_precision": 0.890264000247546,
        "ate_edit_recall": 0.8979995028559642,
        "ate_edit_f1": 0.894115020795773
    }
}