{
    "raw": {
        "precision": 0.7452285841100754,
        "recall": 0.6775625504439063,
        "f1": 0.7097865144789683,
        "edit_precision": 0.8328954325183774,
        "edit_recall": 0.7792711874653243,
        "edit_f1": 0.8051914792028164,
        "confusion_matrix": {
            "tp": 1679,
            "fn": 799,
            "fp": 574
        },
        "aope_precision": 0.7165991902834008,
        "aope_recall": 0.6543438077634011,
        "aope_f1": 0.6840579710144927,
        "aope_edit_precision": 0.8409171519252068,
        "aope_edit_recall": 0.8791171954066663,
        "aope_edit_f1": 0.8595929834966388,
        "aope_confusion_matrix": {
            "tp": 354,
            "fn": 187,
            "fp": 140
        },
        "uabsa_precision": 0.7411764705882353,
        "uabsa_recall": 0.6803455723542117,
        "uabsa_f1": 0.7094594594594597,
        "uabsa_edit_precision": 0.7184950126562658,
        "uabsa_edit_recall": 0.7735536616931503,
        "uabsa_edit_f1": 0.7450084672215752,
        "uabsa_confusion_matrix": {
            "tp": 315,
            "fn": 148,
            "fp": 110
        },
        "ate_precision": 0.8558139534883721,
        "ate_recall": 0.7948164146868251,
        "ate_f1": 0.8241881298992162,
        "ate_edit_precision": 0.8432696501401157,
        "ate_edit_recall": 0.8948853790971205,
        "ate_edit_f1": 0.8683111320373901,
        "ate_confusion_matrix": {
            "tp": 368,
            "fn": 95,
            "fp": 62
        },
        "ote_precision": 0.8173076923076923,
        "ote_recall": 0.723404255319149,
        "ote_f1": 0.7674943566591421,
        "ote_edit_precision": 0.796132024335381,
        "ote_edit_recall": 0.8777065963814417,
        "ote_edit_f1": 0.8349315408320849,
        "ote_confusion_matrix": {
            "tp": 340,
            "fn": 130,
            "fp": 76
        },
        "aste_precision": 0.6188524590163934,
        "aste_recall": 0.5582255083179297,
        "aste_f1": 0.586977648202138,
        "aste_edit_precision": 0.7002194695659559,
        "aste_edit_recall": 0.7449642450962707,
        "aste_edit_f1": 0.7218991789826978,
        "aste_confusion_matrix": {
            "tp": 302,
            "fn": 239,
            "fp": 186
        }
    },
    "editdistance": {
        "precision": 0.7492232578783844,
        "recall": 0.6811945117029863,
        "f1": 0.7135912069329952,
        "edit_precision": 0.8330766280340163,
        "edit_recall": 0.7793898843711482,
        "edit_f1": 0.8053395116122455,
        "confusion_matrix": {
            "tp": 1688,
            "fn": 790,
            "fp": 565
        },
        "aope_precision": 0.7246963562753036,
        "aope_recall": 0.6617375231053605,
        "aope_f1": 0.6917874396135265,
        "aope_edit_precision": 0.84148467751827,
        "aope_edit_recall": 0.87979364904631,
        "aope_edit_f1": 0.8602128588093622,
        "aope_confusion_matrix": {
            "tp": 358,
            "fn": 183,
            "fp": 136
        },
        "uabsa_precision": 0.7411764705882353,
        "uabsa_recall": 0.6803455723542117,
        "uabsa_f1": 0.7094594594594597,
        "uabsa_edit_precision": 0.7184950126562658,
        "uabsa_edit_recall": 0.7735536616931503,
        "uabsa_edit_f1": 0.7450084672215752,
        "uabsa_confusion_matrix": {
            "tp": 315,
            "fn": 148,
            "fp": 110
        },
        "ate_precision": 0.8558139534883721,
        "ate_recall": 0.7948164146868251,
        "ate_f1": 0.8241881298992162,
        "ate_edit_precision": 0.8432696501401157,
        "ate_edit_recall": 0.8948853790971205,
        "ate_edit_f1": 0.8683111320373901,
        "ate_confusion_matrix": {
            "tp": 368,
            "fn": 95,
            "fp": 62
        },
        "ote_precision": 0.8197115384615384,
        "ote_recall": 0.725531914893617,
        "ote_f1": 0.7697516930022574,
        "ote_edit_precision": 0.7949887550237491,
        "ote_edit_recall": 0.8765484689273276,
        "ote_edit_f1": 0.8337788307021337,
        "ote_confusion_matrix": {
            "tp": 341,
            "fn": 129,
            "fp": 75
        },
        "aste_precision": 0.6270491803278688,
        "aste_recall": 0.5656192236598891,
        "aste_f1": 0.5947521865889214,
        "aste_edit_precision": 0.7011888524924846,
        "aste_edit_recall": 0.7461032746447589,
        "aste_edit_f1": 0.7229491395408296,
        "aste_confusion_matrix": {
            "tp": 306,
            "fn": 235,
            "fp": 182
        }
    },
    "cut": {
        "precision": 0.7496671105193076,
        "recall": 0.6815980629539952,
        "f1": 0.7140139505389982,
        "edit_precision": 0.8320872313426556,
        "edit_recall": 0.7785964593983349,
        "edit_f1": 0.8044536316573847,
        "confusion_matrix": {
            "tp": 1689,
            "fn": 789,
            "fp": 564
        },
        "aope_precision": 0.7226720647773279,
        "aope_recall": 0.6598890942698706,
        "aope_f1": 0.6898550724637682,
        "aope_edit_precision": 0.8390638373408387,
        "aope_edit_recall": 0.8770875533213564,
        "aope_edit_f1": 0.8576544612299472,
        "aope_confusion_matrix": {
            "tp": 357,
            "fn": 184,
            "fp": 137
        },
        "uabsa_precision": 0.7411764705882353,
        "uabsa_recall": 0.6803455723542117,
        "uabsa_f1": 0.7094594594594597,
        "uabsa_edit_precision": 0.7184950126562658,
        "uabsa_edit_recall": 0.7735536616931503,
        "uabsa_edit_f1": 0.7450084672215752,
        "uabsa_confusion_matrix": {
            "tp": 315,
            "fn": 148,
            "fp": 110
        },
        "ate_precision": 0.8558139534883721,
        "ate_recall": 0.7948164146868251,
        "ate_f1": 0.8241881298992162,
        "ate_edit_precision": 0.8432696501401157,
        "ate_edit_recall": 0.8948853790971205,
        "ate_edit_f1": 0.8683111320373901,
        "ate_confusion_matrix": {
            "tp": 368,
            "fn": 95,
            "fp": 62
        },
        "ote_precision": 0.8269230769230769,
        "ote_recall": 0.7319148936170212,
        "ote_f1": 0.7765237020316027,
        "ote_edit_precision": 0.7948424845287697,
        "ote_edit_recall": 0.8758917290544984,
        "ote_edit_f1": 0.8334012106051597,
        "ote_confusion_matrix": {
            "tp": 344,
            "fn": 126,
            "fp": 72
        },
        "aste_precision": 0.625,
        "aste_recall": 0.5637707948243993,
        "aste_f1": 0.5928085519922255,
        "aste_edit_precision": 0.700102557827048,
        "aste_edit_recall": 0.7448346359758828,
        "aste_edit_f1": 0.7217761935139356,
        "aste_confusion_matrix": {
            "tp": 305,
            "fn": 236,
            "fp": 183
        }
    },
    "remove": {
        "precision": 0.762488646684832,
        "recall": 0.6775625504439063,
        "f1": 0.7175213675213675,
        "edit_precision": 0.838158126278159,
        "edit_recall": 0.7699212702431103,
        "edit_f1": 0.8025919250562703,
        "confusion_matrix": {
            "tp": 1679,
            "fn": 799,
            "fp": 523
        },
        "aope_precision": 0.7468354430379747,
        "aope_recall": 0.6543438077634011,
        "aope_f1": 0.6975369458128079,
        "aope_edit_precision": 0.8216488399764299,
        "aope_edit_recall": 0.8862093794964075,
        "aope_edit_f1": 0.8527088494081354,
        "aope_confusion_matrix": {
            "tp": 354,
            "fn": 187,
            "fp": 120
        },
        "uabsa_precision": 0.7429245283018868,
        "uabsa_recall": 0.6803455723542117,
        "uabsa_f1": 0.7102593010146561,
        "uabsa_edit_precision": 0.7184950126562658,
        "uabsa_edit_recall": 0.7753780807065775,
        "uabsa_edit_f1": 0.7458535619736869,
        "uabsa_confusion_matrix": {
            "tp": 315,
            "fn": 148,
            "fp": 109
        },