{"raw": {"precision": 0.8838574423480083, "recall": 0.788184707421948, "f1": 0.8332839213361004, "edit_precision": 0.9349623926506162, "edit_recall": 0.8571875431792402, "edit_f1": 0.8943873504088923, "confusion_matrix": {"tp": 8432, "fn": 2266, "fp": 1108}, "ote_precision": 0.9036208732694355, "ote_recall": 0.8019848771266541, "ote_f1": 0.8497746619929896, "ote_edit_precision": 0.856282399472537, "ote_edit_recall": 0.9374449137901874, "ote_edit_f1": 0.8950274372457131, "ote_confusion_matrix": {"tp": 1697, "fn": 419, "fp": 181}, "aope_precision": 0.8565872630043753, "aope_recall": 0.7690964644260149, "aope_f1": 0.8104875804967802, "aope_edit_precision": 0.8684329943831557, "aope_edit_recall": 0.9370164606918624, "aope_edit_f1": 0.9014220901699285, "aope_confusion_matrix": {"tp": 1762, "fn": 529, "fp": 295}, "aste_precision": 0.8536345776031434, "aste_recall": 0.7586206896551724, "aste_f1": 0.8033279408366074, "aste_edit_precision": 0.8521498147279901, "aste_edit_recall": 0.9277203224279569, "aste_edit_f1": 0.8883307656811464, "aste_confusion_matrix": {"tp": 1738, "fn": 553, "fp": 298}, "ate_precision": 0.9140271493212669, "ate_recall": 0.813286361348767, "ate_f1": 0.8607190412782957, "ate_edit_precision": 0.8607270459186748, "ate_edit_recall": 0.9448101130269259, "ate_edit_f1": 0.9008107238453761, "ate_confusion_matrix": {"tp": 1616, "fn": 371, "fp": 152}, "uabsa_precision": 0.8989450305385897, "uabsa_recall": 0.8042722305017387, "uabsa_f1": 0.8489774514944939, "uabsa_edit_precision": 0.8475801906277145, "uabsa_edit_recall": 0.9285474524435445, "uabsa_edit_f1": 0.8862183186204738, "uabsa_confusion_matrix": {"tp": 1619, "fn": 394, "fp": 182}}, "editdistance": {"precision": 0.8864779874213836, "recall": 0.790521592821088, "f1": 0.8357545211977467, "edit_precision": 0.9352067570959955, "edit_recall": 0.8571987495771991, "edit_f1": 0.8945052442588812, "confusion_matrix": {"tp": 8457, "fn": 2241, "fp": 1083}, "ote_precision": 0.9084132055378061, "ote_recall": 0.8062381852551985, "ote_f1": 0.8542814221331998, "ote_edit_precision": 0.8563679505970723, "ote_edit_recall": 0.9382033931063795, "ote_edit_f1": 0.8954197556054334, "ote_confusion_matrix": {"tp": 1706, "fn": 410, "fp": 172}, "aope_precision": 0.8604764219737482, "aope_recall": 0.772588389349629, "aope_f1": 0.8141674333026679, "aope_edit_precision": 0.868511925478116, "aope_edit_recall": 0.9372883232722671, "aope_edit_f1": 0.9015904023013319, "aope_confusion_matrix": {"tp": 1770, "fn": 521, "fp": 287}, "aste_precision": 0.8575638506876228, "aste_recall": 0.7621126145787865, "aste_f1": 0.8070256528772822, "aste_edit_precision": 0.8522624418459671, "aste_edit_recall": 0.9280813692478056, "aste_edit_f1": 0.8885574674488782, "aste_confusion_matrix": {"tp": 1746, "fn": 545, "fp": 290}, "ate_precision": 0.9140271493212669, "ate_recall": 0.813286361348767, "ate_f1": 0.8607190412782957, "ate_edit_precision": 0.8606012281028721, "ate_edit_recall": 0.944687564007318, "ate_edit_f1": 0.9006861188207999, "ate_confusion_matrix": {"tp": 1616, "fn": 371, "fp": 152}, "uabsa_precision": 0.8989450305385897, "uabsa_recall": 0.8042722305017387, "uabsa_f1": 0.8489774514944939, "uabsa_edit_precision": 0.8474559978805709, "uabsa_edit_recall": 0.9284525977331984, "uabsa_edit_f1": 0.8861072294375187, "uabsa_confusion_matrix": {"tp": 1619, "fn": 394, "fp": 182}}, "cut": {"precision": 0.8845911949685534, "recall": 0.7888390353337073, "f1": 0.8339756892973614, "edit_precision": 0.9342921693307655, "edit_recall": 0.856626732586521, "edit_f1": 0.8937754215874034, "confusion_matrix": {"tp": 8439, "fn": 2259, "fp": 1101}, "ote_precision": 0.9052183173588925, "ote_recall": 0.8034026465028355, "ote_f1": 0.8512769153730596, "ote_edit_precision": 0.8550345503762568, "ote_edit_recall": 0.9361564278746336, "ote_edit_f1": 0.8937585105204927, "ote_confusion_matrix": {"tp": 1700, "fn": 416, "fp": 178}, "aope_precision": 0.8575595527467185, "aope_recall": 0.7699694456569184, "aope_f1": 0.811407543698252, "aope_edit_precision": 0.867746093223955, "aope_edit_recall": 0.9360684411473672, "aope_edit_f1": 0.9006133583228536, "aope_confusion_matrix": {"tp": 1764, "fn": 527, "fp": 293}, "aste_precision": 0.8546168958742633, "aste_recall": 0.759493670886076, "aste_f1": 0.8042523688467761, "aste_edit_precision": 0.85157783197921, "aste_edit_recall": 0.9268796653950787, "aste_edit_f1": 0.8876345677398451, "aste_confusion_matrix": {"tp": 1740, "fn": 551, "fp": 296}, "ate_precision": 0.9140271493212669, "ate_recall": 0.813286361348767, "ate_f1": 0.8607190412782957, "ate_edit_precision": 0.8605697736489214, "ate_edit_recall": 0.9446333596332607, "ate_edit_f1": 0.9006442560320357, "ate_confusion_matrix": {"tp": 1616, "fn": 371, "fp": 152}, "uabsa_precision": 0.8989450305385897, "uabsa_recall": 0.8042722305017387, "uabsa_f1": 0.8489774514944939, "uabsa_edit_precision": 0.8474994653420712, "uabsa_edit_recall": 0.9285474524435445, "uabsa_edit_f1": 0.8861741901185937, "uabsa_confusion_matrix": {"tp": 1619, "fn": 394, "fp": 182}}, "remove": {"precision": 0.8916146769588664, "recall": 0.788184707421948, "f1": 0.8367154552220293, "edit_precision": 0.937695401023619, "edit_recall": 0.8536835095805817, "edit_f1": 0.893719465072212, "confusion_matrix": {"tp": 8432, "fn": 2266, "fp": 1025}, "ote_precision": 0.9128563743948359, "ote_recall": 0.8019848771266541, "ote_f1": 0.8538364779874213, "ote_edit_precision": 0.8520108021897981, "ote_edit_recall": 0.9402275528698009, "ote_edit_f1": 0.8939480949060603, "ote_confusion_matrix": {"tp": 1697, "fn": 419, "fp": 162}, "aope_precision": 0.8696939782823297, "aope_recall": 0.7690964644260149, "aope_f1": 0.8163076210331248, "aope_edit_precision": 0.8620457534271745, "aope_edit_recall": 0.9416127558576336, "aope_edit_f1": 0.9000742362053832, "aope_confusion_matrix": {"tp": 1762, "fn": 529, "fp": 264}, "aste_precision": 0.8659691081215745, "aste_recall": 0.7586206896551724, "aste_f1": 0.8087482550023266, "aste_edit_precision": 0.8463928166668698, "aste_edit_recall": 0.9323713012682648, "aste_edit_f1": 0.8873041275151009, "aste_confusion_matrix": {"tp": 1738, "fn": 553, "fp": 269}, "ate_precision": 0.9150622876557192, "ate_recall": 0.813286361348767, "ate_f1": 0.861177724487077, "ate_edit_precision": 0.8605697736489214, "ate_edit_recall": 0.9452784710258239, "ate_edit_f1": 0.9009373653015996, "ate_confusion_matrix": {"tp": 1616, "fn": 371, "fp": 150}, "uabsa_precision": 0.8999444135630906, "uabsa_recall": 0.8042722305017387, "uabsa_f1": 0.8494228751311648, "uabsa_edit_precision": 0.847424949693785, "uabsa_edit_recall": 0.9291628470543767, "uabsa_edit_f1": 0.8864135849223168, "uabsa_confusion_matrix": {"tp": 1619, "fn": 394, "fp": 180}}}