{"raw": {"precision": 0.8573699268835435, "recall": 0.7563095905776781, "f1": 0.803675192450956, "edit_precision": 0.918486573538698, "edit_recall": 0.8318602646484241, "edit_f1": 0.8730298104017759, "confusion_matrix": {"tp": 8091, "fn": 2607, "fp": 1346}, "ote_precision": 0.8870967741935484, "ote_recall": 0.779773156899811, "ote_f1": 0.8299798792756539, "ote_edit_precision": 0.8353993616658876, "ote_edit_recall": 0.9249636664480455, "ote_edit_f1": 0.8779030735980954, "ote_confusion_matrix": {"tp": 1650, "fn": 466, "fp": 210}, "aope_precision": 0.8224852071005917, "aope_recall": 0.7280663465735486, "aope_f1": 0.7724010187543412, "aope_edit_precision": 0.8435406387062525, "aope_edit_recall": 0.9210662146264884, "aope_edit_f1": 0.8806004368728044, "aope_confusion_matrix": {"tp": 1668, "fn": 623, "fp": 360}, "aste_precision": 0.814299900695134, "aste_recall": 0.7158446093408992, "aste_f1": 0.761904761904762, "aste_edit_precision": 0.8202648797635204, "aste_edit_recall": 0.9049923960054729, "aste_edit_f1": 0.8605481504959329, "aste_confusion_matrix": {"tp": 1640, "fn": 651, "fp": 374}, "ate_precision": 0.9020618556701031, "ate_recall": 0.7926522395571213, "ate_f1": 0.8438253415483525, "ate_edit_precision": 0.8417589222110946, "ate_edit_recall": 0.9362179711525532, "ate_edit_f1": 0.886479271236342, "ate_confusion_matrix": {"tp": 1575, "fn": 412, "fp": 171}, "uabsa_precision": 0.8708775852431526, "uabsa_recall": 0.7739692001987084, "uabsa_f1": 0.8195686480799579, "uabsa_edit_precision": 0.8182725487710467, "uabsa_edit_recall": 0.9067142696710088, "uabsa_edit_f1": 0.8602261634913442, "uabsa_confusion_matrix": {"tp": 1558, "fn": 455, "fp": 231}}, "editdistance": {"precision": 0.8573699268835435, "recall": 0.7563095905776781, "f1": 0.803675192450956, "edit_precision": 0.9183959138422311, "edit_recall": 0.8317896016851646, "edit_f1": 0.8729499411197186, "confusion_matrix": {"tp": 8091, "fn": 2607, "fp": 1346}, "ote_precision": 0.8870967741935484, "ote_recall": 0.779773156899811, "ote_f1": 0.8299798792756539, "ote_edit_precision": 0.8353993616658876, "ote_edit_recall": 0.9249636664480455, "ote_edit_f1": 0.8779030735980954, "ote_confusion_matrix": {"tp": 1650, "fn": 466, "fp": 210}, "aope_precision": 0.8224852071005917, "aope_recall": 0.7280663465735486, "aope_f1": 0.7724010187543412, "aope_edit_precision": 0.8434971195526285, "aope_edit_recall": 0.9211068225856484, "aope_edit_f1": 0.880595280445526, "aope_confusion_matrix": {"tp": 1668, "fn": 623, "fp": 360}, "aste_precision": 0.814299900695134, "aste_recall": 0.7158446093408992, "aste_f1": 0.761904761904762, "aste_edit_precision": 0.8202003155266514, "aste_edit_recall": 0.9048724026257972, "aste_edit_f1": 0.8604583706360026, "aste_confusion_matrix": {"tp": 1640, "fn": 651, "fp": 374}, "ate_precision": 0.9020618556701031, "ate_recall": 0.7926522395571213, "ate_f1": 0.8438253415483525, "ate_edit_precision": 0.8416519770676623, "ate_edit_recall": 0.9360246721834812, "ate_edit_f1": 0.8863333118080902, "ate_confusion_matrix": {"tp": 1575, "fn": 412, "fp": 171}, "uabsa_precision": 0.8708775852431526, "uabsa_recall": 0.7739692001987084, "uabsa_f1": 0.8195686480799579, "uabsa_edit_precision": 0.8181255873535934, "uabsa_edit_recall": 0.9065137432148515, "uabsa_edit_f1": 0.860054708792137, "uabsa_confusion_matrix": {"tp": 1558, "fn": 455, "fp": 231}}, "cut": {"precision": 0.8580057221574653, "recall": 0.7568704430734716, "f1": 0.8042711696051651, "edit_precision": 0.9184466891592462, "edit_recall": 0.8319358239429963, "edit_f1": 0.8730534010411276, "confusion_matrix": {"tp": 8097, "fn": 2601, "fp": 1340}, "ote_precision": 0.8876344086021506, "ote_recall": 0.7802457466918714, "ote_f1": 0.8304828973843059, "ote_edit_precision": 0.835525385610437, "ote_edit_recall": 0.9251070356236728, "ote_edit_f1": 0.8780372363342034, "ote_confusion_matrix": {"tp": 1651, "fn": 465, "fp": 209}, "aope_precision": 0.8229783037475346, "aope_recall": 0.7285028371890004, "aope_f1": 0.7728640889094698, "aope_edit_precision": 0.8435042644882982, "aope_edit_recall": 0.920835075573234, "aope_edit_f1": 0.8804749692985233, "aope_confusion_matrix": {"tp": 1669, "fn": 622, "fp": 359}, "aste_precision": 0.8147964250248262, "aste_recall": 0.7162810999563509, "aste_f1": 0.762369337979094, "aste_edit_precision": 0.8202466926545431, "aste_edit_recall": 0.904925158335827, "aste_edit_f1": 0.8605077433865389, "aste_confusion_matrix": {"tp": 1641, "fn": 650, "fp": 373}, "ate_precision": 0.9026345933562429, "ate_recall": 0.7931555108203322, "ate_f1": 0.8443611036699705, "ate_edit_precision": 0.8418847400268974, "ate_edit_recall": 0.9361463789417858, "ate_edit_f1": 0.886516937138498, "ate_confusion_matrix": {"tp": 1576, "fn": 411, "fp": 170}, "uabsa_precision": 0.8719955282280604, "uabsa_recall": 0.7749627421758569, "uabsa_f1": 0.8206207259337192, "uabsa_edit_precision": 0.8184795366829526, "uabsa_edit_recall": 0.9067624033273033, "uabsa_edit_f1": 0.8603621956378361, "uabsa_confusion_matrix": {"tp": 1560, "fn": 453, "fp": 229}}, "remove": {"precision": 0.8594646271510517, "recall": 0.7563095905776781, "f1": 0.8045942720763724, "edit_precision": 0.9191869830610772, "edit_recall": 0.8313613505255367, "edit_f1": 0.8730710451821304, "confusion_matrix": {"tp": 8091, "fn": 2607, "fp": 1323}, "ote_precision": 0.8875739644970414, "ote_recall": 0.779773156899811, "ote_f1": 0.830188679245283, "ote_edit_precision": 0.835249708231735, "ote_edit_recall": 0.9250667489295489, "ote_edit_f1": 0.8778668505824149, "ote_confusion_matrix": {"tp": 1650, "fn": 466, "fp": 209}, "aope_precision": 0.8253339930727362, "aope_recall": 0.7280663465735486, "aope_f1": 0.7736549165120593, "aope_edit_precision": 0.8429025997717787, "aope_edit_recall": 0.9217654475690392, "aope_edit_f1": 0.8805718370733133, "aope_confusion_matrix": {"tp": 1668, "fn": 623, "fp": 353}, "aste_precision": 0.8159203980099502, "aste_recall": 0.7158446093408992, "aste_f1": 0.7626133457335503, "aste_edit_precision": 0.8196450279380237, "aste_edit_recall": 0.9052386495298619, "aste_edit_f1": 0.8603181395671788, "aste_confusion_matrix": {"tp": 1640, "fn": 651, "fp": 370}, "ate_precision": 0.9041331802525833, "ate_recall": 0.7926522395571213, "ate_f1": 0.84473049074819, "ate_edit_precision": 0.8414303979142764, "ate_edit_recall": 0.9371239442971823, "ate_edit_f1": 0.8867028177103894, "ate_confusion_matrix": {"tp": 1575, "fn": 412, "fp": 167}, "uabsa_precision": 0.8742985409652076, "uabsa_recall": 0.7739692001987084, "uabsa_f1": 0.8210803689064559, "uabsa_edit_precision": 0.8175342918852487, "uabsa_edit_recall": 0.9083275006841819, "uabsa_edit_f1": 0.8605426961404459, "uabsa_confusion_matrix": {"tp": 1558, "fn": 455, "fp": 224}}}