{"raw": {"precision": 0.6391129032258065, "recall": 0.6536082474226804, "f1": 0.6462793068297656, "edit_precision": 0.7869008230950875, "edit_recall": 0.7953818794621542, "edit_f1": 0.791118621991059, "confusion_matrix": {"tp": 317, "fn": 168, "fp": 179}, "aste_precision": 0.6391129032258065, "aste_recall": 0.6536082474226804, "aste_f1": 0.6462793068297656, "aste_edit_precision": 0.7953818794621542, "aste_edit_recall": 0.7869008230950875, "aste_edit_f1": 0.791118621991059, "aste_confusion_matrix": {"tp": 317, "fn": 168, "fp": 179}}, "editdistance": {"precision": 0.6491935483870968, "recall": 0.6639175257731958, "f1": 0.6564729867482161, "edit_precision": 0.7883288089132172, "edit_recall": 0.7967875712105172, "edit_f1": 0.7925356205330619, "confusion_matrix": {"tp": 322, "fn": 163, "fp": 174}, "aste_precision": 0.6491935483870968, "aste_recall": 0.6639175257731958, "aste_f1": 0.6564729867482161, "aste_edit_precision": 0.7967875712105172, "aste_edit_recall": 0.7883288089132172, "aste_edit_f1": 0.7925356205330619, "aste_confusion_matrix": {"tp": 322, "fn": 163, "fp": 174}}, "cut": {"precision": 0.6391129032258065, "recall": 0.6536082474226804, "f1": 0.6462793068297656, "edit_precision": 0.7863095163416921, "edit_recall": 0.7946721944300033, "edit_f1": 0.7904687379937451, "confusion_matrix": {"tp": 317, "fn": 168, "fp": 179}, "aste_precision": 0.6391129032258065, "aste_recall": 0.6536082474226804, "aste_f1": 0.6462793068297656, "aste_edit_precision": 0.7946721944300033, "aste_edit_recall": 0.7863095163416921, "aste_edit_f1": 0.7904687379937451, "aste_confusion_matrix": {"tp": 317, "fn": 168, "fp": 179}}, "remove": {"precision": 0.6716101694915254, "recall": 0.6536082474226804, "f1": 0.6624869383490073, "edit_precision": 0.8027224908930111, "edit_recall": 0.774112424263071, "edit_f1": 0.788157907290087, "confusion_matrix": {"tp": 317, "fn": 168, "fp": 155}, "aste_precision": 0.6716101694915254, "aste_recall": 0.6536082474226804, "aste_f1": 0.6624869383490073, "aste_edit_precision": 0.774112424263071, "aste_edit_recall": 0.8027224908930111, "aste_edit_f1": 0.788157907290087, "aste_confusion_matrix": {"tp": 317, "fn": 168, "fp": 155}}}