{"raw": {"precision": 0.8417818740399385, "recall": 0.7175905718027062, "f1": 0.7747408105560791, "edit_precision": 0.9226509004080375, "edit_recall": 0.8249169341227364, "edit_f1": 0.8710509966951188, "confusion_matrix": {"tp": 1644, "fn": 647, "fp": 309}, "aste_precision": 0.8417818740399385, "aste_recall": 0.7175905718027062, "aste_f1": 0.7747408105560791, "aste_edit_precision": 0.8249169341227364, "aste_edit_recall": 0.9226509004080375, "aste_edit_f1": 0.8710509966951188, "aste_confusion_matrix": {"tp": 1644, "fn": 647, "fp": 309}}, "editdistance": {"precision": 0.8469022017409115, "recall": 0.7219554779572239, "f1": 0.7794533459000942, "edit_precision": 0.922753332503979, "edit_recall": 0.824823789747519, "edit_f1": 0.8710447064419186, "confusion_matrix": {"tp": 1654, "fn": 637, "fp": 299}, "aste_precision": 0.8469022017409115, "aste_recall": 0.7219554779572239, "aste_f1": 0.7794533459000942, "aste_edit_precision": 0.824823789747519, "aste_edit_recall": 0.922753332503979, "aste_edit_f1": 0.8710447064419186, "aste_confusion_matrix": {"tp": 1654, "fn": 637, "fp": 299}}, "cut": {"precision": 0.8428059395801332, "recall": 0.7184635530336098, "f1": 0.7756833176248822, "edit_precision": 0.9215431025086902, "edit_recall": 0.8239946916082446, "edit_f1": 0.870043177655177, "confusion_matrix": {"tp": 1646, "fn": 645, "fp": 307}, "aste_precision": 0.8428059395801332, "aste_recall": 0.7184635530336098, "aste_f1": 0.7756833176248822, "aste_edit_precision": 0.8239946916082446, "aste_edit_recall": 0.9215431025086902, "aste_edit_f1": 0.870043177655177, "aste_confusion_matrix": {"tp": 1646, "fn": 645, "fp": 307}}, "remove": {"precision": 0.8553590010405827, "recall": 0.7175905718027062, "f1": 0.7804414906242582, "edit_precision": 0.9262152399950468, "edit_recall": 0.8169612369772862, "edit_f1": 0.8681644780886717, "confusion_matrix": {"tp": 1644, "fn": 647, "fp": 278}, "aste_precision": 0.8553590010405827, "aste_recall": 0.7175905718027062, "aste_f1": 0.7804414906242582, "aste_edit_precision": 0.8169612369772862, "aste_edit_recall": 0.9262152399950468, "aste_edit_f1": 0.8681644780886717, "aste_confusion_matrix": {"tp": 1644, "fn": 647, "fp": 278}}}